disp_id,client_id,account_id,has_disponent
1,1,1,False
2,2,2,True
4,4,3,True
6,6,4,False
7,7,5,False
8,8,6,False
9,9,7,False
10,10,8,True
12,12,9,False
13,13,10,False
14,14,11,False
15,15,12,True
17,17,13,True
19,19,14,False
20,20,15,False
21,21,16,False
22,22,17,True
24,24,18,False
25,25,19,False
26,26,20,False
27,27,21,False
28,28,22,False
29,29,23,False
30,30,24,False
31,31,25,False
32,32,26,False
33,33,27,False
36,36,29,True
38,38,30,False
39,39,31,False
40,40,32,False
41,41,33,False
42,42,34,False
43,43,35,False
44,44,36,False
45,45,37,False
46,46,38,False
47,47,39,False
48,48,40,False
49,49,41,False
50,50,42,False
51,51,43,False
52,52,44,False
53,53,45,False
55,55,47,False
56,56,48,True
58,58,49,False
59,59,50,False
60,60,51,False
61,61,52,False
62,62,53,False
63,63,54,False
64,64,55,False
65,65,56,False
66,66,57,False
67,67,58,False
68,68,59,False
70,70,61,True
72,72,62,False
73,73,63,True
75,75,64,False
76,76,65,False
77,77,66,False
78,78,67,False
79,79,68,False
80,80,69,False
81,81,70,True
83,83,71,True
85,85,72,True
87,87,73,False
89,89,75,False
90,90,76,False
91,91,77,False
92,92,78,False
93,93,79,False
94,94,80,True
96,96,81,False
97,97,82,False
98,98,83,True
100,100,84,False
101,101,85,False
102,102,86,True
105,105,88,False
106,106,89,False
107,107,90,False
108,108,91,False
110,110,93,False
112,112,95,True
114,114,96,True
116,116,97,True
118,118,98,True
120,120,99,False
121,121,100,False
122,122,101,False
123,123,102,False
124,124,103,False
125,125,104,True
127,127,105,False
128,128,106,False
129,129,107,False
130,130,108,False
131,131,109,False
132,132,110,False
134,134,112,True
136,136,113,False
137,137,114,False
138,138,115,False
139,139,116,True
141,141,117,False
142,142,118,False
143,143,119,False
144,144,120,False
145,145,121,False
146,146,122,False
147,147,123,True
149,149,124,False
150,150,125,False
151,151,126,False
152,152,127,False
153,153,128,False
154,154,129,True
156,156,130,False
157,157,131,False
158,158,132,True
160,160,133,False
161,161,134,False
162,162,135,False
163,163,136,False
164,164,137,False
165,165,138,True
167,167,139,False
168,168,140,False
169,169,141,True
171,171,142,True
173,173,143,False
174,174,144,False
175,175,145,False
176,176,146,False
178,178,148,False
179,179,149,False
180,180,150,False
181,181,151,True
183,183,152,True
185,185,153,False
186,186,154,False
187,187,155,False
188,188,156,False
189,189,157,False
190,190,158,True
192,192,159,False
193,193,160,False
194,194,161,False
195,195,162,True
197,197,163,False
198,198,164,False
199,199,165,True
201,201,166,False
202,202,167,False
203,203,168,True
205,205,169,False
206,206,170,False
207,207,171,False
208,208,172,True
210,210,173,True
212,212,174,False
215,215,176,False
216,216,177,False
217,217,178,False
218,218,179,False
219,219,180,False
221,221,181,False
222,222,182,False
223,223,183,False
224,224,184,False
225,225,185,False
226,226,186,False
227,227,187,False
228,228,188,False
229,229,189,False
230,230,190,False
231,231,191,False
232,232,192,False
233,233,193,True
235,235,194,False
236,236,195,True
238,238,196,False
239,239,197,False
240,240,198,False
241,241,199,False
242,242,200,False
243,243,201,False
246,246,204,False
247,247,205,False
248,248,206,True
250,250,207,False
251,251,208,False
252,252,209,False
253,253,210,False
254,254,211,False
255,255,212,False
256,256,213,False
257,257,214,True
259,259,215,True
261,261,216,False
262,262,217,False
263,263,218,False
264,264,219,False
265,265,220,False
266,266,221,False
267,267,222,False
268,268,223,False
269,269,224,False
270,270,225,True
272,272,226,False
273,273,227,False
274,274,228,False
275,275,229,False
276,276,230,True
278,278,231,True
280,280,232,False
282,282,234,True
284,284,235,False
285,285,236,True
287,287,237,False
288,288,238,False
289,289,239,False
290,290,240,True
292,292,241,False
293,293,242,False
294,294,243,False
295,295,244,False
296,296,245,False
297,297,246,True
300,300,248,False
301,301,249,False
302,302,250,False
303,303,251,False
304,304,252,False
305,305,253,False
308,308,255,False
309,309,256,False
310,310,257,False
311,311,258,False
312,312,259,False
313,313,260,True
315,315,261,False
316,316,262,False
317,317,263,False
318,318,264,False
319,319,265,True
321,321,266,False
322,322,267,True
324,324,268,False
325,325,269,False
326,326,270,True
328,328,271,False
329,329,272,False
330,330,273,False
331,331,274,False
332,332,275,False
333,333,276,False
334,334,277,False
335,335,278,False
336,336,279,True
338,338,280,False
339,339,281,True
341,341,282,True
343,343,283,False
344,344,284,False
345,345,285,True
347,347,286,True
349,349,287,False
350,350,288,False
351,351,289,False
352,352,290,False
353,353,291,False
354,354,292,True
356,356,293,True
358,358,294,False
359,359,295,False
360,360,296,False
361,361,297,False
362,362,298,True
364,364,299,False
365,365,300,True
367,367,301,True
369,369,302,False
370,370,303,False
371,371,304,False
372,372,305,False
373,373,306,False
374,374,307,False
375,375,308,False
376,376,309,False
378,378,311,True
380,380,312,False
381,381,313,True
383,383,314,True
385,385,315,False
386,386,316,False
387,387,317,False
388,388,318,False
389,389,319,False
390,390,320,False
391,391,321,False
392,392,322,True
394,394,323,True
396,396,324,False
397,397,325,False
398,398,326,False
399,399,327,False
400,400,328,True
402,402,329,False
403,403,330,True
405,405,331,False
406,406,332,False
407,407,333,False
408,408,334,False
409,409,335,False
410,410,336,False
411,411,337,True
413,413,338,False
414,414,339,True
416,416,340,True
418,418,341,False
419,419,342,False
420,420,343,False
421,421,344,False
422,422,345,False
423,423,346,False
424,424,347,False
425,425,348,False
426,426,349,True
428,428,350,False
429,429,351,False
430,430,352,False
431,431,353,False
432,432,354,False
433,433,355,False
434,434,356,False
435,435,357,False
436,436,358,False
437,437,359,False
438,438,360,False
439,439,361,False
440,440,362,False
441,441,363,False
442,442,364,True
444,444,365,False
445,445,366,True
447,447,367,False
448,448,368,False
450,450,370,False
451,451,371,False
452,452,372,False
453,453,373,False
454,454,374,False
455,455,375,False
456,456,376,False
457,457,377,False
458,458,378,False
459,459,379,False
461,461,381,False
462,462,382,False
463,463,383,False
464,464,384,False
465,465,385,False
466,466,386,True
468,468,387,False
469,469,388,False
470,470,389,False
471,471,390,False
472,472,391,False
473,473,392,False
474,474,393,False
476,476,395,True
478,478,396,False
479,479,397,True
481,481,398,True
483,483,399,False
484,484,400,False
485,485,401,False
486,486,402,False
487,487,403,True
489,489,404,False
490,490,405,False
491,491,406,False
492,492,407,False
493,493,408,False
494,494,409,False
495,495,410,False
496,496,411,False
497,497,412,True
499,499,413,False
500,500,414,False
501,501,415,False
502,502,416,False
503,503,417,False
504,504,418,False
505,505,419,False
506,506,420,False
507,507,421,False
508,508,422,False
509,509,423,False
510,510,424,False
511,511,425,False
512,512,426,False
513,513,427,True
515,515,428,True
517,517,429,False
518,518,430,False
519,519,431,False
520,520,432,False
521,521,433,False
522,522,434,False
523,523,435,False
524,524,436,True
526,526,437,True
528,528,438,False
529,529,439,False
530,530,440,False
531,531,441,True
533,533,442,False
534,534,443,False
535,535,444,False
536,536,445,False
537,537,446,False
538,538,447,False
540,540,449,True
542,542,450,False
543,543,451,False
544,544,452,False
545,545,453,False
546,546,454,False
547,547,455,False
548,548,456,False
550,550,458,False
551,551,459,False
552,552,460,True
554,554,461,True
556,556,462,False
557,557,463,False
558,558,464,False
559,559,465,False
560,560,466,False
561,561,467,False
562,562,468,False
563,563,469,True
565,565,470,False
566,566,471,True
568,568,472,False
569,569,473,False
570,570,474,False
571,571,475,True
573,573,476,False
574,574,477,False
575,575,478,True
577,577,479,False
578,578,480,False
579,579,481,False
581,581,483,False
582,582,484,False
583,583,485,False
584,584,486,False
585,585,487,True
587,587,488,False
588,588,489,False
589,589,490,False
590,590,491,False
591,591,492,False
592,592,493,False
593,593,494,False
596,596,496,False
597,597,497,False
598,598,498,True
601,601,500,True
603,603,501,False
604,604,502,False
605,605,503,False
606,606,504,False
607,607,505,False
608,608,506,False
609,609,507,False
610,610,508,False
611,611,509,True
613,613,510,False
614,614,511,False
615,615,512,False
616,616,513,False
617,617,514,False
618,618,515,False
619,619,516,True
621,621,517,False
622,622,518,False
623,623,519,True
625,625,520,False
626,626,521,False
627,627,522,True
629,629,523,False
630,630,524,False
631,631,525,False
632,632,526,True
635,635,528,True
637,637,529,False
638,638,530,False
639,639,531,False
640,640,532,False
641,641,533,True
643,643,534,False
644,644,535,False
645,645,536,False
646,646,537,True
648,648,538,False
649,649,539,False
651,651,540,False
652,652,541,False
653,653,542,False
654,654,543,False
655,655,544,False
656,656,545,False
657,657,546,True
659,659,547,False
660,660,548,True
662,662,549,False
663,663,550,False
664,664,551,False
665,665,552,False
666,666,553,False
667,667,554,False
668,668,555,False
669,669,556,False
670,670,557,False
671,671,558,False
672,672,559,False
673,673,560,False
674,674,561,False
675,675,562,False
676,676,563,False
677,677,564,False
678,678,565,False
679,679,566,True
681,681,567,False
682,682,568,False
683,683,569,False
684,684,570,False
685,685,571,False
686,686,572,True
688,688,573,False
689,689,574,False
690,690,575,True
692,692,576,True
694,694,577,False
695,695,578,True
697,697,579,False
698,698,580,False
699,699,581,False
700,700,582,False
702,702,584,False
703,703,585,False
704,704,586,False
705,705,587,False
706,706,588,False
707,707,589,False
708,708,590,False
709,709,591,False
710,710,592,False
711,711,593,False
712,712,594,False
713,713,595,False
714,714,596,False
715,715,597,False
716,716,598,False
717,717,599,True
719,719,600,False
720,720,601,False
721,721,602,False
722,722,603,False
723,723,604,False
724,724,605,False
725,725,606,False
726,726,607,False
727,727,608,True
729,729,609,True
731,731,610,True
733,733,611,True
735,735,612,True
737,737,613,False
738,738,614,False
739,739,615,False
740,740,616,False
741,741,617,False
742,742,618,False
743,743,619,False
744,744,620,False
745,745,621,True
747,747,622,False
748,748,623,True
750,750,624,False
751,751,625,False
752,752,626,True
754,754,627,False
755,755,628,False
756,756,629,False
757,757,630,False
758,758,631,False
759,759,632,False
760,760,633,False
762,762,635,False
763,763,636,False
764,764,637,False
765,765,638,False
766,766,639,True
768,768,640,False
769,769,641,False
772,772,643,False
773,773,644,False
774,774,645,False
775,775,646,False
776,776,647,True
778,778,648,False
779,779,649,False
780,780,650,False
781,781,651,False
782,782,652,False
783,783,653,True
785,785,654,False
786,786,655,False
787,787,656,False
788,788,657,False
789,789,658,False
790,790,659,False
791,791,660,False
793,793,662,True
796,796,664,False
797,797,665,False
798,798,666,True
803,803,669,True
806,806,671,False
807,807,672,False
808,808,673,False
809,809,674,False
810,810,675,True
812,812,676,False
813,813,677,False
814,814,678,False
815,815,679,False
816,816,680,False
818,818,682,False
819,819,683,True
821,821,684,False
822,822,685,False
823,823,686,False
824,824,687,False
825,825,688,False
826,826,689,False
827,827,690,True
829,829,691,False
830,830,692,False
831,831,693,False
832,832,694,False
833,833,695,False
834,834,696,False
835,835,697,True
837,837,698,True
839,839,699,False
840,840,700,False
841,841,701,False
842,842,702,False
843,843,703,False
844,844,704,True
846,846,705,False
847,847,706,False
849,849,708,False
850,850,709,False
851,851,710,True
853,853,711,False
854,854,712,False
855,855,713,False
856,856,714,False
857,857,715,False
858,858,716,False
859,859,717,True
861,861,718,False
862,862,719,False
863,863,720,False
864,864,721,True
866,866,722,False
870,870,725,False
871,871,726,False
872,872,727,False
873,873,728,False
874,874,729,True
876,876,730,False
877,877,731,True
879,879,732,False
880,880,733,False
881,881,734,False
882,882,735,False
883,883,736,True
885,885,737,False
886,886,738,False
887,887,739,False
888,888,740,False
889,889,741,False
890,890,742,False
891,891,743,False
892,892,744,False
893,893,745,False
894,894,746,False
895,895,747,False
896,896,748,True
898,898,749,True
900,900,750,False
901,901,751,False
902,902,752,False
903,903,753,False
904,904,754,False
905,905,755,False
906,906,756,False
907,907,757,False
908,908,758,False
909,909,759,False
910,910,760,False
911,911,761,False
912,912,762,False
913,913,763,False
914,914,764,False
915,915,765,False
916,916,766,False
917,917,767,False
918,918,768,False
921,921,770,False
922,922,771,True
924,924,772,False
925,925,773,False
926,926,774,False
927,927,775,False
928,928,776,False
929,929,777,False
930,930,778,False
931,931,779,False
932,932,780,False
933,933,781,True
935,935,782,True
937,937,783,False
938,938,784,False
939,939,785,False
940,940,786,False
941,941,787,False
942,942,788,True
944,944,789,True
946,946,790,False
948,948,791,False
949,949,792,False
950,950,793,True
952,952,794,False
953,953,795,False
954,954,796,False
955,955,797,False
956,956,798,False
957,957,799,True
959,959,800,False
960,960,801,False
961,961,802,False
962,962,803,False
963,963,804,False
964,964,805,False
965,965,806,True
967,967,807,False
968,968,808,False
970,970,809,False
971,971,810,True
973,973,811,True
975,975,812,False
976,976,813,False
977,977,814,False
978,978,815,True
980,980,816,False
981,981,817,False
984,984,819,True
986,986,820,False
987,987,821,False
988,988,822,True
990,990,823,False
991,991,824,False
992,992,825,False
993,993,826,False
994,994,827,True
996,996,828,False
997,997,829,True
999,999,830,True
1001,1001,831,False
1002,1002,832,False
1003,1003,833,False
1004,1004,834,False
1006,1006,836,True
1008,1008,837,False
1009,1009,838,True
1011,1011,839,False
1012,1012,840,True
1014,1014,841,False
1015,1015,842,True
1017,1017,843,False
1018,1018,844,False
1019,1019,845,False
1020,1020,846,False
1021,1021,847,False
1022,1022,848,False
1023,1023,849,False
1024,1024,850,False
1025,1025,851,False
1026,1026,852,False
1027,1027,853,True
1029,1029,854,False
1030,1030,855,False
1031,1031,856,False
1032,1032,857,True
1034,1034,858,False
1035,1035,859,True
1037,1037,860,False
1038,1038,861,False
1039,1039,862,False
1040,1040,863,False
1041,1041,864,False
1042,1042,865,True
1044,1044,866,False
1045,1045,867,False
1046,1046,868,False
1047,1047,869,False
1048,1048,870,False
1049,1049,871,False
1050,1050,872,False
1051,1051,873,False
1052,1052,874,True
1054,1054,875,False
1055,1055,876,False
1056,1056,877,False
1057,1057,878,False
1058,1058,879,False
1059,1059,880,True
1062,1062,882,True
1064,1064,883,False
1065,1065,884,False
1066,1066,885,False
1067,1067,886,False
1068,1068,887,False
1069,1069,888,True
1071,1071,889,False
1072,1072,890,False
1073,1073,891,True
1075,1075,892,False
1076,1076,893,False
1077,1077,894,False
1078,1078,895,False
1079,1079,896,False
1080,1080,897,False
1081,1081,898,False
1082,1082,899,False
1083,1083,900,True
1085,1085,901,False
1086,1086,902,True
1088,1088,903,False
1089,1089,904,False
1090,1090,905,False
1091,1091,906,False
1092,1092,907,False
1093,1093,908,False
1094,1094,909,True
1096,1096,910,True
1098,1098,911,False
1099,1099,912,False
1100,1100,913,False
1101,1101,914,False
1102,1102,915,False
1103,1103,916,True
1105,1105,917,True
1107,1107,918,False
1108,1108,919,False
1109,1109,920,False
1110,1110,921,False
1111,1111,922,False
1112,1112,923,False
1113,1113,924,False
1114,1114,925,False
1115,1115,926,False
1116,1116,927,False
1117,1117,928,True
1119,1119,929,False
1120,1120,930,False
1121,1121,931,False
1122,1122,932,True
1124,1124,933,False
1125,1125,934,True
1127,1127,935,False
1128,1128,936,False
1129,1129,937,False
1130,1130,938,False
1131,1131,939,True
1133,1133,940,True
1135,1135,941,False
1136,1136,942,False
1137,1137,943,False
1138,1138,944,True
1140,1140,945,False
1141,1141,946,False
1142,1142,947,True
1145,1145,949,False
1146,1146,950,False
1147,1147,951,False
1148,1148,952,False
1149,1149,953,False
1150,1150,954,False
1151,1151,955,False
1152,1152,956,False
1153,1153,957,False
1154,1154,958,True
1156,1156,959,False
1157,1157,960,False
1158,1158,961,False
1159,1159,962,True
1161,1161,963,False
1162,1162,964,False
1163,1163,965,False
1164,1164,966,False
1165,1165,967,False
1166,1166,968,True
1168,1168,969,False
1169,1169,970,False
1170,1170,971,False
1171,1171,972,False
1172,1172,973,True
1174,1174,974,False
1175,1175,975,True
1177,1177,976,False
1178,1178,977,False
1179,1179,978,False
1180,1180,979,False
1181,1181,980,False
1182,1182,981,False
1183,1183,982,False
1186,1186,984,False
1187,1187,985,True
1189,1189,986,False
1190,1190,987,True
1192,1192,988,False
1193,1193,989,False
1194,1194,990,False
1195,1195,991,False
1196,1196,992,False
1197,1197,993,False
1198,1198,994,False
1199,1199,995,False
1200,1200,996,False
1201,1201,997,False
1202,1202,998,False
1204,1204,1000,False
1206,1206,1002,False
1207,1207,1003,False
1208,1208,1004,False
1209,1209,1005,False
1210,1210,1006,False
1211,1211,1007,False
1212,1212,1008,False
1213,1213,1009,False
1214,1214,1010,False
1215,1215,1011,False
1216,1216,1012,False
1217,1217,1013,False
1218,1218,1014,False
1219,1219,1015,False
1220,1220,1016,False
1221,1221,1017,False
1222,1222,1018,False
1223,1223,1019,False
1224,1224,1020,False
1225,1225,1021,False
1226,1226,1022,True
1228,1228,1023,False
1229,1229,1024,False
1231,1231,1026,True
1233,1233,1027,False
1234,1234,1028,True
1236,1236,1029,False
1237,1237,1030,False
1238,1238,1031,False
1239,1239,1032,False
1240,1240,1033,False
1241,1241,1034,False
1242,1242,1035,False
1243,1243,1036,False
1244,1244,1037,False
1245,1245,1038,False
1246,1246,1039,True
1248,1248,1040,False
1250,1250,1042,False
1251,1251,1043,True
1253,1253,1044,False
1254,1254,1045,False
1255,1255,1046,False
1256,1256,1047,False
1257,1257,1048,True
1259,1259,1049,False
1260,1260,1050,True
1262,1262,1051,True
1264,1264,1052,False
1265,1265,1053,False
1266,1266,1054,False
1267,1267,1055,True
1269,1269,1056,False
1270,1270,1057,False
1271,1271,1058,False
1272,1272,1059,False
1273,1273,1060,False
1274,1274,1061,False
1275,1275,1062,False
1276,1276,1063,False
1277,1277,1064,False
1278,1278,1065,False
1279,1279,1066,False
1280,1280,1067,True
1282,1282,1068,False
1283,1283,1069,True
1285,1285,1070,False
1286,1286,1071,False
1287,1287,1072,False
1288,1288,1073,False
1289,1289,1074,False
1290,1290,1075,False
1291,1291,1076,False
1292,1292,1077,False
1293,1293,1078,True
1295,1295,1079,False
1296,1296,1080,False
1297,1297,1081,True
1299,1299,1082,False
1300,1300,1083,False
1303,1303,1085,False
1304,1304,1086,False
1305,1305,1087,False
1306,1306,1088,False
1307,1307,1089,False
1308,1308,1090,False
1309,1309,1091,False
1310,1310,1092,False
1311,1311,1093,False
1312,1312,1094,False
1313,1313,1095,True
1315,1315,1096,False
1316,1316,1097,True
1318,1318,1098,False
1321,1321,1100,False
1322,1322,1101,False
1323,1323,1102,False
1324,1324,1103,False
1325,1325,1104,False
1326,1326,1105,False
1327,1327,1106,False
1328,1328,1107,False
1329,1329,1108,False
1330,1330,1109,False
1331,1331,1110,False
1332,1332,1111,False
1333,1333,1112,False
1334,1334,1113,False
1335,1335,1114,True
1337,1337,1115,True
1339,1339,1116,False
1340,1340,1117,False
1341,1341,1118,False
1343,1343,1120,True
1345,1345,1121,False
1346,1346,1122,False
1347,1347,1123,True
1349,1349,1124,False
1350,1350,1125,True
1352,1352,1126,False
1353,1353,1127,False
1354,1354,1128,False
1355,1355,1129,False
1356,1356,1130,False
1359,1359,1132,True
1361,1361,1133,True
1363,1363,1134,False
1364,1364,1135,True
1366,1366,1136,False
1367,1367,1137,True
1369,1369,1138,False
1370,1370,1139,False
1371,1371,1140,False
1372,1372,1141,False
1373,1373,1142,False
1375,1375,1144,False
1376,1376,1145,True
1378,1378,1146,True
1380,1380,1147,False
1382,1382,1149,False
1383,1383,1150,False
1384,1384,1151,False
1385,1385,1152,True
1387,1387,1153,False
1388,1388,1154,False
1389,1389,1155,False
1390,1390,1156,False
1391,1391,1157,False
1392,1392,1158,True
1394,1394,1159,True
1396,1396,1160,False
1397,1397,1161,False
1401,1401,1164,False
1402,1402,1165,True
1404,1404,1166,False
1406,1406,1168,True
1408,1408,1169,False
1409,1409,1170,False
1410,1410,1171,True
1412,1412,1172,False
1413,1413,1173,False
1414,1414,1174,False
1416,1416,1176,False
1417,1417,1177,False
1418,1418,1178,False
1419,1419,1179,True
1421,1421,1180,False
1422,1422,1181,True
1424,1424,1182,False
1425,1425,1183,True
1427,1427,1184,False
1428,1428,1185,True
1430,1430,1186,False
1431,1431,1187,False
1432,1432,1188,False
1433,1433,1189,True
1435,1435,1190,False
1438,1438,1192,False
1439,1439,1193,False
1440,1440,1194,False
1441,1441,1195,True
1443,1443,1196,True
1445,1445,1197,False
1446,1446,1198,True
1448,1448,1199,False
1449,1449,1200,False
1450,1450,1201,False
1452,1452,1203,False
1453,1453,1204,False
1454,1454,1205,True
1456,1456,1206,True
1458,1458,1207,False
1459,1459,1208,False
1460,1460,1209,False
1461,1461,1210,False
1462,1462,1211,False
1463,1463,1212,False
1464,1464,1213,True
1466,1466,1214,False
1467,1467,1215,False
1468,1468,1216,False
1469,1469,1217,False
1470,1470,1218,True
1472,1472,1219,False
1473,1473,1220,False
1474,1474,1221,False
1475,1475,1222,False
1476,1476,1223,False
1478,1478,1225,False
1479,1479,1226,False
1480,1480,1227,False
1481,1481,1228,False
1482,1482,1229,False
1483,1483,1230,True
1485,1485,1231,True
1487,1487,1232,False
1488,1488,1233,False
1489,1489,1234,False
1490,1490,1235,False
1491,1491,1236,False
1492,1492,1237,False
1493,1493,1238,True
1495,1495,1239,False
1496,1496,1240,False
1497,1497,1241,True
1499,1499,1242,False
1500,1500,1243,False
1501,1501,1244,False
1502,1502,1245,False
1503,1503,1246,True
1505,1505,1247,False
1506,1506,1248,True
1508,1508,1249,False
1509,1509,1250,False
1510,1510,1251,False
1511,1511,1252,False
1512,1512,1253,False
1513,1513,1254,False
1514,1514,1255,False
1516,1516,1256,False
1517,1517,1257,False
1518,1518,1258,True
1520,1520,1259,False
1521,1521,1260,False
1522,1522,1261,False
1523,1523,1262,False
1524,1524,1263,False
1525,1525,1264,True
1527,1527,1265,False
1528,1528,1266,False
1529,1529,1267,False
1530,1530,1268,False
1531,1531,1269,True
1533,1533,1270,False
1534,1534,1271,False
1535,1535,1272,False
1536,1536,1273,False
1537,1537,1274,False
1539,1539,1275,False
1540,1540,1276,True
1542,1542,1277,True
1546,1546,1279,True
1548,1548,1280,True
1550,1550,1281,False
1554,1554,1284,False
1555,1555,1285,False
1556,1556,1286,False
1557,1557,1287,False
1558,1558,1288,False
1559,1559,1289,False
1561,1561,1291,True
1563,1563,1292,False
1564,1564,1293,False
1565,1565,1294,False
1566,1566,1295,False
1567,1567,1296,True
1569,1569,1297,True
1571,1571,1298,False
1572,1572,1299,False
1574,1574,1301,False
1575,1575,1302,True
1577,1577,1303,False
1578,1578,1304,False
1579,1579,1305,False
1580,1580,1306,False
1581,1581,1307,False
1582,1582,1308,False
1583,1583,1309,False
1584,1584,1310,False
1585,1585,1311,True
1587,1587,1312,False
1588,1588,1313,False
1589,1589,1314,False
1590,1590,1315,False
1591,1591,1316,False
1592,1592,1317,True
1594,1594,1318,False
1595,1595,1319,False
1596,1596,1320,False
1597,1597,1321,False
1598,1598,1322,False
1599,1599,1323,True
1601,1601,1324,True
1603,1603,1325,True
1605,1605,1326,False
1606,1606,1327,False
1607,1607,1328,False
1608,1608,1329,True
1610,1610,1330,False
1611,1611,1331,True
1613,1613,1332,False
1614,1614,1333,False
1615,1615,1334,False
1616,1616,1335,False
1617,1617,1336,False
1618,1618,1337,False
1619,1619,1338,True
1621,1621,1339,False
1622,1622,1340,False
1623,1623,1341,False
1624,1624,1342,True
1628,1628,1344,False
1629,1629,1345,True
1631,1631,1346,False
1632,1632,1347,False
1633,1633,1348,True
1635,1635,1349,True
1637,1637,1350,False
1638,1638,1351,False
1639,1639,1352,False
1640,1640,1353,False
1641,1641,1354,False
1642,1642,1355,False
1643,1643,1356,False
1644,1644,1357,False
1645,1645,1358,False
1646,1646,1359,False
1647,1647,1360,False
1648,1648,1361,True
1650,1650,1362,False
1651,1651,1363,False
1653,1653,1365,False
1654,1654,1366,False
1655,1655,1367,False
1656,1656,1368,False
1657,1657,1369,False
1658,1658,1370,False
1659,1659,1371,False
1660,1660,1372,False
1661,1661,1373,False
1662,1662,1374,False
1663,1663,1375,False
1664,1664,1376,True
1666,1666,1377,True
1668,1668,1378,False
1669,1669,1379,False
1670,1670,1380,False
1671,1671,1381,True
1673,1673,1382,False
1674,1674,1383,False
1675,1675,1384,False
1676,1676,1385,True
1679,1679,1387,False
1680,1680,1388,False
1681,1681,1389,False
1682,1682,1390,False
1683,1683,1391,True
1685,1685,1392,False
1686,1686,1393,True
1688,1688,1394,False
1689,1689,1395,False
1690,1690,1396,False
1691,1691,1397,False
1692,1692,1398,False
1693,1693,1399,True
1696,1696,1401,False
1697,1697,1402,True
1699,1699,1403,False
1700,1700,1404,True
1702,1702,1405,False
1703,1703,1406,True
1705,1705,1407,True
1707,1707,1408,False
1709,1709,1410,False
1710,1710,1411,False
1711,1711,1412,True
1713,1713,1413,False
1714,1714,1414,False
1717,1717,1416,False
1718,1718,1417,False
1719,1719,1418,False
1720,1720,1419,True
1722,1722,1420,False
1723,1723,1421,False
1724,1724,1422,False
1725,1725,1423,True
1727,1727,1424,True
1729,1729,1425,False
1730,1730,1426,False
1731,1731,1427,False
1733,1733,1429,False
1734,1734,1430,True
1736,1736,1431,False
1737,1737,1432,True
1741,1741,1434,False
1742,1742,1435,False
1743,1743,1436,False
1744,1744,1437,False
1745,1745,1438,False
1746,1746,1439,True
1748,1748,1440,False
1749,1749,1441,False
1750,1750,1442,False
1751,1751,1443,False
1752,1752,1444,False
1753,1753,1445,False
1754,1754,1446,False
1755,1755,1447,False
1756,1756,1448,True
1758,1758,1449,False
1759,1759,1450,False
1760,1760,1451,False
1761,1761,1452,False
1762,1762,1453,False
1763,1763,1454,False
1764,1764,1455,False
1765,1765,1456,False
1768,1768,1458,False
1769,1769,1459,True
1771,1771,1460,False
1772,1772,1461,False
1774,1774,1463,False
1775,1775,1464,False
1776,1776,1465,False
1777,1777,1466,True
1779,1779,1467,False
1780,1780,1468,False
1781,1781,1469,False
1782,1782,1470,False
1783,1783,1471,False
1784,1784,1472,False
1785,1785,1473,False
1786,1786,1474,True
1788,1788,1475,False
1789,1789,1476,False
1790,1790,1477,False
1791,1791,1478,False
1792,1792,1479,False
1793,1793,1480,False
1794,1794,1481,False
1795,1795,1482,False
1796,1796,1483,True
1798,1798,1484,False
1799,1799,1485,False
1800,1800,1486,False
1801,1801,1487,True
1803,1803,1488,False
1806,1806,1490,False
1807,1807,1491,True
1809,1809,1492,False
1810,1810,1493,False
1811,1811,1494,False
1812,1812,1495,True
1814,1814,1496,False
1815,1815,1497,False
1816,1816,1498,False
1817,1817,1499,True
1819,1819,1500,False
1820,1820,1501,False
1821,1821,1502,False
1822,1822,1503,False
1823,1823,1504,False
1824,1824,1505,False
1825,1825,1506,False
1826,1826,1507,True
1828,1828,1508,False
1829,1829,1509,False
1830,1830,1510,False
1831,1831,1511,False
1832,1832,1512,False
1833,1833,1513,False
1834,1834,1514,True
1836,1836,1515,False
1837,1837,1516,True
1839,1839,1517,True
1841,1841,1518,False
1842,1842,1519,False
1843,1843,1520,False
1844,1844,1521,True
1846,1846,1522,False
1847,1847,1523,False
1848,1848,1524,False
1849,1849,1525,False
1850,1850,1526,False
1851,1851,1527,False
1852,1852,1528,False
1853,1853,1529,False
1854,1854,1530,False
1856,1856,1532,True
1860,1860,1534,False
1861,1861,1535,False
1862,1862,1536,False
1863,1863,1537,False
1864,1864,1538,True
1866,1866,1539,False
1867,1867,1540,False
1868,1868,1541,False
1869,1869,1542,True
1871,1871,1543,False
1872,1872,1544,True
1874,1874,1545,False
1875,1875,1546,False
1876,1876,1547,False
1877,1877,1548,True
1879,1879,1549,False
1880,1880,1550,False
1881,1881,1551,True
1883,1883,1552,False
1884,1884,1553,False
1885,1885,1554,False
1886,1886,1555,False
1887,1887,1556,False
1888,1888,1557,False
1889,1889,1558,False
1890,1890,1559,False
1891,1891,1560,False
1892,1892,1561,True
1894,1894,1562,False
1895,1895,1563,False
1896,1896,1564,False
1897,1897,1565,False
1898,1898,1566,False
1899,1899,1567,False
1900,1900,1568,True
1903,1903,1570,False
1904,1904,1571,False
1905,1905,1572,False
1906,1906,1573,False
1907,1907,1574,False
1908,1908,1575,False
1909,1909,1576,False
1910,1910,1577,False
1911,1911,1578,False
1912,1912,1579,False
1913,1913,1580,False
1914,1914,1581,True
1916,1916,1582,False
1917,1917,1583,False
1919,1919,1584,False
1920,1920,1585,False
1921,1921,1586,True
1923,1923,1587,False
1924,1924,1588,False
1925,1925,1589,True
1927,1927,1590,True
1929,1929,1591,False
1930,1930,1592,False
1931,1931,1593,False
1932,1932,1594,False
1934,1934,1596,False
1935,1935,1597,False
1936,1936,1598,True
1938,1938,1599,False
1939,1939,1600,True
1941,1941,1601,True
1943,1943,1602,False
1944,1944,1603,False
1945,1945,1604,False
1946,1946,1605,False
1947,1947,1606,False
1948,1948,1607,True
1950,1950,1608,False
1951,1951,1609,False
1952,1952,1610,True
1954,1954,1611,False
1955,1955,1612,False
1956,1956,1613,False
1957,1957,1614,True
1959,1959,1615,False
1960,1960,1616,False
1961,1961,1617,False
1962,1962,1618,False
1963,1963,1619,False
1964,1964,1620,False
1965,1965,1621,False
1966,1966,1622,False
1967,1967,1623,True
1969,1969,1624,False
1970,1970,1625,False
1971,1971,1626,False
1972,1972,1627,False
1973,1973,1628,False
1974,1974,1629,True
1976,1976,1630,False
1977,1977,1631,False
1978,1978,1632,False
1979,1979,1633,False
1980,1980,1634,False
1981,1981,1635,False
1982,1982,1636,True
1984,1984,1637,False
1985,1985,1638,True
1988,1988,1640,False
1989,1989,1641,True
1991,1991,1642,False
1993,1993,1644,True
1995,1995,1645,False
1996,1996,1646,False
1997,1997,1647,False
1998,1998,1648,False
1999,1999,1649,False
2000,2000,1650,False
2001,2001,1651,False
2002,2002,1652,True
2004,2004,1653,False
2005,2005,1654,False
2006,2006,1655,True
2008,2008,1656,False
2009,2009,1657,False
2010,2010,1658,False
2011,2011,1659,True
2013,2013,1660,False
2015,2015,1662,False
2016,2016,1663,True
2018,2018,1664,False
2019,2019,1665,True
2021,2021,1666,False
2022,2022,1667,True
2024,2024,1668,False
2025,2025,1669,True
2027,2027,1670,True
2029,2029,1671,False
2030,2030,1672,False
2031,2031,1673,False
2032,2032,1674,True
2034,2034,1675,True
2037,2037,1677,False
2038,2038,1678,False
2039,2039,1679,False
2040,2040,1680,False
2041,2041,1681,False
2042,2042,1682,False
2043,2043,1683,False
2044,2044,1684,False
2045,2045,1685,True
2047,2047,1686,False
2048,2048,1687,False
2049,2049,1688,True
2051,2051,1689,True
2053,2053,1690,False
2054,2054,1691,False
2055,2055,1692,False
2056,2056,1693,False
2057,2057,1694,False
2058,2058,1695,False
2059,2059,1696,True
2061,2061,1697,True
2063,2063,1698,False
2064,2064,1699,False
2065,2065,1700,False
2066,2066,1701,False
2067,2067,1702,False
2068,2068,1703,False
2069,2069,1704,False
2070,2070,1705,False
2071,2071,1706,False
2072,2072,1707,False
2073,2073,1708,False
2074,2074,1709,False
2075,2075,1710,False
2076,2076,1711,False
2077,2077,1712,False
2078,2078,1713,False
2079,2079,1714,False
2080,2080,1715,False
2081,2081,1716,False
2082,2082,1717,False
2083,2083,1718,False
2084,2084,1719,True
2086,2086,1720,False
2087,2087,1721,False
2088,2088,1722,False
2089,2089,1723,True
2091,2091,1724,False
2092,2092,1725,False
2093,2093,1726,True
2095,2095,1727,False
2096,2096,1728,False
2097,2097,1729,True
2099,2099,1730,False
2100,2100,1731,True
2102,2102,1732,False
2103,2103,1733,False
2104,2104,1734,False
2105,2105,1735,False
2106,2106,1736,True
2108,2108,1737,False
2109,2109,1738,False
2110,2110,1739,False
2111,2111,1740,False
2112,2112,1741,False
2113,2113,1742,False
2114,2114,1743,True
2116,2116,1744,False
2117,2117,1745,False
2118,2118,1746,False
2119,2119,1747,False
2121,2121,1749,False
2122,2122,1750,False
2123,2123,1751,False
2124,2124,1752,False
2125,2125,1753,False
2126,2126,1754,False
2128,2128,1756,False
2129,2129,1757,False
2130,2130,1758,False
2131,2131,1759,True
2133,2133,1760,True
2135,2135,1761,False
2136,2136,1762,False
2137,2137,1763,False
2138,2138,1764,False
2139,2139,1765,True
2141,2141,1766,False
2142,2142,1767,True
2144,2144,1768,False
2145,2145,1769,False
2146,2146,1770,False
2147,2147,1771,False
2148,2148,1772,False
2149,2149,1773,False
2150,2150,1774,True
2152,2152,1775,False
2153,2153,1776,False
2154,2154,1777,False
2155,2155,1778,False
2156,2156,1779,False
2157,2157,1780,False
2158,2158,1781,False
2159,2159,1782,False
2160,2160,1783,False
2161,2161,1784,True
2163,2163,1785,False
2164,2164,1786,True
2166,2166,1787,False
2167,2167,1788,False
2168,2168,1789,True
2170,2170,1790,False
2171,2171,1791,False
2172,2172,1792,False
2173,2173,1793,False
2174,2174,1794,False
2175,2175,1795,False
2176,2176,1796,False
2177,2177,1797,False
2178,2178,1798,False
2179,2179,1799,False
2180,2180,1800,False
2181,2181,1801,False
2182,2182,1802,True
2184,2184,1803,False
2185,2185,1804,False
2186,2186,1805,False
2187,2187,1806,True
2189,2189,1807,False
2190,2190,1808,True
2192,2192,1809,True
2194,2194,1810,False
2195,2195,1811,False
2196,2196,1812,False
2197,2197,1813,False
2198,2198,1814,True
2200,2200,1815,False
2201,2201,1816,True
2203,2203,1817,False
2204,2204,1818,False
2205,2205,1819,False
2206,2206,1820,False
2207,2207,1821,True
2209,2209,1822,True
2211,2211,1823,False
2212,2212,1824,False
2213,2213,1825,False
2214,2214,1826,False
2215,2215,1827,False
2216,2216,1828,True
2218,2218,1829,True
2220,2220,1830,True
2222,2222,1831,False
2223,2223,1832,False
2224,2224,1833,False
2225,2225,1834,False
2226,2226,1835,False
2227,2227,1836,False
2228,2228,1837,False
2229,2229,1838,False
2230,2230,1839,False
2231,2231,1840,False
2232,2232,1841,True
2235,2235,1843,False
2236,2236,1844,False
2237,2237,1845,True
2239,2239,1846,False
2240,2240,1847,True
2242,2242,1848,True
2246,2246,1851,False
2247,2247,1852,False
2248,2248,1853,False
2249,2249,1854,False
2250,2250,1855,False
2251,2251,1856,False
2252,2252,1857,True
2254,2254,1858,False
2255,2255,1859,False
2256,2256,1860,False
2257,2257,1861,True
2259,2259,1862,False
2260,2260,1863,True
2263,2263,1865,False
2264,2264,1866,False
2265,2265,1867,False
2266,2266,1868,False
2267,2267,1869,False
2268,2268,1870,False
2269,2269,1871,False
2270,2270,1872,True
2274,2274,1874,True
2276,2276,1875,False
2277,2277,1876,False
2278,2278,1877,False
2279,2279,1878,False
2280,2280,1879,False
2281,2281,1880,False
2282,2282,1881,False
2283,2283,1882,False
2286,2286,1884,False
2287,2287,1885,False
2288,2288,1886,True
2290,2290,1887,False
2291,2291,1888,False
2292,2292,1889,False
2293,2293,1890,False
2294,2294,1891,False
2295,2295,1892,True
2297,2297,1893,True
2299,2299,1894,False
2300,2300,1895,True
2302,2302,1896,False
2303,2303,1897,True
2305,2305,1898,True
2307,2307,1899,False
2308,2308,1900,False
2309,2309,1901,False
2310,2310,1902,True
2312,2312,1903,False
2313,2313,1904,False
2314,2314,1905,True
2316,2316,1906,False
2317,2317,1907,False
2318,2318,1908,False
2319,2319,1909,False
2320,2320,1910,False
2321,2321,1911,False
2322,2322,1912,False
2323,2323,1913,False
2324,2324,1914,False
2325,2325,1915,False
2326,2326,1916,False
2327,2327,1917,False
2328,2328,1918,False
2329,2329,1919,False
2330,2330,1920,False
2331,2331,1921,False
2332,2332,1922,True
2335,2335,1924,False
2336,2336,1925,True
2338,2338,1926,True
2340,2340,1927,True
2342,2342,1928,False
2343,2343,1929,False
2344,2344,1930,False
2345,2345,1931,True
2347,2347,1932,False
2348,2348,1933,False
2349,2349,1934,True
2351,2351,1935,False
2352,2352,1936,False
2353,2353,1937,False
2354,2354,1938,False
2355,2355,1939,False
2356,2356,1940,True
2358,2358,1941,True
2361,2361,1943,True
2363,2363,1944,False
2364,2364,1945,False
2365,2365,1946,False
2366,2366,1947,True
2368,2368,1948,True
2370,2370,1949,False
2371,2371,1950,False
2372,2372,1951,False
2373,2373,1952,False
2374,2374,1953,False
2375,2375,1954,True
2377,2377,1955,False
2378,2378,1956,False
2379,2379,1957,False
2380,2380,1958,True
2382,2382,1959,False
2383,2383,1960,True
2385,2385,1961,True
2387,2387,1962,False
2388,2388,1963,False
2389,2389,1964,False
2390,2390,1965,False
2391,2391,1966,False
2392,2392,1967,False
2393,2393,1968,False
2394,2394,1969,False
2395,2395,1970,False
2396,2396,1971,False
2397,2397,1972,False
2398,2398,1973,False
2399,2399,1974,False
2400,2400,1975,False
2401,2401,1976,False
2402,2402,1977,False
2403,2403,1978,False
2404,2404,1979,True
2406,2406,1980,False
2407,2407,1981,False
2408,2408,1982,False
2409,2409,1983,False
2410,2410,1984,True
2412,2412,1985,False
2413,2413,1986,False
2414,2414,1987,True
2416,2416,1988,False
2417,2417,1989,False
2418,2418,1990,False
2419,2419,1991,False
2420,2420,1992,True
2422,2422,1993,False
2423,2423,1994,False
2424,2424,1995,False
2425,2425,1996,False
2426,2426,1997,True
2428,2428,1998,False
2429,2429,1999,False
2430,2430,2000,False
2431,2431,2001,False
2432,2432,2002,False
2433,2433,2003,False
2434,2434,2004,False
2435,2435,2005,False
2436,2436,2006,False
2437,2437,2007,False
2438,2438,2008,True
2440,2440,2009,False
2441,2441,2010,True
2443,2443,2011,False
2444,2444,2012,False
2445,2445,2013,False
2447,2447,2015,True
2449,2449,2016,False
2450,2450,2017,False
2451,2451,2018,False
2452,2452,2019,False
2453,2453,2020,False
2454,2454,2021,False
2455,2455,2022,True
2457,2457,2023,True
2459,2459,2024,False
2460,2460,2025,False
2461,2461,2026,False
2462,2462,2027,False
2463,2463,2028,False
2464,2464,2029,False
2465,2465,2030,False
2467,2467,2032,False
2468,2468,2033,False
2469,2469,2034,False
2470,2470,2035,True
2472,2472,2036,False
2473,2473,2037,False
2474,2474,2038,False
2475,2475,2039,False
2476,2476,2040,True
2478,2478,2041,False
2479,2479,2042,False
2480,2480,2043,False
2481,2481,2044,False
2482,2482,2045,True
2484,2484,2046,False
2485,2485,2047,False
2486,2486,2048,False
2487,2487,2049,False
2488,2488,2050,False
2489,2489,2051,False
2490,2490,2052,False
2491,2491,2053,True
2493,2493,2054,False
2494,2494,2055,False
2495,2495,2056,False
2496,2496,2057,False
2497,2497,2058,False
2498,2498,2059,False
2499,2499,2060,False
2500,2500,2061,False
2501,2501,2062,False
2502,2502,2063,False
2503,2503,2064,False
2504,2504,2065,False
2505,2505,2066,False
2506,2506,2067,False
2507,2507,2068,False
2508,2508,2069,True
2510,2510,2070,False
2511,2511,2071,True
2513,2513,2072,False
2514,2514,2073,False
2515,2515,2074,False
2516,2516,2075,False
2517,2517,2076,True
2519,2519,2077,False
2520,2520,2078,False
2521,2521,2079,False
2522,2522,2080,True
2524,2524,2081,False
2525,2525,2082,False
2526,2526,2083,False
2527,2527,2084,False
2528,2528,2085,False
2529,2529,2086,False
2530,2530,2087,False
2531,2531,2088,False
2532,2532,2089,False
2533,2533,2090,False
2534,2534,2091,False
2535,2535,2092,False
2536,2536,2093,False
2537,2537,2094,False
2538,2538,2095,False
2539,2539,2096,False
2540,2540,2097,False
2542,2542,2099,True
2545,2545,2101,False
2546,2546,2102,False
2547,2547,2103,False
2548,2548,2104,False
2549,2549,2105,False
2550,2550,2106,False
2551,2551,2107,False
2552,2552,2108,False
2553,2553,2109,False
2554,2554,2110,False
2555,2555,2111,False
2556,2556,2112,False
2557,2557,2113,False
2558,2558,2114,False
2559,2559,2115,False
2560,2560,2116,False
2561,2561,2117,False
2562,2562,2118,False
2563,2563,2119,False
2565,2565,2121,False
2566,2566,2122,False
2567,2567,2123,True
2569,2569,2124,True
2571,2571,2125,False
2572,2572,2126,False
2573,2573,2127,False
2574,2574,2128,False
2576,2576,2130,False
2577,2577,2131,False
2578,2578,2132,False
2579,2579,2133,True
2581,2581,2134,False
2582,2582,2135,False
2583,2583,2136,False
2584,2584,2137,False
2585,2585,2138,False
2586,2586,2139,True
2588,2588,2140,False
2589,2589,2141,False
2590,2590,2142,True
2592,2592,2143,True
2594,2594,2144,False
2596,2596,2146,False
2597,2597,2147,True
2599,2599,2148,False
2600,2600,2149,False
2601,2601,2150,True
2603,2603,2151,False
2604,2604,2152,True
2606,2606,2153,False
2607,2607,2154,False
2608,2608,2155,False
2609,2609,2156,True
2611,2611,2157,False
2612,2612,2158,False
2613,2613,2159,False
2614,2614,2160,False
2615,2615,2161,False
2616,2616,2162,True
2618,2618,2163,False
2619,2619,2164,True
2621,2621,2165,False
2622,2622,2166,False
2623,2623,2167,False
2625,2625,2169,False
2626,2626,2170,False
2628,2628,2172,True
2630,2630,2173,False
2631,2631,2174,True
2633,2633,2175,False
2635,2635,2176,False
2636,2636,2177,False
2637,2637,2178,False
2638,2638,2179,False
2639,2639,2180,True
2642,2642,2182,False
2643,2643,2183,False
2644,2644,2184,False
2645,2645,2185,False
2646,2646,2186,False
2647,2647,2187,True
2650,2650,2189,True
2652,2652,2190,False
2653,2653,2191,False
2654,2654,2192,False
2655,2655,2193,False
2656,2656,2194,False
2657,2657,2195,False
2658,2658,2196,False
2659,2659,2197,False
2661,2661,2199,False
2662,2662,2200,False
2663,2663,2201,False
2666,2666,2203,False
2667,2667,2204,True
2669,2669,2205,False
2670,2670,2206,False
2671,2671,2207,False
2672,2672,2208,False
2673,2673,2209,True
2675,2675,2210,False
2676,2676,2211,False
2677,2677,2212,True
2679,2679,2213,True
2681,2681,2214,True
2683,2683,2215,False
2684,2684,2216,False
2685,2685,2217,False
2686,2686,2218,True
2688,2688,2219,False
2689,2689,2220,False
2690,2690,2221,False
2691,2691,2222,False
2692,2692,2223,False
2693,2693,2224,False
2694,2694,2225,True
2696,2696,2226,True
2698,2698,2227,True
2700,2700,2228,False
2701,2701,2229,False
2702,2702,2230,False
2703,2703,2231,False
2704,2704,2232,False
2705,2705,2233,False
2706,2706,2234,False
2707,2707,2235,False
2708,2708,2236,False
2709,2709,2237,False
2712,2712,2239,False
2713,2713,2240,False
2714,2714,2241,False
2715,2715,2242,False
2716,2716,2243,False
2717,2717,2244,True
2719,2719,2245,False
2720,2720,2246,False
2721,2721,2247,False
2724,2724,2250,False
2726,2726,2252,True
2728,2728,2253,False
2729,2729,2254,False
2730,2730,2255,False
2731,2731,2256,False
2732,2732,2257,False
2733,2733,2258,True
2735,2735,2259,False
2736,2736,2260,False
2738,2738,2261,False
2739,2739,2262,False
2740,2740,2263,False
2741,2741,2264,False
2742,2742,2265,False
2743,2743,2266,True
2745,2745,2267,False
2746,2746,2268,False
2747,2747,2269,True
2749,2749,2270,True
2751,2751,2271,False
2752,2752,2272,False
2754,2754,2274,False
2755,2755,2275,False
2756,2756,2276,False
2758,2758,2278,False
2759,2759,2279,False
2760,2760,2280,False
2761,2761,2281,False
2762,2762,2282,False
2765,2765,2285,False
2766,2766,2286,True
2768,2768,2287,False
2769,2769,2288,False
2770,2770,2289,False
2771,2771,2290,True
2773,2773,2291,True
2775,2775,2292,False
2776,2776,2293,False
2777,2777,2294,False
2778,2778,2295,False
2779,2779,2296,True
2781,2781,2297,False
2782,2782,2298,False
2783,2783,2299,False
2784,2784,2300,False
2785,2785,2301,False
2786,2786,2302,False
2787,2787,2303,False
2788,2788,2304,False
2789,2789,2305,False
2790,2790,2306,False
2791,2791,2307,False
2794,2794,2309,True
2796,2796,2310,False
2797,2797,2311,False
2798,2798,2312,False
2799,2799,2313,False
2800,2800,2314,False
2801,2801,2315,False
2802,2802,2316,False
2803,2803,2317,True
2805,2805,2318,False
2806,2806,2319,False
2808,2808,2321,False
2809,2809,2322,False
2810,2810,2323,False
2811,2811,2324,False
2812,2812,2325,False
2813,2813,2326,False
2814,2814,2327,False
2815,2815,2328,True
2817,2817,2329,False
2818,2818,2330,False
2819,2819,2331,False
2820,2820,2332,False
2821,2821,2333,False
2822,2822,2334,False
2823,2823,2335,False
2824,2824,2336,False
2825,2825,2337,False
2826,2826,2338,False
2827,2827,2339,False
2828,2828,2340,False
2829,2829,2341,False
2830,2830,2342,False
2831,2831,2343,False
2832,2832,2344,True
2834,2834,2345,False
2835,2835,2346,False
2836,2836,2347,True
2838,2838,2348,False
2839,2839,2349,True
2841,2841,2350,False
2842,2842,2351,False
2843,2843,2352,False
2844,2844,2353,False
2845,2845,2354,False
2846,2846,2355,False
2847,2847,2356,True
2849,2849,2357,False
2850,2850,2358,False
2851,2851,2359,False
2852,2852,2360,False
2853,2853,2361,False
2854,2854,2362,True
2856,2856,2363,False
2857,2857,2364,False
2858,2858,2365,False
2859,2859,2366,False
2860,2860,2367,False
2862,2862,2369,True
2864,2864,2370,False
2865,2865,2371,True
2867,2867,2372,False
2868,2868,2373,False
2869,2869,2374,False
2870,2870,2375,False
2871,2871,2376,False
2872,2872,2377,False
2873,2873,2378,False
2874,2874,2379,False
2875,2875,2380,False
2876,2876,2381,False
2877,2877,2382,False
2878,2878,2383,False
2879,2879,2384,False
2880,2880,2385,False
2881,2881,2386,False
2882,2882,2387,False
2883,2883,2388,False
2884,2884,2389,False
2885,2885,2390,True
2887,2887,2391,False
2888,2888,2392,False
2889,2889,2393,False
2890,2890,2394,True
2892,2892,2395,False
2893,2893,2396,False
2894,2894,2397,False
2895,2895,2398,False
2896,2896,2399,False
2897,2897,2400,True
2899,2899,2401,False
2900,2900,2402,False
2901,2901,2403,False
2902,2902,2404,True
2904,2904,2405,True
2906,2906,2406,True
2908,2908,2407,False
2909,2909,2408,False
2910,2910,2409,False
2911,2911,2410,True
2913,2913,2411,False
2915,2915,2413,False
2916,2916,2414,False
2917,2917,2415,False
2918,2918,2416,True
2920,2920,2417,False
2921,2921,2418,False
2922,2922,2419,False
2923,2923,2420,False
2924,2924,2421,True
2926,2926,2422,True
2928,2928,2423,False
2929,2929,2424,False
2930,2930,2425,False
2932,2932,2427,False
2933,2933,2428,True
2935,2935,2429,False
2936,2936,2430,False
2937,2937,2431,False
2938,2938,2432,False
2939,2939,2433,False
2940,2940,2434,False
2941,2941,2435,False
2942,2942,2436,False
2943,2943,2437,False
2944,2944,2438,False
2945,2945,2439,True
2947,2947,2440,False
2948,2948,2441,False
2949,2949,2442,False
2950,2950,2443,False
2951,2951,2444,False
2952,2952,2445,False
2953,2953,2446,False
2954,2954,2447,True
2956,2956,2448,False
2957,2957,2449,False
2958,2958,2450,False
2959,2959,2451,False
2960,2960,2452,True
2962,2962,2453,True
2964,2964,2454,False
2965,2965,2455,False
2966,2966,2456,False
2967,2967,2457,False
2968,2968,2458,False
2969,2969,2459,True
2971,2971,2460,False
2972,2972,2461,False
2974,2974,2463,False
2975,2975,2464,False
2976,2976,2465,False
2977,2977,2466,False
2978,2978,2467,False
2979,2979,2468,False
2980,2980,2469,False
2981,2981,2470,False
2982,2982,2471,True
2984,2984,2472,True
2986,2986,2473,True
2988,2988,2474,False
2989,2989,2475,False
2990,2990,2476,True
2992,2992,2477,False
2994,2994,2479,False
2995,2995,2480,False
2996,2996,2481,False
2997,2997,2482,False
2998,2998,2483,False
2999,2999,2484,False
3000,3000,2485,False
3001,3001,2486,False
3002,3002,2487,False
3003,3003,2488,True
3005,3005,2489,False
3006,3006,2490,False
3007,3007,2491,False
3008,3008,2492,False
3009,3009,2493,True
3011,3011,2494,False
3012,3012,2495,False
3013,3013,2496,True
3015,3015,2497,False
3016,3016,2498,False
3017,3017,2499,False
3018,3018,2500,False
3019,3019,2501,False
3020,3020,2502,False
3021,3021,2503,True
3023,3023,2504,False
3024,3024,2505,True
3026,3026,2506,False
3027,3027,2507,False
3028,3028,2508,False
3029,3029,2509,False
3030,3030,2510,False
3031,3031,2511,True
3035,3035,2513,False
3036,3036,2514,False
3037,3037,2515,False
3038,3038,2516,False
3039,3039,2517,False
3041,3041,2519,False
3042,3042,2520,False
3043,3043,2521,False
3044,3044,2522,False
3045,3045,2523,False
3046,3046,2524,False
3047,3047,2525,False
3048,3048,2526,False
3049,3049,2527,True
3051,3051,2528,False
3054,3054,2530,False
3055,3055,2531,False
3056,3056,2532,True
3058,3058,2533,False
3059,3059,2534,False
3060,3060,2535,True
3062,3062,2536,False
3063,3063,2537,False
3064,3064,2538,False
3065,3065,2539,False
3066,3066,2540,False
3067,3067,2541,True
3069,3069,2542,False
3070,3070,2543,False
3071,3071,2544,False
3072,3072,2545,True
3074,3074,2546,False
3075,3075,2547,False
3076,3076,2548,False
3077,3077,2549,True
3079,3079,2550,False
3080,3080,2551,True
3082,3082,2552,False
3083,3083,2553,False
3084,3084,2554,False
3085,3085,2555,True
3087,3087,2556,False
3088,3088,2557,False
3089,3089,2558,False
3090,3090,2559,False
3091,3091,2560,False
3092,3092,2561,False
3093,3093,2562,False
3094,3094,2563,False
3095,3095,2564,False
3096,3096,2565,False
3097,3097,2566,False
3098,3098,2567,False
3099,3099,2568,False
3100,3100,2569,False
3101,3101,2570,False
3102,3102,2571,False
3103,3103,2572,False
3104,3104,2573,False
3105,3105,2574,False
3106,3106,2575,False
3107,3107,2576,True
3109,3109,2577,False
3110,3110,2578,True
3112,3112,2579,False
3113,3113,2580,True
3115,3115,2581,False
3116,3116,2582,False
3117,3117,2583,True
3119,3119,2584,False
3120,3120,2585,False
3121,3121,2586,True
3123,3123,2587,False
3124,3124,2588,False
3125,3125,2589,False
3126,3126,2590,False
3127,3127,2591,False
3128,3128,2592,False
3129,3129,2593,False
3130,3130,2594,False
3131,3131,2595,False
3132,3132,2596,False
3133,3133,2597,False
3134,3134,2598,False
3135,3135,2599,False
3136,3136,2600,False
3137,3137,2601,True
3139,3139,2602,True
3141,3141,2603,False
3142,3142,2604,False
3143,3143,2605,False
3144,3144,2606,True
3146,3146,2607,False
3147,3147,2608,False
3148,3148,2609,True
3150,3150,2610,False
3151,3151,2611,False
3152,3152,2612,False
3153,3153,2613,True
3155,3155,2614,False
3156,3156,2615,False
3157,3157,2616,False
3158,3158,2617,False
3159,3159,2618,False
3160,3160,2619,False
3161,3161,2620,False
3162,3162,2621,False
3163,3163,2622,True
3165,3165,2623,False
3166,3166,2624,False
3167,3167,2625,False
3170,3170,2627,True
3172,3172,2628,False
3173,3173,2629,True
3175,3175,2630,False
3176,3176,2631,False
3177,3177,2632,False
3178,3178,2633,False
3179,3179,2634,True
3181,3181,2635,False
3182,3182,2636,False
3183,3183,2637,False
3184,3184,2638,False
3185,3185,2639,False
3186,3186,2640,False
3187,3187,2641,False
3188,3188,2642,False
3190,3190,2644,False
3191,3191,2645,False
3192,3192,2646,False
3193,3193,2647,False
3194,3194,2648,False
3195,3195,2649,False
3196,3196,2650,False
3197,3197,2651,True
3199,3199,2652,True
3201,3201,2653,False
3202,3202,2654,False
3203,3203,2655,True
3205,3205,2656,True
3207,3207,2657,False
3208,3208,2658,True
3210,3210,2659,False
3211,3211,2660,False
3213,3213,2661,False
3214,3214,2662,False
3215,3215,2663,False
3216,3216,2664,False
3217,3217,2665,False
3218,3218,2666,True
3220,3220,2667,True
3222,3222,2668,False
3225,3225,2670,False
3226,3226,2671,False
3227,3227,2672,False
3228,3228,2673,False
3229,3229,2674,False
3230,3230,2675,False
3231,3231,2676,False
3232,3232,2677,False
3233,3233,2678,False
3234,3234,2679,False
3235,3235,2680,False
3236,3236,2681,False
3239,3239,2684,False
3240,3240,2685,False
3241,3241,2686,True
3243,3243,2687,False
3244,3244,2688,False
3245,3245,2689,False
3246,3246,2690,False
3247,3247,2691,False
3248,3248,2692,False
3249,3249,2693,True
3251,3251,2694,True
3253,3253,2695,False
3254,3254,2696,False
3255,3255,2697,False
3256,3256,2698,False
3257,3257,2699,False
3258,3258,2700,False
3259,3259,2701,False
3260,3260,2702,True
3262,3262,2703,False
3264,3264,2705,False
3265,3265,2706,True
3267,3267,2707,False
3268,3268,2708,False
3269,3269,2709,False
3270,3270,2710,False
3271,3271,2711,False
3272,3272,2712,True
3274,3274,2713,True
3276,3276,2714,False
3277,3277,2715,True
3279,3279,2716,True
3281,3281,2717,False
3282,3282,2718,False
3283,3283,2719,False
3284,3284,2720,True
3286,3286,2721,True
3288,3288,2722,False
3289,3289,2723,False
3290,3290,2724,False
3291,3291,2725,False
3292,3292,2726,False
3293,3293,2727,False
3294,3294,2728,False
3295,3295,2729,False
3296,3296,2730,False
3297,3297,2731,False
3298,3298,2732,False
3299,3299,2733,False
3300,3300,2734,False
3302,3302,2736,True
3304,3304,2737,False
3305,3305,2738,False
3306,3306,2739,False
3307,3307,2740,False
3308,3308,2741,True
3310,3310,2742,False
3311,3311,2743,False
3312,3312,2744,False
3313,3313,2745,False
3314,3314,2746,True
3316,3316,2747,True
3319,3319,2749,True
3321,3321,2750,False
3322,3322,2751,False
3323,3323,2752,False
3324,3324,2753,True
3326,3326,2754,False
3327,3327,2755,False
3328,3328,2756,False
3329,3329,2757,True
3331,3331,2758,False
3332,3332,2759,False
3333,3333,2760,False
3334,3334,2761,False
3335,3335,2762,False
3336,3336,2763,False
3337,3337,2764,False
3338,3338,2765,False
3339,3339,2766,False
3340,3340,2767,True
3342,3342,2768,False
3344,3344,2770,False
3345,3345,2771,True
3347,3347,2772,False
3348,3348,2773,False
3349,3349,2774,False
3350,3350,2775,True
3352,3352,2776,True
3354,3354,2777,False
3355,3355,2778,False
3356,3356,2779,False
3357,3357,2780,False
3358,3358,2781,False
3359,3359,2782,False
3360,3360,2783,False
3361,3361,2784,False
3365,3365,2787,False
3366,3366,2788,True
3368,3368,2789,False
3369,3369,2790,False
3370,3370,2791,True
3372,3372,2792,False
3373,3373,2793,True
3375,3375,2794,False
3376,3376,2795,True
3378,3378,2796,True
3380,3380,2797,False
3381,3381,2798,False
3382,3382,2799,True
3384,3384,2800,False
3385,3385,2801,False
3386,3386,2802,False
3387,3387,2803,False
3388,3388,2804,False
3389,3389,2805,False
3390,3390,2806,False
3391,3391,2807,False
3392,3392,2808,False
3393,3393,2809,False
3394,3394,2810,False
3395,3395,2811,False
3396,3396,2812,False
3397,3397,2813,True
3399,3399,2814,False
3402,3402,2816,True
3404,3404,2817,False
3405,3405,2818,True
3407,3407,2819,True
3409,3409,2820,False
3410,3410,2821,False
3412,3412,2823,True
3414,3414,2824,False
3415,3415,2825,False
3416,3416,2826,True
3418,3418,2827,False
3420,3420,2829,False
3421,3421,2830,False
3422,3422,2831,False
3423,3423,2832,False
3424,3424,2833,False
3425,3425,2834,False
3426,3426,2835,False
3427,3427,2836,True
3429,3429,2837,False
3430,3430,2838,False
3431,3431,2839,False
3432,3432,2840,False
3433,3433,2841,True
3435,3435,2842,False
3436,3436,2843,True
3438,3438,2844,False
3439,3439,2845,False
3440,3440,2846,False
3441,3441,2847,False
3443,3443,2849,False
3444,3444,2850,False
3445,3445,2851,False
3446,3446,2852,False
3447,3447,2853,False
3448,3448,2854,False
3449,3449,2855,False
3450,3450,2856,False
3451,3451,2857,True
3453,3453,2858,False
3454,3454,2859,True
3456,3456,2860,False
3457,3457,2861,False
3458,3458,2862,False
3459,3459,2863,True
3461,3461,2864,True
3463,3463,2865,False
3464,3464,2866,False
3465,3465,2867,False
3466,3466,2868,True
3468,3468,2869,False
3469,3469,2870,False
3470,3470,2871,False
3471,3471,2872,False
3472,3472,2873,True
3474,3474,2874,False
3475,3475,2875,False
3476,3476,2876,False
3477,3477,2877,False
3478,3478,2878,True
3480,3480,2879,True
3482,3482,2880,False
3483,3483,2881,False
3484,3484,2882,False
3485,3485,2883,False
3486,3486,2884,False
3487,3487,2885,False
3488,3488,2886,False
3489,3489,2887,False
3490,3490,2888,True
3492,3492,2889,False
3493,3493,2890,False
3494,3494,2891,False
3495,3495,2892,True
3497,3497,2893,False
3498,3498,2894,False
3499,3499,2895,False
3500,3500,2896,False
3501,3501,2897,False
3502,3502,2898,True
3504,3504,2899,False
3505,3505,2900,False
3506,3506,2901,False
3507,3507,2902,False
3508,3508,2903,True
3510,3510,2904,False
3511,3511,2905,False
3512,3512,2906,False
3513,3513,2907,True
3515,3515,2908,False
3516,3516,2909,False
3517,3517,2910,False
3518,3518,2911,False
3519,3519,2912,False
3520,3520,2913,False
3521,3521,2914,False
3522,3522,2915,False
3523,3523,2916,False
3524,3524,2917,False
3525,3525,2918,True
3527,3527,2919,False
3528,3528,2920,False
3529,3529,2921,False
3530,3530,2922,False
3531,3531,2923,False
3532,3532,2924,False
3533,3533,2925,False
3534,3534,2926,False
3535,3535,2927,False
3536,3536,2928,False
3537,3537,2929,False
3538,3538,2930,False
3539,3539,2931,False
3540,3540,2932,True
3542,3542,2933,True
3544,3544,2934,False
3545,3545,2935,False
3546,3546,2936,False
3547,3547,2937,False
3548,3548,2938,False
3549,3549,2939,False
3550,3550,2940,False
3552,3552,2942,False
3554,3554,2944,True
3556,3556,2945,True
3558,3558,2946,False
3559,3559,2947,True
3562,3562,2949,True
3564,3564,2950,False
3565,3565,2951,False
3566,3566,2952,False
3567,3567,2953,False
3568,3568,2954,False
3569,3569,2955,False
3570,3570,2956,False
3571,3571,2957,False
3572,3572,2958,False
3573,3573,2959,False
3574,3574,2960,False
3575,3575,2961,False
3576,3576,2962,False
3577,3577,2963,False
3578,3578,2964,True
3580,3580,2965,False
3581,3581,2966,False
3582,3582,2967,False
3583,3583,2968,True
3585,3585,2969,False
3586,3586,2970,True
3588,3588,2971,False
3589,3589,2972,False
3590,3590,2973,False
3591,3591,2974,True
3594,3594,2976,False
3595,3595,2977,False
3596,3596,2978,False
3597,3597,2979,False
3598,3598,2980,True
3600,3600,2981,False
3601,3601,2982,True
3603,3603,2983,False
3605,3605,2985,False
3606,3606,2986,False
3607,3607,2987,False
3608,3608,2988,True
3610,3610,2989,False
3611,3611,2990,False
3612,3612,2991,True
3614,3614,2992,False
3615,3615,2993,False
3616,3616,2994,False
3617,3617,2995,False
3618,3618,2996,False
3619,3619,2997,False
3620,3620,2998,False
3621,3621,2999,True
3623,3623,3000,False
3624,3624,3001,False
3627,3627,3003,False
3628,3628,3004,False
3629,3629,3005,False
3630,3630,3006,True
3632,3632,3007,False
3633,3633,3008,False
3634,3634,3009,True
3636,3636,3010,False
3637,3637,3011,False
3638,3638,3012,False
3639,3639,3013,False
3640,3640,3014,True
3642,3642,3015,False
3643,3643,3016,False
3644,3644,3017,False
3645,3645,3018,False
3646,3646,3019,True
3648,3648,3020,False
3649,3649,3021,False
3650,3650,3022,False
3651,3651,3023,False
3652,3652,3024,True
3654,3654,3025,False
3655,3655,3026,False
3656,3656,3027,True
3658,3658,3028,False
3659,3659,3029,False
3660,3660,3030,False
3661,3661,3031,False
3662,3662,3032,False
3663,3663,3033,True
3667,3667,3035,True
3669,3669,3036,False
3670,3670,3037,False
3671,3671,3038,True
3673,3673,3039,False
3674,3674,3040,False
3675,3675,3041,False
3676,3676,3042,True
3678,3678,3043,False
3679,3679,3044,True
3681,3681,3045,True
3683,3683,3046,False
3684,3684,3047,False
3685,3685,3048,False
3686,3686,3049,False
3687,3687,3050,True
3689,3689,3051,False
3690,3690,3052,False
3691,3691,3053,False
3693,3693,3055,True
3695,3695,3056,True
3697,3697,3057,False
3698,3698,3058,False
3699,3699,3059,True
3701,3701,3060,False
3702,3702,3061,False
3703,3703,3062,False
3704,3704,3063,False
3705,3705,3064,False
3707,3707,3066,False
3708,3708,3067,True
3710,3710,3068,False
3711,3711,3069,False
3712,3712,3070,False
3713,3713,3071,False
3714,3714,3072,False
3716,3716,3074,False
3717,3717,3075,True
3719,3719,3076,True
3721,3721,3077,False
3722,3722,3078,False
3723,3723,3079,False
3724,3724,3080,False
3727,3727,3082,False
3728,3728,3083,True
3730,3730,3084,False
3732,3732,3085,False
3733,3733,3086,False
3734,3734,3087,False
3735,3735,3088,True
3737,3737,3089,False
3738,3738,3090,False
3739,3739,3091,False
3740,3740,3092,False
3741,3741,3093,False
3742,3742,3094,True
3745,3745,3096,False
3746,3746,3097,False
3747,3747,3098,False
3748,3748,3099,False
3749,3749,3100,False
3750,3750,3101,False
3751,3751,3102,True
3753,3753,3103,False
3754,3754,3104,False
3755,3755,3105,False
3756,3756,3106,False
3757,3757,3107,False
3758,3758,3108,True
3760,3760,3109,False
3761,3761,3110,False
3762,3762,3111,False
3763,3763,3112,True
3765,3765,3113,False
3766,3766,3114,False
3767,3767,3115,True
3769,3769,3116,False
3770,3770,3117,False
3771,3771,3118,True
3773,3773,3119,False
3774,3774,3120,False
3775,3775,3121,False
3776,3776,3122,True
3779,3779,3124,False
3780,3780,3125,False
3781,3781,3126,False
3782,3782,3127,False
3783,3783,3128,True
3785,3785,3129,False
3786,3786,3130,False
3787,3787,3131,False
3788,3788,3132,False
3789,3789,3133,False
3790,3790,3134,False
3791,3791,3135,False
3792,3792,3136,False
3793,3793,3137,False
3794,3794,3138,False
3795,3795,3139,False
3796,3796,3140,True
3798,3798,3141,False
3799,3799,3142,False
3800,3800,3143,True
3802,3802,3144,False
3803,3803,3145,True
3805,3805,3146,False
3806,3806,3147,False
3807,3807,3148,False
3808,3808,3149,False
3811,3811,3151,False
3812,3812,3152,False
3813,3813,3153,False
3814,3814,3154,False
3815,3815,3155,False
3816,3816,3156,False
3817,3817,3157,False
3818,3818,3158,True
3821,3821,3160,False
3822,3822,3161,False
3823,3823,3162,False
3824,3824,3163,True
3826,3826,3164,True
3829,3829,3166,False
3830,3830,3167,False
3831,3831,3168,True
3833,3833,3169,False
3834,3834,3170,False
3835,3835,3171,False
3836,3836,3172,False
3837,3837,3173,False
3838,3838,3174,True
3840,3840,3175,False
3841,3841,3176,False
3842,3842,3177,False
3843,3843,3178,False
3844,3844,3179,False
3845,3845,3180,False
3846,3846,3181,False
3847,3847,3182,False
3848,3848,3183,False
3849,3849,3184,False
3850,3850,3185,True
3852,3852,3186,False
3853,3853,3187,False
3854,3854,3188,False
3855,3855,3189,False
3856,3856,3190,False
3857,3857,3191,False
3858,3858,3192,True
3860,3860,3193,False
3861,3861,3194,False
3862,3862,3195,False
3863,3863,3196,True
3865,3865,3197,True
3868,3868,3199,False
3869,3869,3200,False
3870,3870,3201,True
3872,3872,3202,False
3873,3873,3203,False
3874,3874,3204,False
3875,3875,3205,True
3877,3877,3206,False
3880,3880,3208,False
3881,3881,3209,True
3883,3883,3210,False
3884,3884,3211,False
3885,3885,3212,False
3886,3886,3213,False
3887,3887,3214,True
3890,3890,3216,False
3891,3891,3217,False
3892,3892,3218,False
3893,3893,3219,False
3894,3894,3220,True
3896,3896,3221,False
3897,3897,3222,False
3898,3898,3223,False
3899,3899,3224,False
3900,3900,3225,True
3902,3902,3226,False
3903,3903,3227,False
3904,3904,3228,True
3906,3906,3229,False
3907,3907,3230,False
3908,3908,3231,True
3910,3910,3232,False
3911,3911,3233,False
3912,3912,3234,False
3913,3913,3235,False
3914,3914,3236,False
3915,3915,3237,False
3916,3916,3238,True
3918,3918,3239,False
3919,3919,3240,False
3920,3920,3241,False
3921,3921,3242,False
3922,3922,3243,True
3924,3924,3244,False
3925,3925,3245,False
3926,3926,3246,False
3927,3927,3247,False
3928,3928,3248,False
3929,3929,3249,False
3930,3930,3250,True
3932,3932,3251,True
3934,3934,3252,False
3935,3935,3253,False
3936,3936,3254,True
3938,3938,3255,False
3939,3939,3256,False
3942,3942,3258,False
3943,3943,3259,False
3944,3944,3260,True
3946,3946,3261,False
3947,3947,3262,False
3948,3948,3263,True
3950,3950,3264,True
3952,3952,3265,False
3953,3953,3266,False
3954,3954,3267,True
3956,3956,3268,True
3958,3958,3269,False
3959,3959,3270,False
3960,3960,3271,False
3961,3961,3272,False
3962,3962,3273,False
3963,3963,3274,False
3964,3964,3275,False
3965,3965,3276,True
3967,3967,3277,True
3969,3969,3278,False
3970,3970,3279,False
3971,3971,3280,False
3972,3972,3281,False
3973,3973,3282,False
3974,3974,3283,False
3975,3975,3284,False
3976,3976,3285,False
3977,3977,3286,False
3978,3978,3287,False
3979,3979,3288,False
3980,3980,3289,False
3981,3981,3290,False
3982,3982,3291,False
3983,3983,3292,False
3984,3984,3293,False
3985,3985,3294,False
3987,3987,3296,False
3988,3988,3297,True
3990,3990,3298,False
3991,3991,3299,False
3992,3992,3300,False
3993,3993,3301,False
3994,3994,3302,False
3995,3995,3303,False
3996,3996,3304,False
3997,3997,3305,False
3998,3998,3306,False
3999,3999,3307,False
4000,4000,3308,False
4001,4001,3309,False
4002,4002,3310,False
4003,4003,3311,False
4004,4004,3312,False
4006,4006,3314,False
4007,4007,3315,True
4009,4009,3316,False
4010,4010,3317,False
4011,4011,3318,False
4012,4012,3319,False
4013,4013,3320,False
4014,4014,3321,False
4015,4015,3322,False
4016,4016,3323,True
4018,4018,3324,False
4019,4019,3325,False
4020,4020,3326,False
4021,4021,3327,False
4022,4022,3328,True
4024,4024,3329,True
4026,4026,3330,False
4027,4027,3331,True
4029,4029,3332,False
4030,4030,3333,False
4031,4031,3334,False
4032,4032,3335,False
4033,4033,3336,False
4034,4034,3337,True
4036,4036,3338,False
4037,4037,3339,False
4040,4040,3342,True
4042,4042,3343,False
4043,4043,3344,False
4044,4044,3345,False
4046,4046,3346,True
4048,4048,3347,False
4049,4049,3348,False
4050,4050,3349,False
4051,4051,3350,True
4053,4053,3351,False
4054,4054,3352,False
4055,4055,3353,False
4056,4056,3354,False
4057,4057,3355,False
4059,4059,3357,False
4060,4060,3358,False
4061,4061,3359,False
4062,4062,3360,False
4063,4063,3361,True
4065,4065,3362,False
4066,4066,3363,False
4067,4067,3364,False
4068,4068,3365,False
4069,4069,3366,True
4071,4071,3367,True
4073,4073,3368,True
4075,4075,3369,False
4076,4076,3370,False
4077,4077,3371,False
4078,4078,3372,False
4079,4079,3373,False
4080,4080,3374,False
4081,4081,3375,False
4082,4082,3376,False
4083,4083,3377,False
4084,4084,3378,True
4086,4086,3379,False
4087,4087,3380,False
4088,4088,3381,True
4090,4090,3382,False
4091,4091,3383,False
4092,4092,3384,False
4093,4093,3385,False
4094,4094,3386,False
4095,4095,3387,True
4098,4098,3389,False
4099,4099,3390,False
4100,4100,3391,False
4101,4101,3392,False
4102,4102,3393,True
4104,4104,3394,False
4105,4105,3395,False
4106,4106,3396,False
4107,4107,3397,False
4108,4108,3398,False
4109,4109,3399,False
4112,4112,3401,False
4113,4113,3402,False
4114,4114,3403,False
4115,4115,3404,False
4116,4116,3405,False
4117,4117,3406,False
4118,4118,3407,False
4119,4119,3408,True
4121,4121,3409,False
4122,4122,3410,True
4124,4124,3411,False
4125,4125,3412,False
4126,4126,3413,True
4129,4129,3415,False
4131,4131,3417,False
4132,4132,3418,True
4134,4134,3419,False
4136,4136,3421,False
4137,4137,3422,False
4138,4138,3423,False
4139,4139,3424,False
4140,4140,3425,False
4141,4141,3426,False
4142,4142,3427,False
4143,4143,3428,True
4145,4145,3429,False
4146,4146,3430,False
4147,4147,3431,True
4149,4149,3432,True
4151,4151,3433,True
4153,4153,3434,True
4155,4155,3435,False
4156,4156,3436,False
4157,4157,3437,False
4158,4158,3438,True
4160,4160,3439,False
4161,4161,3440,False
4163,4163,3442,False
4164,4164,3443,False
4165,4165,3444,False
4166,4166,3445,False
4167,4167,3446,False
4169,4169,3448,True
4171,4171,3449,False
4172,4172,3450,False
4173,4173,3451,False
4174,4174,3452,False
4175,4175,3453,False
4176,4176,3454,False
4177,4177,3455,False
4178,4178,3456,False
4179,4179,3457,False
4180,4180,3458,False
4181,4181,3459,False
4182,4182,3460,True
4184,4184,3461,False
4185,4185,3462,False
4186,4186,3463,False
4187,4187,3464,False
4188,4188,3465,False
4189,4189,3466,False
4190,4190,3467,False
4191,4191,3468,False
4192,4192,3469,False
4193,4193,3470,False
4194,4194,3471,True
4196,4196,3472,False
4198,4198,3474,True
4201,4201,3476,True
4203,4203,3477,True
4205,4205,3478,False
4206,4206,3479,False
4207,4207,3480,False
4209,4209,3482,False
4210,4210,3483,False
4211,4211,3484,False
4212,4212,3485,False
4213,4213,3486,True
4215,4215,3487,False
4217,4217,3489,False
4218,4218,3490,False
4219,4219,3491,False
4220,4220,3492,False
4221,4221,3493,False
4222,4222,3494,False
4223,4223,3495,False
4224,4224,3496,False
4225,4225,3497,False
4226,4226,3498,False
4227,4227,3499,False
4229,4229,3501,False
4230,4230,3502,False
4231,4231,3503,False
4232,4232,3504,False
4233,4233,3505,False
4234,4234,3506,False
4235,4235,3507,False
4236,4236,3508,False
4237,4237,3509,False
4238,4238,3510,False
4239,4239,3511,False
4240,4240,3512,False
4241,4241,3513,True
4243,4243,3514,False
4244,4244,3515,True
4246,4246,3516,False
4247,4247,3517,False
4248,4248,3518,False
4249,4249,3519,False
4250,4250,3520,False
4251,4251,3521,True
4253,4253,3522,False
4254,4254,3523,False
4255,4255,3524,False
4256,4256,3525,False
4257,4257,3526,False
4258,4258,3527,False
4259,4259,3528,False
4260,4260,3529,False
4261,4261,3530,False
4262,4262,3531,False
4263,4263,3532,False
4264,4264,3533,False
4265,4265,3534,False
4266,4266,3535,False
4267,4267,3536,True
4269,4269,3537,False
4270,4270,3538,True
4272,4272,3539,False
4273,4273,3540,False
4274,4274,3541,False
4275,4275,3542,False
4276,4276,3543,True
4278,4278,3544,False
4279,4279,3545,False
4280,4280,3546,False
4281,4281,3547,False
4282,4282,3548,False
4283,4283,3549,False
4284,4284,3550,True
4286,4286,3551,False
4287,4287,3552,False
4288,4288,3553,False
4289,4289,3554,False
4290,4290,3555,False
4291,4291,3556,False
4292,4292,3557,False
4293,4293,3558,True
4295,4295,3559,False
4296,4296,3560,True
4298,4298,3561,False
4299,4299,3562,False
4300,4300,3563,False
4301,4301,3564,False
4302,4302,3565,False
4303,4303,3566,False
4304,4304,3567,False
4305,4305,3568,True
4307,4307,3569,False
4308,4308,3570,False
4309,4309,3571,False
4310,4310,3572,False
4311,4311,3573,False
4312,4312,3574,False
4313,4313,3575,False
4314,4314,3576,False
4315,4315,3577,False
4316,4316,3578,False
4317,4317,3579,False
4318,4318,3580,True
4320,4320,3581,False
4321,4321,3582,True
4323,4323,3583,True
4325,4325,3584,False
4326,4326,3585,True
4328,4328,3586,False
4329,4329,3587,False
4330,4330,3588,False
4331,4331,3589,False
4332,4332,3590,False
4333,4333,3591,True
4335,4335,3592,False
4336,4336,3593,False
4337,4337,3594,False
4338,4338,3595,False
4339,4339,3596,False
4340,4340,3597,False
4341,4341,3598,False
4342,4342,3599,False
4343,4343,3600,False
4344,4344,3601,False
4345,4345,3602,False
4346,4346,3603,False
4347,4347,3604,False
4348,4348,3605,False
4349,4349,3606,True
4352,4352,3608,False
4353,4353,3609,True
4355,4355,3610,False
4358,4358,3612,False
4359,4359,3613,False
4360,4360,3614,False
4361,4361,3615,False
4362,4362,3616,True
4364,4364,3617,False
4365,4365,3618,False
4367,4367,3620,False
4368,4368,3621,False
4369,4369,3622,False
4370,4370,3623,False
4371,4371,3624,False
4372,4372,3625,False
4373,4373,3626,False
4376,4376,3628,False
4377,4377,3629,False
4380,4380,3631,False
4381,4381,3632,False
4382,4382,3633,False
4383,4383,3634,False
4384,4384,3635,False
4385,4385,3636,False
4386,4386,3637,False
4387,4387,3638,False
4388,4388,3639,False
4389,4389,3640,False
4390,4390,3641,False
4393,4393,3643,False
4394,4394,3644,False
4395,4395,3645,False
4396,4396,3646,True
4398,4398,3647,False
4399,4399,3648,False
4400,4400,3649,False
4401,4401,3650,False
4402,4402,3651,False
4403,4403,3652,False
4404,4404,3653,False
4405,4405,3654,False
4406,4406,3655,False
4407,4407,3656,False
4408,4408,3657,True
4410,4410,3658,False
4411,4411,3659,True
4413,4413,3660,False
4414,4414,3661,False
4415,4415,3662,False
4416,4416,3663,False
4417,4417,3664,False
4418,4418,3665,False
4420,4420,3667,False
4421,4421,3668,False
4422,4422,3669,False
4423,4423,3670,False
4424,4424,3671,True
4426,4426,3672,False
4427,4427,3673,False
4428,4428,3674,False
4429,4429,3675,True
4431,4431,3676,False
4432,4432,3677,False
4433,4433,3678,False
4434,4434,3679,True
4436,4436,3680,False
4437,4437,3681,True
4439,4439,3682,False
4440,4440,3683,True
4442,4442,3684,False
4444,4444,3686,True
4446,4446,3687,True
4448,4448,3688,False
4449,4449,3689,False
4450,4450,3690,False
4451,4451,3691,False
4452,4452,3692,False
4453,4453,3693,True
4455,4455,3694,False
4456,4456,3695,False
4457,4457,3696,False
4458,4458,3697,False
4459,4459,3698,True
4461,4461,3699,False
4462,4462,3700,False
4463,4463,3701,False
4464,4464,3702,False
4465,4465,3703,False
4466,4466,3704,False
4467,4467,3705,True
4469,4469,3706,False
4471,4471,3708,False
4472,4472,3709,False
4473,4473,3710,False
4474,4474,3711,False
4476,4476,3712,False
4477,4477,3713,True
4479,4479,3714,False
4480,4480,3715,False
4481,4481,3716,False
4482,4482,3717,False
4483,4483,3718,False
4484,4484,3719,False
4485,4485,3720,True
4487,4487,3721,True
4489,4489,3722,True
4491,4491,3723,False
4492,4492,3724,False
4493,4493,3725,False
4494,4494,3726,False
4495,4495,3727,False
4496,4496,3728,True
4498,4498,3729,True
4500,4500,3730,False
4501,4501,3731,False
4502,4502,3732,True
4504,4504,3733,True
4506,4506,3734,False
4507,4507,3735,False
4508,4508,3736,True
4510,4510,3737,False
4511,4511,3738,False
4512,4512,3739,False
4514,4514,3741,False
4515,4515,3742,False
4516,4516,3743,False
4518,4518,3745,False
4519,4519,3746,False
4520,4520,3747,False
4521,4521,3748,False
4522,4522,3749,True
4524,4524,3750,True
4526,4526,3751,False
4527,4527,3752,False
4528,4528,3753,False
4529,4529,3754,True
4531,4531,3755,False
4532,4532,3756,False
4533,4533,3757,False
4534,4534,3758,False
4535,4535,3759,False
4536,4536,3760,False
4539,4539,3763,False
4540,4540,3764,False
4541,4541,3765,False
4542,4542,3766,False
4543,4543,3767,False
4544,4544,3768,False
4545,4545,3769,False
4546,4546,3770,False
4547,4547,3771,False
4548,4548,3772,False
4549,4549,3773,False
4550,4550,3774,False
4551,4551,3775,True
4553,4553,3776,False
4554,4554,3777,False
4555,4555,3778,False
4556,4556,3779,False
4557,4557,3780,True
4559,4559,3781,False
4560,4560,3782,False
4561,4561,3783,False
4562,4562,3784,False
4563,4563,3785,True
4565,4565,3786,False
4567,4567,3787,False
4568,4568,3788,False
4569,4569,3789,False
4570,4570,3790,False
4571,4571,3791,False
4572,4572,3792,False
4573,4573,3793,False
4574,4574,3794,False
4575,4575,3795,False
4576,4576,3796,False
4577,4577,3797,False
4578,4578,3798,False
4579,4579,3799,False
4580,4580,3800,False
4581,4581,3801,False
4582,4582,3802,False
4583,4583,3803,False
4584,4584,3804,False
4585,4585,3805,True
4587,4587,3806,False
4588,4588,3807,False
4589,4589,3808,False
4590,4590,3809,False
4591,4591,3810,False
4592,4592,3811,False
4593,4593,3812,False
4594,4594,3813,True
4596,4596,3814,False
4597,4597,3815,False
4598,4598,3816,True
4600,4600,3817,False
4601,4601,3818,True
4603,4603,3819,False
4604,4604,3820,False
4605,4605,3821,False
4606,4606,3822,False
4607,4607,3823,False
4608,4608,3824,False
4609,4609,3825,False
4610,4610,3826,False
4611,4611,3827,False
4612,4612,3828,False
4615,4615,3830,False
4617,4617,3832,True
4619,4619,3833,False
4620,4620,3834,True
4622,4622,3835,False
4623,4623,3836,False
4624,4624,3837,True
4626,4626,3838,False
4627,4627,3839,True
4629,4629,3840,True
4631,4631,3841,False
4632,4632,3842,False
4633,4633,3843,False
4634,4634,3844,True
4636,4636,3845,False
4637,4637,3846,False
4638,4638,3847,False
4639,4639,3848,False
4640,4640,3849,False
4641,4641,3850,True
4643,4643,3851,False
4644,4644,3852,False
4647,4647,3854,False
4648,4648,3855,False
4649,4649,3856,False
4650,4650,3857,False
4651,4651,3858,False
4652,4652,3859,False
4653,4653,3860,False
4654,4654,3861,True
4656,4656,3862,False
4657,4657,3863,False
4658,4658,3864,False
4659,4659,3865,False
4660,4660,3866,False
4661,4661,3867,False
4662,4662,3868,False
4663,4663,3869,False
4664,4664,3870,False
4665,4665,3871,True
4667,4667,3872,True
4670,4670,3874,True
4672,4672,3875,False
4673,4673,3876,False
4674,4674,3877,False
4675,4675,3878,False
4677,4677,3880,False
4678,4678,3881,False
4679,4679,3882,False
4680,4680,3883,False
4681,4681,3884,True
4683,4683,3885,False
4684,4684,3886,False
4685,4685,3887,False
4686,4686,3888,False
4687,4687,3889,True
4689,4689,3890,False
4690,4690,3891,True
4692,4692,3892,False
4693,4693,3893,True
4695,4695,3894,True
4697,4697,3895,False
4698,4698,3896,False
4699,4699,3897,False
4700,4700,3898,False
4701,4701,3899,False
4704,4704,3901,False
4705,4705,3902,False
4706,4706,3903,True
4708,4708,3904,False
4709,4709,3905,False
4710,4710,3906,True
4712,4712,3907,False
4713,4713,3908,True
4715,4715,3909,False
4716,4716,3910,False
4717,4717,3911,False
4718,4718,3912,False
4719,4719,3913,False
4720,4720,3914,False
4721,4721,3915,False
4722,4722,3916,False
4723,4723,3917,False
4724,4724,3918,False
4725,4725,3919,True
4727,4727,3920,True
4729,4729,3921,False
4730,4730,3922,False
4731,4731,3923,False
4732,4732,3924,False
4733,4733,3925,False
4734,4734,3926,True
4736,4736,3927,False
4737,4737,3928,False
4739,4739,3930,False
4740,4740,3931,False
4741,4741,3932,False
4742,4742,3933,True
4744,4744,3934,False
4745,4745,3935,False
4746,4746,3936,False
4747,4747,3937,True
4749,4749,3938,False
4750,4750,3939,False
4751,4751,3940,False
4752,4752,3941,True
4754,4754,3942,False
4755,4755,3943,False
4756,4756,3944,True
4758,4758,3945,True
4760,4760,3946,True
4762,4762,3947,False
4763,4763,3948,False
4764,4764,3949,False
4765,4765,3950,False
4766,4766,3951,False
4767,4767,3952,False
4768,4768,3953,False
4769,4769,3954,True
4771,4771,3955,False
4772,4772,3956,False
4773,4773,3957,False
4774,4774,3958,True
4776,4776,3959,False
4777,4777,3960,True
4779,4779,3961,False
4780,4780,3962,False
4781,4781,3963,False
4782,4782,3964,False
4783,4783,3965,False
4784,4784,3966,True
4786,4786,3967,False
4787,4787,3968,False
4788,4788,3969,False
4789,4789,3970,False
4790,4790,3971,False
4791,4791,3972,False
4792,4792,3973,False
4793,4793,3974,False
4794,4794,3975,False
4795,4795,3976,False
4796,4796,3977,False
4797,4797,3978,False
4798,4798,3979,False
4799,4799,3980,True
4801,4801,3981,False
4802,4802,3982,False
4803,4803,3983,False
4804,4804,3984,False
4805,4805,3985,False
4806,4806,3986,False
4807,4807,3987,False
4808,4808,3988,False
4809,4809,3989,True
4811,4811,3990,False
4812,4812,3991,False
4813,4813,3992,False
4814,4814,3993,False
4815,4815,3994,True
4817,4817,3995,False
4818,4818,3996,False
4819,4819,3997,False
4820,4820,3998,False
4821,4821,3999,True
4823,4823,4000,False
4824,4824,4001,False
4826,4826,4003,False
4831,4831,4008,False
4832,4832,4009,False
4833,4833,4010,False
4836,4836,4013,False
4837,4837,4014,False
4853,4853,4026,False
4861,4861,4033,False
4862,4862,4034,False
4863,4863,4035,False
4877,4877,4047,False
4882,4882,4052,False
4886,4886,4055,False
4892,4892,4059,False
4901,4901,4066,False
4904,4904,4069,False
4906,4906,4071,True
4915,4915,4078,False
4916,4916,4079,False
4918,4918,4081,False
4919,4919,4082,False
4923,4923,4086,False
4925,4925,4088,False
4927,4927,4090,False
4928,4928,4091,False
4929,4929,4092,False
4930,4930,4093,False
4937,4937,4099,False
4941,4941,4102,False
4942,4942,4103,False
4944,4944,4105,False
4949,4949,4109,False
4956,4956,4116,False
4959,4959,4119,False
4961,4961,4121,False
4968,4968,4127,False
4969,4969,4128,False
4972,4972,4130,False
4974,4974,4131,True
4976,4976,4132,False
4979,4979,4134,False
4989,4989,4140,False
4992,4992,4143,False
4993,4993,4144,True
5002,5002,4150,False
5010,5010,4156,False
5012,5012,4158,False
5013,5013,4159,False
5016,5016,4161,False
5028,5028,4171,False
5030,5030,4173,False
5046,5046,4186,False
5050,5050,4190,False
5056,5056,4195,False
5067,5067,4204,False
5072,5072,4208,False
5081,5081,4214,False
5093,5093,4225,False
5107,5107,4237,True
5111,5111,4240,False
5117,5117,4245,False
5126,5126,4253,False
5127,5127,4254,False
5128,5128,4255,False
5132,5132,4258,False
5133,5133,4259,False
5134,5134,4260,False
5137,5137,4263,False
5138,5138,4264,False
5141,5141,4266,False
5143,5143,4268,True
5145,5145,4269,False
5149,5149,4273,False
5152,5152,4276,False
5159,5159,4283,False
5163,5163,4286,False
5164,5164,4287,False
5171,5171,4293,False
5175,5175,4296,False
5180,5180,4301,False
5189,5189,4309,False
5200,5200,4318,True
5203,5203,4320,False
5204,5204,4321,False
5212,5212,4328,False
5213,5213,4329,False
5214,5214,4330,True
5217,5217,4332,False
5223,5223,4336,False
5224,5224,4337,False
5232,5232,4342,False
5233,5233,4343,False
5236,5236,4346,False
5237,5237,4347,False
5240,5240,4349,False
5241,5241,4350,False
5243,5243,4352,False
5245,5245,4354,False
5246,5246,4355,False
5247,5247,4356,False
5249,5249,4358,False
5253,5253,4361,True
5263,5263,4368,False
5273,5273,4375,False
5275,5275,4377,False
5277,5277,4379,False
5281,5281,4383,False
5283,5283,4385,False
5284,5284,4386,False
5287,5287,4389,False
5308,5308,4405,False
5312,5312,4408,True
5318,5318,4413,True
5320,5320,4414,True
5322,5322,4415,False
5323,5323,4416,False
5325,5325,4418,True
5333,5333,4423,False
5334,5334,4424,False
5337,5337,4427,True
5347,5347,4434,False
5352,5352,4437,False
5353,5353,4438,False
5354,5354,4439,False
5358,5358,4442,False
5362,5362,4445,False
5364,5364,4447,True
5366,5366,4448,True
5374,5374,4454,False
5376,5376,4456,False
5379,5379,4458,False
5384,5384,4462,False
5385,5385,4463,False
5389,5389,4467,False
5392,5392,4470,False
5393,5393,4471,False
5395,5395,4473,False
5397,5397,4475,True
5399,5399,4476,False
5402,5402,4478,False
5404,5404,4480,False
5409,5409,4484,False
5413,5413,4488,False
5420,5420,4493,False
5433,5433,4503,False
5441,5441,4511,False
5445,5445,4514,False
5450,5450,4519,False
5460,5460,4526,False
5461,5461,4527,True
5468,5468,4533,False
5469,5469,4534,False
5472,5472,4537,False
5473,5473,4538,False
5478,5478,4543,False
5487,5487,4550,False
5517,5517,4576,False
5521,5521,4580,False
5526,5526,4585,True
5530,5530,4588,False
5531,5531,4589,False
5539,5539,4596,False
5563,5563,4616,False
5565,5565,4618,False
5574,5574,4626,False
5579,5579,4631,True
5606,5606,4650,False
5617,5617,4659,False
5618,5618,4660,False
5642,5642,4681,False
5684,5684,4715,False
5699,5699,4725,False
5701,5701,4727,False
5704,5704,4729,False
5722,5722,4743,False
5727,5727,4746,False
5736,5736,4753,False
5753,5753,4768,False
5760,5760,4774,True
5774,5774,4784,True
5788,5788,4794,False
5801,5801,4803,False
5826,5826,4825,True
5858,5858,4851,True
5860,5860,4852,False
5866,5866,4858,False
5873,5873,4863,False
5911,5911,4894,False
5928,5928,4907,False
5965,5965,4937,False
5977,5977,4948,False
5978,5978,4949,False
6001,6001,4969,False
6015,6015,4981,False
6033,6033,4994,False
6034,6034,4995,False
6039,6039,4999,True
6042,6042,5001,False
6052,6052,5011,False
6067,6067,5024,False
6077,6077,5033,False
6112,6112,5063,False
6114,6114,5065,False
6115,6115,5066,False
6122,6122,5072,False
6144,6144,5092,False
6175,6175,5118,False
6178,6178,5120,False
6183,6183,5125,False
6185,6185,5126,True
6191,6191,5129,False
6196,6196,5133,False
6235,6235,5164,False
6255,6255,5180,True
6257,6257,5181,False
6272,6272,5194,False
6275,6275,5196,False
6299,6299,5213,False
6301,6301,5215,False
6317,6317,5228,True
6342,6342,5250,False
6349,6349,5256,False
6359,6359,5263,False
6363,6363,5267,False
6366,6366,5269,False
6367,6367,5270,False
6383,6383,5283,False
6391,6391,5290,False
6408,6408,5305,False
6417,6417,5313,False
6422,6422,5317,False
6452,6452,5343,False
6468,6468,5357,False
6469,6469,5358,False
6473,6473,5362,True
6478,6478,5366,False
6481,6481,5369,False
6485,6485,5372,False
6499,6499,5385,False
6501,6501,5387,False
6511,6511,5395,False
6544,6544,5422,True
6546,6546,5423,False
6551,6551,5428,False
6552,6552,5429,False
6567,6567,5442,False
6571,6571,5445,False
6604,6604,5472,False
6610,6610,5477,False
6616,6616,5481,False
6619,6619,5483,False
6644,6644,5505,False
6691,6691,5541,False
6698,6698,5546,False
6729,6729,5572,False
6731,6731,5574,False
6749,6749,5591,True
6753,6753,5593,False
6764,6764,5602,False
6789,6789,5622,False
6798,6798,5628,False
6803,6803,5632,True
6827,6827,5648,False
6829,6829,5650,False
6844,6844,5661,False
6886,6886,5692,False
6892,6892,5698,True
6895,6895,5700,False
6906,6906,5708,False
6922,6922,5724,False
6924,6924,5726,False
6936,6936,5735,False
6944,6944,5740,False
6946,6946,5742,False
6967,6967,5758,False
6978,6978,5767,False
6987,6987,5774,False
7010,7010,5794,True
7043,7043,5817,False
7065,7065,5837,False
7100,7100,5868,False
7102,7102,5870,False
7112,7112,5878,False
7127,7127,5891,False
7150,7150,5912,False
7166,7166,5927,False
7186,7186,5944,False
7195,7195,5952,False
7234,7234,5984,False
7241,7241,5991,False
7286,7286,6030,False
7291,7291,6034,False
7299,7299,6040,False
7311,7311,6051,False
7324,7324,6061,False
7325,7325,6062,False
7327,7327,6064,False
7339,7339,6075,False
7348,7348,6083,False
7366,7366,6097,False
7390,7390,6118,False
7411,7411,6138,True
7422,7422,6148,True
7434,7434,6157,False
7435,7435,6158,False
7521,7521,6226,False
7567,7567,6265,False
7576,7576,6273,False
7586,7586,6281,False
7594,7594,6289,False
7614,7614,6306,False
7632,7632,6321,False
7672,7672,6353,False
7678,7678,6358,False
7683,7683,6363,False
7723,7723,6397,True
7727,7727,6400,False
7753,7753,6425,False
7765,7765,6434,False
7772,7772,6440,False
7787,7787,6453,False
7796,7796,6461,True
7800,7800,6463,False
7814,7814,6472,False
7815,7815,6473,False
7843,7843,6495,False
7855,7855,6505,False
7862,7862,6510,False
7863,7863,6511,False
7864,7864,6512,False
7914,7914,6555,False
7959,7959,6592,False
7970,7970,6602,False
7980,7980,6609,False
8013,8013,6636,False
8030,8030,6649,False
8064,8064,6678,False
8074,8074,6686,False
8076,8076,6688,False
8089,8089,6699,False
8091,8091,6701,False
8096,8096,6706,False
8105,8105,6715,False
8130,8130,6738,False
8200,8200,6792,False
8217,8217,6806,False
8276,8276,6856,False
8287,8287,6866,False
8295,8295,6872,False
8327,8327,6897,False
8333,8333,6902,False
8342,8342,6910,False
8356,8356,6922,False
8359,8359,6924,False
8362,8362,6927,False
8366,8366,6930,False
8392,8392,6950,True
8432,8432,6985,True
8463,8463,7011,False
8489,8489,7033,False
8502,8502,7045,False
8506,8506,7049,False
8510,8510,7052,False
8548,8548,7082,False
8568,8568,7099,False
8571,8571,7101,False
8598,8598,7123,False
8610,8610,7133,True
8615,8615,7136,False
8636,8636,7156,False
8661,8661,7176,False
8666,8666,7180,False
8667,8667,7181,False
8670,8670,7184,False
8677,8677,7190,True
8692,8692,7203,False
8726,8726,7231,False
8737,8737,7240,True
8764,8764,7262,False
8777,8777,7274,False
8865,9173,7401,True
8888,9196,7418,False
8894,9202,7424,False
8909,9217,7437,False
8918,9226,7445,False
8923,9231,7449,False
8928,9236,7454,False
8942,9250,7465,False
8965,9273,7485,True
8968,9276,7487,False
9005,9313,7520,False
9008,9316,7523,False
9032,9340,7542,False
9038,9346,7546,False
9054,9362,7559,False
9058,9366,7562,False
9062,9370,7565,False
9095,9403,7594,False
9109,9417,7606,False
9110,9418,7607,True
9119,9427,7614,True
9125,9433,7618,False
9142,9450,7632,True
9148,9456,7636,False
9149,9457,7637,True
9197,9505,7674,False
9238,9546,7713,False
9247,9555,7721,False
9261,9569,7733,False
9274,9582,7745,False
9285,9593,7753,False
9298,9606,7765,False
9303,9611,7769,False
9308,9616,7774,False
9333,9641,7795,True
9355,9663,7815,True
9362,9670,7819,False
9367,9675,7824,False
9372,9680,7828,False
9394,9702,7844,False
9407,9715,7857,False
9409,9717,7859,True
9413,9721,7861,False
9447,9755,7890,False
9452,9760,7894,False
9467,9775,7907,True
9490,9798,7926,False
9512,9820,7944,False
9525,9833,7957,True
9536,9844,7965,True
9538,9846,7966,False
9564,9872,7990,False
9572,9880,7997,False
9606,9914,8026,False
9607,9915,8027,False
9621,9929,8038,False
9622,9930,8039,False
9625,9933,8041,False
9637,9945,8051,True
9665,9973,8073,False
9679,9987,8085,False
9687,9995,8092,False
9689,9997,8094,False
9715,10023,8114,False
9732,10040,8127,True
9735,10043,8129,False
9738,10046,8132,False
9758,10066,8149,False
9762,10070,8153,False
9767,10075,8158,False
9768,10076,8159,True
9782,10090,8169,False
9787,10095,8173,True
9837,10145,8212,False
9851,10159,8225,False
9890,10198,8260,True
9892,10200,8261,True
9901,10209,8268,False
9961,10269,8316,False
9965,10273,8320,True
9967,10275,8321,True
9974,10282,8327,False
9979,10287,8330,True
9995,10303,8341,False
10042,10350,8377,True
10047,10355,8381,False
10074,10382,8405,False
10081,10389,8411,False
10151,10459,8475,False
10167,10475,8489,True
10171,10479,8492,False
10184,10492,8505,False
10202,10510,8519,True
10209,10517,8523,False
10220,10528,8533,False
10235,10543,8547,False
10247,10555,8558,False
10255,10563,8564,True
10258,10566,8566,False
10328,10636,8625,False
10331,10639,8628,False
10346,10654,8639,False
10354,10662,8645,False
10394,10702,8680,True
10406,10714,8688,False
10438,10746,8713,False
10469,10777,8742,True
10490,10798,8759,False
10505,10813,8772,False
10510,10818,8776,False
10520,10828,8784,False
10604,10912,8856,False
10652,10960,8896,False
10655,10963,8899,False
10679,10987,8919,True
10689,10997,8926,True
10696,11004,8931,False
10700,11008,8934,False
10726,11034,8957,False
10742,11050,8972,False
10755,11063,8982,True
10775,11083,8998,False
10785,11093,9006,False
10797,11105,9017,False
10806,11114,9024,False
10813,11121,9030,True
10815,11123,9031,False
10818,11126,9034,False
10822,11130,9037,True
10828,11136,9041,False
10839,11147,9051,False
10841,11149,9052,False
10887,11195,9093,False
10900,11208,9104,False
10942,11250,9138,False
10944,11252,9140,False
10958,11266,9153,True
10963,11271,9156,False
10966,11274,9159,True
10978,11286,9167,False
10996,11304,9179,False
11006,11314,9188,False
11011,11319,9192,False
11019,11327,9199,False
11021,11329,9201,False
11023,11331,9203,False
11029,11337,9208,False
11051,11359,9225,True
11054,11362,9227,False
11063,11371,9235,False
11064,11372,9236,False
11071,11379,9241,True
11073,11381,9242,False
11097,11405,9263,True
11101,11409,9265,False
11153,11461,9307,False
11183,11491,9333,False
11189,11497,9337,False
11208,11516,9353,True
11237,11545,9377,False
11266,11574,9403,False
11288,11596,9422,False
11290,11598,9424,False
11301,11609,9433,False
11329,11637,9455,True
11354,11662,9472,False
11368,11676,9484,False
11375,11683,9491,False
11377,11685,9493,False
11378,11686,9494,True
11393,11701,9504,False
11401,11709,9510,True
11405,11713,9513,True
11424,11732,9528,False
11446,11754,9548,False
11447,11755,9549,False
11460,11768,9560,False
11486,11794,9583,True
11496,11804,9591,False
11543,11851,9627,False
11547,11855,9631,False
11549,11857,9633,False
11552,11860,9635,False
11558,11866,9640,True
11565,11873,9645,False
11566,11874,9646,True
11578,11886,9656,False
11598,11906,9673,True
11603,11911,9677,False
11635,11943,9703,False
11639,11947,9707,False
11668,11976,9730,True
11670,11978,9731,True
11695,12003,9750,False
11742,12050,9790,True
11771,12079,9814,False
11784,12092,9826,False
11787,12095,9828,False
11794,12102,9833,False
11825,12133,9859,False
11836,12144,9869,True
11855,12163,9883,False
11873,12181,9897,False
11912,12220,9928,True
11995,12303,10001,False
12000,12308,10005,False
12016,12324,10018,False
12017,12325,10019,False
12020,12328,10022,False
12036,12344,10036,False
12050,12358,10049,True
12068,12376,10063,False
12070,12378,10065,False
12074,12382,10068,True
12088,12396,10079,True
12108,12416,10093,True
12124,12432,10105,False
12156,12464,10131,False
12160,12468,10134,False
12177,12485,10148,False
12182,12490,10152,False
12239,12547,10202,False
12253,12561,10215,False
12260,12568,10220,False
12269,12577,10227,False
12278,12586,10233,False
12291,12599,10243,False
12308,12616,10257,False
12317,12625,10266,False
12335,12643,10280,False
12354,12662,10297,False
12387,12695,10320,False
12418,12726,10343,False
12421,12729,10345,True
12430,12738,10351,True
12442,12750,10361,False
12446,12754,10364,True
12448,12756,10365,False
12494,12802,10404,False
12502,12810,10411,False
12532,12840,10436,False
12535,12843,10439,False
12536,12844,10440,False
12542,12850,10445,True
12551,12859,10451,False
12582,12890,10478,False
12600,12908,10493,False
12635,12943,10520,False
12678,12986,10558,False
12683,12991,10562,False
12736,13044,10607,False
12743,13051,10613,False
12763,13071,10630,False
12781,13089,10644,False
12782,13090,10645,False
12787,13095,10650,False
12790,13098,10652,False
12794,13102,10656,False
12805,13113,10663,False
12815,13123,10670,False
12826,13134,10679,False
12843,13151,10694,False
12863,13171,10710,False
12864,13172,10711,False
12882,13190,10728,False
12893,13201,10738,False
12923,13231,10762,False
12938,13246,10774,False
12952,13260,10788,False
12953,13261,10789,True
12968,13276,10799,False
12977,13285,10807,False
12982,13290,10812,True
13038,13346,10857,False
13072,13380,10884,False
13096,13404,10904,False
13097,13405,10905,False
13098,13406,10906,False
13104,13412,10911,False
13109,13417,10915,False
13139,13447,10940,True
13143,13451,10942,False
13160,13468,10954,True
13172,13480,10963,False
13182,13490,10973,False
13231,13539,11013,False
13240,13548,11021,False
13248,13556,11027,False
13268,13576,11042,False
13280,13588,11053,False
13282,13590,11054,False
13295,13603,11065,False
13300,13608,11069,False
13312,13620,11079,False
13332,13640,11096,False
13349,13657,11111,True
13365,13673,11123,False
13379,13687,11135,False
13382,13690,11138,False
13386,13694,11141,False
13442,13750,11186,True
13495,13803,11231,False
13512,13820,11244,False
13537,13845,11265,False
13544,13852,11271,False
13578,13886,11295,False
13604,13912,11317,False
13607,13915,11320,False
13613,13921,11325,False
13615,13923,11327,False
13616,13924,11328,False
13623,13931,11333,False
13647,13955,11349,True
13660,13968,11359,False
13663,13971,11362,False
13690,13998,11382,False
