loan_id,account_id,loan_amount,loan_duration,loan_payments,status,account_district_id,account_frequency,disp_id,client_id,has_disponent,client_district_id,gender,last_balance,monthly_diff,age_on_loan_request,age_on_loan_request_disc
5314,1787,96396,12,8033,-1.0,30,weekly issuance,2166,2166,False,30,Female,20100.0,6700,46,40-49
5316,1801,165960,36,4610,1.0,46,monthly issuance,2181,2181,False,46,Male,52208.9,14733,25,21-29
6863,9188,127080,60,2118,1.0,45,monthly issuance,11006,11314,False,45,Male,20272.8,-6859,57,50-59
5325,1843,105804,36,2939,1.0,12,monthly issuance,2235,2235,False,14,Female,34292.7,-11054,53,50-59
7240,11013,274740,60,4579,1.0,1,weekly issuance,13231,13539,False,63,Male,41142.9,-30531,15,0-19
6687,8261,87840,24,3660,1.0,13,monthly issuance,9892,10200,True,13,Female,43847.8,-13741,14,0-19
7284,11265,52788,12,4399,1.0,15,monthly issuance,13537,13845,False,15,Male,21029.0,4185,21,21-29
6111,5428,174744,24,7281,-1.0,24,monthly issuance,6551,6551,False,24,Female,58140.9,9690,45,40-49
7235,10973,154416,48,3217,1.0,18,weekly issuance,13182,13490,False,18,Female,53402.7,8900,24,21-29
5997,4894,117024,24,4876,1.0,14,monthly issuance,5911,5911,False,14,Male,53193.5,-12765,58,50-59
7121,10364,21924,36,609,1.0,55,monthly issuance,12446,12754,True,55,Male,49083.3,8039,33,30-39
6077,5270,79608,24,3317,1.0,44,monthly issuance,6367,6367,False,44,Male,103745.7,-37351,24,21-29
6228,6034,464520,60,7742,-1.0,6,weekly issuance,7291,7291,False,77,Female,101797.3,9707,53,50-59
6356,6701,95400,36,2650,1.0,49,weekly issuance,8091,8091,False,5,Male,27667.0,3074,23,21-29
5523,2705,93888,36,2608,1.0,63,issuance after transaction,3264,3264,False,63,Female,34716.3,-8705,43,40-49
6456,7123,47016,12,3918,1.0,64,issuance after transaction,8598,8598,False,46,Female,58773.2,14637,36,30-39
7104,10320,259740,60,4329,1.0,68,monthly issuance,12387,12695,False,68,Male,67219.5,-12643,15,0-19
6820,9034,38148,12,3179,1.0,1,monthly issuance,10818,11126,False,1,Female,47725.8,-11742,29,21-29
6876,9236,86616,12,7218,1.0,11,monthly issuance,11064,11372,False,11,Male,37253.1,9313,32,30-39
7097,10266,75624,24,3151,-1.0,54,monthly issuance,12317,12625,False,54,Male,41954.8,5993,35,30-39
4959,2,80952,24,3373,1.0,1,monthly issuance,2,2,True,1,Male,27855.2,-14402,49,40-49
6499,7401,80952,24,3373,1.0,1,monthly issuance,8865,9173,True,1,Male,28763.7,-14319,49,40-49
5479,2486,24516,12,2043,1.0,1,monthly issuance,3001,3001,False,1,Male,78670.8,7150,35,30-39
5170,1071,253200,60,4220,1.0,68,weekly issuance,1286,1286,False,52,Female,81150.6,9016,44,40-49
6721,8475,21072,24,878,1.0,4,monthly issuance,10151,10459,False,17,Female,30867.0,7716,29,21-29
7259,11111,108144,36,3004,1.0,1,monthly issuance,13349,13657,True,59,Female,21921.3,6292,31,30-39
5285,1603,78936,12,6578,1.0,1,monthly issuance,1944,1944,False,31,Female,24601.0,4441,37,30-39
5189,1166,149040,48,3105,1.0,11,monthly issuance,1404,1404,False,11,Female,19048.1,-14529,25,21-29
6650,8073,49320,12,4110,-1.0,24,issuance after transaction,9665,9973,False,24,Female,15673.6,12830,48,40-49
7226,10940,197748,36,5493,1.0,50,monthly issuance,13139,13447,True,13,Female,43294.5,7215,24,21-29
6087,5313,300660,60,5011,1.0,40,monthly issuance,6417,6417,False,40,Male,33918.9,7349,44,40-49
7262,11135,182628,36,5073,1.0,75,monthly issuance,13379,13687,False,75,Male,45660.9,9132,35,30-39
5519,2694,91632,12,7636,1.0,7,monthly issuance,3251,3251,True,52,Female,33061.9,5109,31,30-39
6577,7753,51696,24,2154,1.0,74,monthly issuance,9285,9593,False,74,Female,38202.2,2938,26,21-29
6509,7445,55368,24,2307,1.0,64,monthly issuance,8918,9226,False,64,Female,12414.4,1034,54,50-59
6520,7485,91200,24,3800,1.0,39,monthly issuance,8965,9273,True,39,Female,32715.3,-16279,39,30-39
6699,8330,7656,24,319,1.0,48,monthly issuance,9979,10287,True,48,Female,36353.1,5501,32,30-39
6336,6555,212400,36,5900,1.0,38,weekly issuance,7914,7914,False,38,Female,64221.1,4940,27,21-29
7055,10079,167100,60,2785,1.0,62,monthly issuance,12088,12396,True,62,Female,39310.2,3573,24,21-29
6103,5385,149340,60,2489,1.0,44,weekly issuance,6499,6499,False,44,Male,23568.3,-8021,31,30-39
6202,5891,65184,12,5432,1.0,54,monthly issuance,7127,7127,False,3,Male,67995.4,-30233,37,30-39
7066,10131,215388,36,5983,-1.0,1,monthly issuance,12156,12464,False,39,Male,30662.8,5110,34,30-39
6696,8321,89040,60,1484,1.0,77,monthly issuance,9967,10275,True,77,Female,29305.8,6587,24,21-29
6072,5256,193968,36,5388,1.0,72,issuance after transaction,6349,6349,False,72,Male,80780.0,11540,21,21-29
5130,813,24312,12,2026,1.0,16,monthly issuance,976,976,False,16,Female,28461.9,-11066,38,30-39
5568,2933,272520,60,4542,1.0,10,monthly issuance,3542,3542,True,10,Male,30009.9,8098,55,50-59
6678,8173,80340,12,6695,1.0,11,monthly issuance,9787,10095,True,1,Female,89342.6,-33947,18,0-19
6998,9833,97632,12,8136,1.0,20,monthly issuance,11794,12102,False,21,Female,41330.1,-39656,26,21-29
6580,7769,196080,48,4085,1.0,23,monthly issuance,9303,9611,False,23,Male,86857.4,10857,36,30-39
6316,6473,76908,12,6409,-1.0,12,monthly issuance,7815,7815,False,4,Female,14888.6,930,48,40-49
6512,7454,63312,48,1319,1.0,4,monthly issuance,8928,9236,False,31,Female,28553.5,3941,38,30-39
6407,6930,25944,24,1081,1.0,41,monthly issuance,8366,8366,False,41,Female,69398.9,7711,34,30-39
5002,173,104808,12,8734,1.0,66,monthly issuance,210,210,True,66,Male,28015.4,7538,54,50-59
6647,8051,208320,48,4340,1.0,1,weekly issuance,9637,9945,True,31,Female,44183.1,-23278,26,21-29
7137,10439,151560,24,6315,1.0,66,monthly issuance,12535,12843,False,66,Male,21323.2,-30689,41,40-49
6903,9337,52128,24,2172,1.0,30,monthly issuance,11189,11497,False,11,Female,58844.8,6538,35,30-39
5918,4576,300204,36,8339,1.0,27,monthly issuance,5517,5517,False,57,Male,33947.4,2827,30,30-39
6642,8027,77640,12,6470,1.0,44,weekly issuance,9607,9915,False,27,Male,30825.8,-34251,27,21-29
6210,5927,87216,48,1817,-1.0,15,monthly issuance,7166,7166,False,15,Male,21705.9,-7026,30,30-39
6279,6273,87360,24,3640,1.0,38,monthly issuance,7576,7576,False,38,Male,29057.9,2641,32,30-39
7249,11065,69360,48,1445,1.0,11,monthly issuance,13295,13603,False,46,Male,38665.0,2577,53,50-59
6736,8558,288360,60,4806,1.0,1,issuance after transaction,10247,10555,False,1,Male,43450.3,10862,58,50-59
6112,5442,174744,24,7281,-1.0,34,monthly issuance,6567,6567,False,5,Female,6930.8,10912,16,0-19
5319,1811,239460,60,3991,1.0,40,monthly issuance,2195,2195,False,68,Female,36240.6,-17711,52,50-59
6596,7844,91584,24,3816,1.0,1,monthly issuance,9394,9702,False,33,Female,49842.9,-29379,43,40-49
5837,4260,244560,60,4076,1.0,56,monthly issuance,5134,5134,False,58,Female,21326.1,-16747,27,21-29
5657,3354,4980,12,415,1.0,63,monthly issuance,4056,4056,False,63,Female,22500.3,4779,42,40-49
5533,2762,111384,24,4641,1.0,19,monthly issuance,3335,3335,False,11,Male,52318.9,9941,27,21-29
6232,6051,276660,36,7685,-1.0,56,monthly issuance,7311,7311,False,56,Male,19783.2,1798,45,40-49
6888,9265,39576,12,3298,1.0,1,monthly issuance,11101,11409,False,32,Female,23901.1,10706,14,0-19
6066,5228,173808,24,7242,1.0,77,issuance after transaction,6317,6317,True,77,Female,94431.9,-46238,37,30-39
5549,2824,50460,60,841,1.0,11,monthly issuance,3414,3414,False,11,Female,41531.0,8663,47,40-49
5060,426,252060,60,4201,-1.0,1,monthly issuance,512,512,False,60,Female,70096.5,14001,29,21-29
6004,4937,143904,24,5996,1.0,12,monthly issuance,5965,5965,False,50,Male,38336.2,5536,43,40-49
5126,790,208128,48,4336,-1.0,54,monthly issuance,946,946,False,54,Male,81474.6,5431,43,40-49
7220,10911,131292,36,3647,1.0,1,weekly issuance,13104,13412,False,1,Male,31361.3,-16763,40,40-49
6668,8129,74736,36,2076,1.0,45,monthly issuance,9735,10043,False,45,Male,33243.7,6362,29,21-29
5395,2176,299088,36,8308,-1.0,67,monthly issuance,2635,2635,False,67,Female,19448.5,6720,28,21-29
6836,9093,189300,60,3155,1.0,47,monthly issuance,10887,11195,False,58,Male,24552.0,4278,41,40-49
6064,5215,14628,12,1219,1.0,55,monthly issuance,6301,6301,False,55,Female,34917.4,6788,45,40-49
6919,9403,120888,36,3358,1.0,1,weekly issuance,11266,11574,False,1,Female,52014.4,5336,50,50-59
6841,9104,172080,48,3585,1.0,10,monthly issuance,10900,11208,False,10,Female,58209.4,8315,37,30-39
6038,5120,323472,48,6739,1.0,1,monthly issuance,6178,6178,False,1,Female,72386.4,6015,54,50-59
6729,8519,74688,12,6224,1.0,23,monthly issuance,10202,10510,True,23,Female,28933.3,-27064,50,50-59
7198,10788,45768,12,3814,1.0,67,weekly issuance,12952,13260,False,72,Female,54427.5,6047,17,0-19
6686,8260,224604,36,6239,1.0,31,monthly issuance,9890,10198,True,31,Male,40287.4,-38368,18,0-19
5836,4259,79632,24,3318,1.0,66,monthly issuance,5133,5133,False,66,Female,99262.5,-28668,35,30-39
7061,10105,121896,24,5079,1.0,55,monthly issuance,12124,12432,False,55,Male,41917.2,2619,29,21-29
5595,3050,82896,12,6908,1.0,60,monthly issuance,3687,3687,True,49,Male,64300.6,-32945,23,21-29
5723,3674,23628,12,1969,1.0,38,monthly issuance,4428,4428,False,38,Male,64096.3,9896,41,40-49
6120,5481,209184,48,4358,1.0,52,monthly issuance,6616,6616,False,1,Male,44254.7,-35828,41,40-49
6895,9307,41904,12,3492,1.0,68,monthly issuance,11153,11461,False,70,Male,39204.7,7501,20,21-29
5882,4427,87816,12,7318,1.0,32,monthly issuance,5337,5337,True,1,Male,15665.6,4420,33,30-39
5754,3834,23052,12,1921,1.0,54,monthly issuance,4620,4620,True,54,Female,28531.7,6644,54,50-59
6594,7824,189696,24,7904,-1.0,60,monthly issuance,9367,9675,False,60,Female,22500.0,5625,25,21-29
6738,8566,230220,36,6395,-1.0,74,monthly issuance,10258,10566,False,74,Female,6325.5,9114,52,50-59
6624,7965,71460,12,5955,1.0,55,monthly issuance,9536,9844,True,55,Male,53022.0,9617,49,40-49
6216,5952,141240,24,5885,1.0,50,monthly issuance,7195,7195,False,50,Male,45871.6,-28136,32,30-39
6229,6040,11736,24,489,1.0,1,monthly issuance,7299,7299,False,1,Male,26984.4,7904,56,50-59
5887,4448,192744,36,5354,1.0,60,monthly issuance,5366,5366,True,60,Female,29019.1,1813,23,21-29
6808,8982,227880,36,6330,1.0,64,monthly issuance,10755,11063,True,64,Female,53716.6,4132,39,30-39
6297,6363,17508,12,1459,1.0,74,monthly issuance,7683,7683,False,12,Male,48027.0,3201,49,40-49
5161,1012,98184,24,4091,1.0,65,monthly issuance,1216,1216,False,65,Female,68956.1,-7305,49,40-49
5390,2167,170256,24,7094,1.0,16,monthly issuance,2623,2623,False,16,Female,43302.8,6834,29,21-29
6150,5622,83016,12,6918,1.0,70,monthly issuance,6789,6789,False,57,Male,93620.2,9124,16,0-19
6223,5991,61056,48,1272,1.0,1,monthly issuance,7241,7241,False,57,Female,33525.3,5900,37,30-39
5032,290,123696,48,2577,1.0,56,monthly issuance,352,352,False,56,Male,25187.2,5522,54,50-59
6253,6148,59760,24,2490,1.0,74,monthly issuance,7422,7422,True,74,Male,41133.1,7306,36,30-39
6460,7133,48672,36,1352,1.0,1,monthly issuance,8610,8610,True,55,Female,23110.0,3513,47,40-49
6645,8041,140400,36,3900,1.0,1,monthly issuance,9625,9933,False,74,Male,28271.8,2174,53,50-59
5176,1106,192552,24,8023,-1.0,20,weekly issuance,1327,1327,False,20,Female,22225.5,1481,31,30-39
5269,1527,164052,36,4557,-1.0,31,issuance after transaction,1851,1851,False,31,Female,20811.2,1734,19,0-19
5351,1978,205200,36,5700,1.0,57,weekly issuance,2403,2403,False,1,Female,54586.0,-21594,32,30-39
5861,4337,51408,24,2142,1.0,29,monthly issuance,5224,5224,False,29,Male,49198.8,3784,45,40-49
5450,2345,199680,60,3328,1.0,5,monthly issuance,2834,2834,False,52,Male,19938.6,-16223,46,40-49
7142,10451,482940,60,8049,-1.0,1,monthly issuance,12551,12859,False,1,Female,18439.4,6792,19,0-19
6306,6425,36684,12,3057,1.0,31,monthly issuance,7753,7753,False,70,Female,35093.0,1671,16,0-19
6272,6226,398640,60,6644,1.0,74,weekly issuance,7521,7521,False,74,Female,59316.9,-39890,35,30-39
5044,344,100980,60,1683,1.0,54,monthly issuance,421,421,False,54,Male,48637.7,6906,29,21-29
5576,2962,31248,12,2604,1.0,1,monthly issuance,3576,3576,False,1,Female,53922.3,2838,56,50-59
7192,10738,115992,36,3222,1.0,45,weekly issuance,12893,13201,False,31,Male,9669.5,7065,58,50-59
5739,3747,76380,12,6365,1.0,1,monthly issuance,4520,4520,False,1,Female,23156.6,5113,38,30-39
6526,7523,288468,36,8013,1.0,63,monthly issuance,9008,9316,False,63,Female,48665.3,9768,36,30-39
5624,3166,177744,48,3703,-1.0,71,monthly issuance,3829,3829,False,59,Male,14230.7,837,23,21-29
6244,6118,270648,36,7518,-1.0,1,weekly issuance,7390,7390,False,1,Male,50996.5,5099,57,50-59
5131,816,48624,24,2026,1.0,52,monthly issuance,980,980,False,40,Male,47993.6,5675,33,30-39
6960,9640,76416,24,3184,1.0,1,monthly issuance,11558,11866,True,1,Male,12262.9,-8271,57,50-59
6358,6715,137880,60,2298,-1.0,48,weekly issuance,8105,8105,False,72,Male,19966.8,-13833,32,30-39
5418,2245,347952,48,7249,1.0,29,monthly issuance,2719,2719,False,29,Female,57546.3,2615,30,30-39
6598,7857,68112,12,5676,1.0,75,monthly issuance,9407,9715,False,35,Female,39416.1,-32286,17,0-19
5464,2419,95808,12,7984,1.0,24,monthly issuance,2922,2922,False,43,Male,72500.4,4833,54,50-59
6591,7819,20832,48,434,1.0,38,monthly issuance,9362,9670,False,38,Male,17887.1,4842,47,40-49
5724,3678,316140,60,5269,-1.0,1,monthly issuance,4433,4433,False,1,Male,12826.4,557,27,21-29
6315,6472,43164,12,3597,1.0,61,monthly issuance,7814,7814,False,61,Female,31349.9,-39044,19,0-19
5876,4413,221280,48,4610,1.0,74,weekly issuance,5318,5318,True,74,Male,31314.7,-26842,27,21-29
6986,9750,151728,48,3161,-1.0,74,monthly issuance,11695,12003,False,74,Male,26488.7,2943,19,0-19
6294,6353,79920,60,1332,1.0,26,monthly issuance,7672,7672,False,26,Male,31271.6,6464,42,40-49
5132,817,538500,60,8975,1.0,5,monthly issuance,981,981,False,5,Male,23271.0,5046,35,30-39
5877,4414,97224,24,4051,1.0,24,monthly issuance,5320,5320,True,17,Female,19479.6,6300,44,40-49
6227,6030,28248,24,1177,1.0,47,monthly issuance,7286,7286,False,47,Female,33729.1,1775,25,21-29
7241,11021,168984,24,7041,-1.0,1,monthly issuance,13240,13548,False,1,Male,24304.3,1279,19,0-19
6737,8564,76680,24,3195,1.0,68,monthly issuance,10255,10563,True,68,Male,27191.2,-28785,46,40-49
7004,9869,331560,60,5526,1.0,12,monthly issuance,11836,12144,True,2,Male,47992.1,8704,14,0-19
6169,5700,103680,60,1728,-1.0,42,monthly issuance,6895,6895,False,42,Male,30227.6,1511,24,21-29
5208,1247,99696,48,2077,-1.0,25,monthly issuance,1505,1505,False,65,Female,32966.8,1569,24,21-29
6694,8316,134784,24,5616,1.0,70,monthly issuance,9961,10269,False,70,Female,16218.7,1621,55,50-59
5599,3064,15420,12,1285,1.0,40,monthly issuance,3705,3705,False,1,Female,31867.2,6215,30,30-39
6546,7607,31728,24,1322,1.0,1,monthly issuance,9110,9418,True,1,Male,32802.7,6162,45,40-49
5414,2228,185952,48,3874,1.0,34,monthly issuance,2700,2700,False,34,Male,82385.2,6693,50,50-59
5453,2361,156672,36,4352,1.0,28,monthly issuance,2853,2853,False,28,Female,23286.1,4298,39,30-39
5740,3752,18564,12,1547,1.0,1,monthly issuance,4527,4527,False,1,Female,43265.7,8653,32,30-39
5804,4079,158976,48,3312,1.0,52,monthly issuance,4916,4916,False,52,Male,18894.0,5679,56,50-59
6745,8625,47304,24,1971,1.0,64,monthly issuance,10328,10636,False,64,Male,62458.3,10386,24,21-29
6950,9591,104712,24,4363,1.0,74,monthly issuance,11496,11804,False,74,Male,25947.2,4913,50,50-59
6996,9828,126600,24,5275,1.0,11,monthly issuance,11787,12095,False,47,Male,48720.6,-32281,56,50-59
5352,1993,68400,12,5700,-1.0,68,monthly issuance,2422,2422,False,68,Female,23946.1,4789,19,0-19
6151,5628,225420,60,3757,1.0,61,monthly issuance,6798,6798,False,61,Female,32403.4,3240,47,40-49
5310,1762,248148,36,6893,1.0,28,monthly issuance,2136,2136,False,28,Female,41108.6,6415,55,50-59
5045,347,187224,24,7801,-1.0,65,monthly issuance,424,424,False,1,Male,50832.1,2990,48,40-49
6929,9472,36396,12,3033,1.0,1,weekly issuance,11354,11662,False,76,Male,45480.6,6488,23,21-29
5151,960,189060,60,3151,1.0,4,issuance after transaction,1157,1157,False,4,Female,68945.6,-30473,36,30-39
5212,1256,71064,36,1974,1.0,38,monthly issuance,1516,1516,False,38,Female,31397.0,7003,49,40-49
5138,854,87216,48,1817,1.0,62,monthly issuance,1029,1029,False,1,Female,29638.3,4748,41,40-49
5713,3629,158760,60,2646,1.0,48,monthly issuance,4377,4377,False,48,Male,19182.3,-7580,17,0-19
6704,8377,417060,60,6951,1.0,29,monthly issuance,10042,10350,True,29,Female,80978.7,5565,34,30-39
6474,7190,63360,60,1056,1.0,49,monthly issuance,8677,8677,True,49,Male,25635.0,5330,40,40-49
6676,8159,29784,24,1241,1.0,26,monthly issuance,9768,10076,True,26,Female,37920.3,9480,25,21-29
6965,9656,139536,24,5814,1.0,61,monthly issuance,11578,11886,False,61,Female,36472.9,11512,54,50-59
6725,8489,265320,36,7370,1.0,19,monthly issuance,10167,10475,True,51,Female,35289.8,4785,47,40-49
7166,10630,198240,24,8260,1.0,41,monthly issuance,12763,13071,False,41,Male,35344.2,8529,39,30-39
7138,10440,60000,60,1000,1.0,72,monthly issuance,12536,12844,False,45,Male,16893.2,4561,49,40-49
5970,4774,465072,48,9689,1.0,66,monthly issuance,5760,5760,True,66,Male,37152.4,2064,47,40-49
6157,5650,98592,24,4108,1.0,10,issuance after transaction,6829,6829,False,10,Female,62671.9,-15882,32,30-39
6153,5632,285600,60,4760,1.0,5,weekly issuance,6803,6803,True,5,Female,28194.4,3524,15,0-19
5693,3489,44088,24,1837,1.0,9,monthly issuance,4217,4217,False,9,Female,44368.6,6810,44,40-49
5922,4580,20220,12,1685,1.0,9,monthly issuance,5521,5521,False,9,Female,31317.9,6243,22,21-29
5959,4727,107640,24,4485,1.0,2,monthly issuance,5701,5701,False,2,Female,65325.4,-26926,36,30-39
5980,4825,21396,12,1783,1.0,15,monthly issuance,5826,5826,True,15,Male,24782.0,-10116,27,21-29
6764,8776,33984,48,708,1.0,64,monthly issuance,10510,10818,False,64,Male,44465.4,3705,23,21-29
5237,1375,45336,24,1889,1.0,19,monthly issuance,1663,1663,False,19,Male,40939.5,6937,38,30-39
6726,8492,85860,60,1431,1.0,2,monthly issuance,10171,10479,False,2,Female,39366.8,5266,40,40-49
6933,9493,188688,48,3931,1.0,64,monthly issuance,11377,11685,False,64,Female,23579.7,-16555,30,30-39
5145,915,309552,48,6449,1.0,72,monthly issuance,1102,1102,False,72,Male,51799.4,-27491,61,60-69
7008,9897,36168,12,3014,1.0,1,monthly issuance,11873,12181,False,1,Male,29138.1,-9940,34,30-39
7227,10942,314520,60,5242,1.0,44,weekly issuance,13143,13451,False,44,Female,50517.0,11009,40,40-49
6600,7861,21852,36,607,1.0,34,monthly issuance,9413,9721,False,34,Male,42899.4,7154,41,40-49
6712,8405,266220,60,4437,1.0,20,monthly issuance,10074,10382,False,20,Female,38159.6,7788,31,30-39
7057,10093,231696,36,6436,1.0,1,weekly issuance,12108,12416,True,1,Male,39874.7,-32949,22,21-29
7176,10663,260028,36,7223,1.0,11,monthly issuance,12805,13113,False,11,Male,69850.9,-30615,19,0-19
7304,11349,419880,60,6998,1.0,1,weekly issuance,13647,13955,True,1,Female,24704.4,-39068,50,50-59
6362,6738,37908,12,3159,1.0,62,monthly issuance,8130,8130,False,62,Female,46113.5,-17143,19,0-19
5880,4423,73836,36,2051,1.0,39,monthly issuance,5333,5333,False,39,Female,67453.1,9636,28,21-29
6535,7546,41952,12,3496,1.0,43,monthly issuance,9038,9346,False,43,Male,24687.4,-17776,23,21-29
5449,2343,99336,24,4139,1.0,68,monthly issuance,2831,2831,False,68,Female,30838.7,5378,15,0-19
6342,6609,60156,36,1671,-1.0,16,monthly issuance,7980,7980,False,16,Male,106112.8,11091,19,0-19
5409,2218,182040,60,3034,1.0,19,monthly issuance,2686,2686,True,19,Female,38747.5,-41228,45,40-49
6955,9627,244368,48,5091,1.0,65,issuance after transaction,11543,11851,False,65,Male,86194.1,5387,26,21-29
6985,9731,113796,36,3161,1.0,54,issuance after transaction,11670,11978,True,54,Male,34054.0,-13515,24,21-29
5125,789,73056,48,1522,1.0,39,monthly issuance,944,944,True,39,Male,21545.7,4051,25,21-29
5805,4081,137904,24,5746,-1.0,11,monthly issuance,4918,4918,False,11,Male,35159.7,8789,28,21-29
6185,5774,31176,24,1299,1.0,1,monthly issuance,6987,6987,False,1,Male,50647.1,9867,28,21-29
7243,11042,217152,36,6032,1.0,72,monthly issuance,13268,13576,False,72,Male,42293.9,-26100,21,21-29
6403,6924,194880,48,4060,1.0,74,monthly issuance,8359,8359,False,74,Male,31007.0,-21098,16,0-19
6578,7765,27984,12,2332,1.0,52,weekly issuance,9298,9606,False,52,Male,18380.5,5914,47,40-49
5413,2227,92976,24,3874,1.0,31,weekly issuance,2698,2698,True,31,Female,21531.8,8883,25,21-29
6949,9583,104712,24,4363,1.0,31,weekly issuance,11486,11794,True,31,Female,30115.3,9334,25,21-29
6545,7606,191880,60,3198,1.0,21,monthly issuance,9109,9417,False,21,Male,78521.0,17723,47,40-49
6178,5742,232560,48,4845,1.0,74,issuance after transaction,6946,6946,False,74,Female,41243.5,6873,26,21-29
5160,1011,204000,60,3400,1.0,45,monthly issuance,1215,1215,False,45,Male,45077.7,-14213,52,50-59
6785,8899,125340,60,2089,1.0,1,weekly issuance,10655,10963,False,1,Male,19007.0,4204,52,50-59
6540,7562,309600,48,6450,1.0,72,weekly issuance,9058,9366,False,72,Male,35488.1,-35743,21,21-29
6589,7815,189696,24,7904,1.0,19,weekly issuance,9355,9663,True,19,Male,88662.1,13320,50,50-59
5900,4503,135360,48,2820,1.0,50,monthly issuance,5433,5433,False,50,Male,54883.5,4572,20,21-29
5999,4907,98832,48,2059,1.0,42,monthly issuance,5928,5928,False,42,Female,27184.4,5512,25,21-29
6043,5126,20352,48,424,1.0,58,monthly issuance,6185,6185,True,58,Female,21281.5,4232,48,40-49
5482,2496,165120,60,2752,1.0,51,monthly issuance,3013,3013,True,51,Female,22745.4,4873,46,40-49
7263,11138,89880,24,3745,1.0,70,weekly issuance,13382,13690,False,70,Male,39079.5,7815,33,30-39
6013,4995,128988,36,3583,-1.0,20,weekly issuance,6034,6034,False,20,Male,9680.2,509,56,50-59
5750,3804,63252,12,5271,1.0,7,monthly issuance,4584,4584,False,7,Female,49709.2,-28220,47,40-49
6027,5066,61656,24,2569,-1.0,13,weekly issuance,6115,6115,False,13,Female,59695.5,9949,42,40-49
6303,6400,72408,24,3017,-1.0,31,issuance after transaction,7727,7727,False,31,Female,36363.9,9090,38,30-39
7213,10884,113544,36,3154,1.0,65,monthly issuance,13072,13380,False,65,Male,13386.8,-14463,53,50-59
6659,8092,56100,60,935,1.0,54,monthly issuance,9687,9995,False,54,Male,15407.2,5096,38,30-39
6175,5735,290700,60,4845,-1.0,52,monthly issuance,6936,6936,False,52,Female,11574.8,890,37,30-39
5610,3112,123216,48,2567,1.0,38,monthly issuance,3763,3763,True,38,Female,77580.8,5850,19,0-19
5563,2912,380160,60,6336,1.0,74,monthly issuance,3519,3519,False,74,Male,24549.6,1292,46,40-49
5989,4852,213300,36,5925,1.0,47,monthly issuance,5860,5860,False,47,Male,27341.3,4663,32,30-39
6698,8327,247728,48,5161,1.0,1,weekly issuance,9974,10282,False,1,Male,52551.7,9060,17,0-19
5312,1772,202788,36,5633,1.0,31,weekly issuance,2148,2148,False,31,Female,81623.6,-37324,43,40-49
7189,10728,154656,48,3222,1.0,71,monthly issuance,12882,13190,False,71,Male,37180.5,-15560,39,30-39
6816,9017,100224,48,2088,-1.0,70,monthly issuance,10797,11105,False,70,Female,31387.1,-6247,39,30-39
6137,5574,44628,12,3719,1.0,13,weekly issuance,6731,6731,False,13,Male,80439.7,-38237,52,50-59
5128,808,215616,48,4492,-1.0,69,monthly issuance,968,968,False,69,Male,8640.6,864,39,30-39
5470,2456,200976,48,4187,1.0,65,monthly issuance,2966,2966,False,65,Male,47431.4,-17182,41,40-49
5593,3037,277884,36,7719,-1.0,44,monthly issuance,3670,3670,False,44,Female,11614.0,504,16,0-19
5350,1967,249312,48,5194,1.0,26,weekly issuance,2392,2392,False,26,Male,55426.5,9360,41,40-49
6063,5213,320976,48,6687,-1.0,1,monthly issuance,6299,6299,False,1,Male,46462.2,-43825,60,60-69
6501,7418,30276,12,2523,-1.0,21,monthly issuance,8888,9196,False,21,Female,24930.3,-14385,57,50-59
5452,2352,49440,60,824,1.0,70,monthly issuance,2843,2843,False,70,Female,45021.6,7121,30,30-39
4961,19,30276,12,2523,-1.0,21,monthly issuance,25,25,False,21,Female,15854.0,-15083,57,50-59
4973,67,165960,24,6915,1.0,16,monthly issuance,78,78,False,16,Female,23703.8,-36296,52,50-59
6190,5794,123600,60,2060,1.0,70,monthly issuance,7010,7010,True,70,Male,15505.6,1550,29,21-29
6715,8411,220620,60,3677,1.0,20,monthly issuance,10081,10389,False,20,Female,26428.9,-15878,53,50-59
5892,4462,66480,24,2770,-1.0,73,weekly issuance,5384,5384,False,73,Male,34891.2,6978,61,60-69
6550,7614,320592,48,6679,1.0,62,monthly issuance,9119,9427,True,62,Female,69148.6,-38133,26,21-29
5706,3608,161496,36,4486,1.0,72,weekly issuance,4352,4352,False,72,Male,29371.5,4225,25,21-29
5148,940,284280,60,4738,1.0,37,monthly issuance,1133,1133,True,37,Female,94617.3,-35733,38,30-39
6734,8547,173016,36,4806,1.0,14,weekly issuance,10235,10543,False,14,Female,88331.6,8030,51,50-59
6109,5422,368880,60,6148,1.0,66,monthly issuance,6544,6544,True,66,Male,105727.0,8955,22,21-29
6961,9645,176148,36,4893,1.0,38,monthly issuance,11565,11873,False,38,Female,53592.6,-17186,33,30-39
6810,9006,186384,48,3883,1.0,40,weekly issuance,10785,11093,False,40,Male,21033.8,5108,37,30-39
5494,2572,360000,48,7500,1.0,64,issuance after transaction,3103,3103,False,64,Female,64765.2,-50549,23,21-29
5311,1766,30060,60,501,1.0,28,monthly issuance,2141,2141,False,28,Male,48523.3,7487,45,40-49
5445,2322,46320,24,1930,1.0,33,monthly issuance,2809,2809,False,33,Male,26652.7,7246,17,0-19
5301,1698,141948,36,3943,1.0,68,monthly issuance,2063,2063,False,68,Female,47239.7,11809,46,40-49
7034,10001,19044,36,529,1.0,24,monthly issuance,11995,12303,False,24,Female,50167.6,3583,22,21-29
6751,8680,85716,36,2381,1.0,17,monthly issuance,10394,10702,True,17,Male,36516.9,-8412,58,50-59
6667,8127,155880,24,6495,1.0,37,monthly issuance,9732,10040,True,37,Female,44564.6,8449,28,21-29
6130,5541,32640,48,680,1.0,43,monthly issuance,6691,6691,False,43,Male,18800.0,3761,54,50-59
5429,2268,20196,36,561,1.0,1,monthly issuance,2746,2746,False,1,Male,65684.6,7796,25,21-29
5725,3679,444864,48,9268,1.0,64,monthly issuance,4434,4434,True,64,Male,41743.9,7987,32,30-39
6019,5033,11400,12,950,1.0,54,monthly issuance,6077,6077,False,54,Female,27820.2,5435,16,0-19
6421,6985,96768,36,2688,1.0,38,monthly issuance,8432,8432,True,38,Female,37396.4,10797,29,21-29
6992,9790,133968,48,2791,1.0,52,monthly issuance,11742,12050,True,52,Male,34729.5,15139,53,50-59
5136,846,187104,24,7796,1.0,72,monthly issuance,1020,1020,False,72,Female,133377.7,17375,19,0-19
5337,1886,162468,36,4513,1.0,32,monthly issuance,2288,2288,True,32,Female,74638.8,-14855,39,30-39
5495,2580,89340,60,1489,1.0,60,monthly issuance,3113,3113,True,60,Female,41522.6,7400,25,21-29
7013,9928,89340,60,1489,1.0,60,monthly issuance,11912,12220,True,60,Female,42227.6,7478,25,21-29
6012,4994,258444,36,7179,1.0,1,weekly issuance,6033,6033,False,1,Male,53892.1,7698,30,30-39
6471,7184,155640,24,6485,1.0,5,monthly issuance,8670,8670,False,5,Female,40494.6,6929,54,50-59
6296,6358,270384,48,5633,1.0,3,monthly issuance,7678,7678,False,3,Male,57835.1,-24603,34,30-39
7305,11359,54024,12,4502,1.0,61,monthly issuance,13660,13968,False,61,Male,25697.2,-24614,28,21-29
6144,5593,44376,12,3698,1.0,15,monthly issuance,6753,6753,False,15,Male,68241.5,15406,34,30-39
6283,6289,85632,48,1784,1.0,64,monthly issuance,7594,7594,False,64,Female,99938.7,5878,47,40-49
7246,11054,148920,60,2482,1.0,59,weekly issuance,13282,13590,False,59,Male,15278.6,-8841,19,0-19
5088,544,91152,24,3798,1.0,32,monthly issuance,655,655,False,32,Male,39378.8,-21040,54,50-59
5988,4851,141648,24,5902,1.0,52,monthly issuance,5858,5858,True,52,Male,88710.1,12672,44,40-49
5282,1583,388512,48,8094,-1.0,69,issuance after transaction,1917,1917,False,69,Female,38697.3,1842,27,21-29
5938,4650,402000,60,6700,1.0,4,monthly issuance,5606,5606,False,4,Male,17232.1,3696,16,0-19
5606,3084,253512,36,7042,-1.0,59,weekly issuance,3730,3730,False,59,Female,13318.4,1902,51,50-59
5385,2143,71460,36,1985,1.0,1,monthly issuance,2592,2592,True,1,Female,49648.9,8930,16,0-19
6865,9199,29448,12,2454,-1.0,72,monthly issuance,11019,11327,False,72,Male,43790.6,-5620,49,40-49
5586,2994,48744,36,1354,1.0,77,monthly issuance,3616,3616,False,77,Female,62891.3,12578,32,30-39
6302,6397,181020,60,3017,1.0,48,monthly issuance,7723,7723,True,48,Female,45526.0,-17245,30,30-39
7194,10762,68832,36,1912,1.0,1,monthly issuance,12923,13231,False,1,Male,51540.7,7650,37,30-39
6461,7136,74124,36,2059,1.0,12,weekly issuance,8615,8615,False,12,Female,25658.0,3785,57,50-59
6732,8533,174048,48,3626,1.0,47,monthly issuance,10220,10528,False,47,Female,54140.4,4511,45,40-49
6613,7926,84120,24,3505,1.0,69,weekly issuance,9490,9798,False,69,Female,45528.9,15988,47,40-49
7036,10019,194940,36,5415,1.0,8,monthly issuance,12017,12325,False,8,Male,34212.3,2138,32,30-39
5897,4476,15192,24,633,1.0,24,monthly issuance,5399,5399,False,24,Female,17351.9,6397,24,21-29
6995,9814,96168,12,8014,1.0,64,weekly issuance,11771,12079,False,64,Female,3609.3,171,24,21-29
5415,2236,139464,36,3874,-1.0,73,monthly issuance,2708,2708,False,73,Male,41662.8,3204,38,30-39
7136,10436,54396,36,1511,1.0,60,monthly issuance,12532,12840,False,60,Male,36208.8,6034,57,50-59
7271,11186,392460,60,6541,1.0,12,monthly issuance,13442,13750,True,12,Female,53259.7,-30960,16,0-19
5375,2106,101520,12,8460,1.0,1,monthly issuance,2550,2550,False,1,Female,16720.8,3824,20,21-29
5635,3230,77184,36,2144,1.0,1,monthly issuance,3907,3907,False,1,Female,22446.0,1181,42,40-49
6817,9024,70656,48,1472,1.0,1,monthly issuance,10806,11114,False,1,Male,22476.1,5283,44,40-49
5923,4585,64656,48,1347,1.0,27,monthly issuance,5526,5526,True,27,Male,44749.0,11187,50,50-59
5329,1862,396120,60,6602,1.0,19,weekly issuance,2259,2259,False,19,Female,88610.1,-37988,47,40-49
6644,8039,93600,24,3900,1.0,9,monthly issuance,9622,9930,False,9,Male,26235.8,5081,24,21-29
6354,6688,22968,36,638,1.0,16,monthly issuance,8076,8076,False,16,Female,38831.0,9707,46,40-49
5082,501,262980,60,4383,1.0,13,monthly issuance,603,603,False,13,Female,76081.3,6340,31,30-39
6585,7795,372120,60,6202,1.0,64,monthly issuance,9333,9641,True,64,Male,46580.5,2117,52,50-59
6921,9422,86184,12,7182,1.0,70,monthly issuance,11288,11596,False,70,Female,43157.5,-39177,56,50-59
5366,2062,86184,12,7182,1.0,70,monthly issuance,2501,2501,False,70,Female,39660.8,-39614,56,50-59
5886,4447,192744,36,5354,1.0,62,monthly issuance,5364,5364,True,62,Male,27799.1,6949,33,30-39
5741,3754,68544,24,2856,1.0,37,weekly issuance,4529,4529,True,37,Male,23729.8,-22624,20,21-29
4996,132,88440,12,7370,1.0,40,issuance after transaction,158,158,True,40,Female,79007.6,13151,51,50-59
6015,5001,110112,24,4588,1.0,53,monthly issuance,6042,6042,False,53,Male,135658.1,14782,33,30-39
6309,6434,110136,24,4589,1.0,1,monthly issuance,7765,7765,False,1,Female,40746.5,3689,39,30-39
6073,5263,276300,60,4605,1.0,64,monthly issuance,6359,6359,False,64,Male,27578.1,4439,20,21-29
6006,4948,359760,60,5996,1.0,43,monthly issuance,5977,5977,False,43,Male,39959.4,3674,17,0-19
5611,3115,321180,60,5353,1.0,14,monthly issuance,3767,3767,True,14,Male,37183.5,-22118,60,60-69
6944,9548,46176,48,962,1.0,62,monthly issuance,11446,11754,False,62,Male,38725.1,8056,30,30-39
7101,10297,421008,48,8771,1.0,14,monthly issuance,12354,12662,False,14,Male,31168.0,9058,43,40-49
6599,7859,72120,12,6010,1.0,52,monthly issuance,9409,9717,True,52,Female,98631.7,-32222,44,40-49
6940,9510,228276,36,6341,1.0,1,monthly issuance,11401,11709,True,1,Male,53707.9,8951,35,30-39
5209,1250,182640,48,3805,1.0,62,monthly issuance,1509,1509,False,62,Female,23898.3,-16213,55,50-59
5388,2153,61560,12,5130,1.0,31,weekly issuance,2606,2606,False,31,Male,20051.1,-21478,54,50-59
6011,4981,179328,48,3736,1.0,54,monthly issuance,6015,6015,False,54,Male,36074.7,6565,23,21-29
5591,3021,155616,48,3242,1.0,10,monthly issuance,3649,3649,False,10,Female,24447.1,-15179,37,30-39
7154,10520,417600,60,6960,1.0,55,issuance after transaction,12635,12943,False,55,Male,58638.6,4188,26,21-29
7130,10411,123408,24,5142,1.0,39,issuance after transaction,12502,12810,False,39,Male,8357.1,7511,32,30-39
6818,9030,155616,48,3242,1.0,72,monthly issuance,10813,11121,True,72,Female,60694.1,5313,26,21-29
5625,3189,222180,60,3703,-1.0,29,monthly issuance,3855,3855,False,29,Male,59578.8,4583,58,50-59
6805,8972,45024,48,938,1.0,70,monthly issuance,10742,11050,False,70,Female,38384.3,8387,40,40-49
7233,10963,115812,36,3217,1.0,16,monthly issuance,13172,13480,False,16,Male,41878.1,2204,44,40-49
7308,11362,129408,24,5392,1.0,67,monthly issuance,13663,13971,False,67,Female,24199.5,5510,34,30-39
5895,4473,93960,60,1566,,45,monthly issuance,5395,5395,False,45,Male,49548.5,8970,35,30-39
7122,10365,260640,36,7240,,22,monthly issuance,12448,12756,False,22,Female,11565.4,4830,48,40-49
6173,5724,232560,48,4845,,14,issuance after transaction,6922,6922,False,14,Female,45754.0,-24751,58,50-59
6142,5591,221880,60,3698,,9,monthly issuance,6749,6749,True,9,Female,41785.4,-18389,53,50-59
5358,2018,38520,12,3210,,42,monthly issuance,2451,2451,False,42,Male,16514.3,3191,57,50-59
6095,5358,68340,60,1139,,4,monthly issuance,6469,6469,False,4,Male,60756.7,9201,44,40-49
6878,9242,23184,12,1932,,57,monthly issuance,11073,11381,False,57,Female,42501.4,3863,18,0-19
6554,7637,390096,48,8127,,46,monthly issuance,9149,9457,True,46,Male,44278.0,8855,18,0-19
6793,8931,186300,60,3105,,63,weekly issuance,10696,11004,False,63,Male,26264.0,7588,49,40-49
7286,11271,67320,36,1870,,5,monthly issuance,13544,13852,False,5,Male,19757.5,-4523,25,21-29
6076,5269,117420,60,1957,,49,monthly issuance,6366,6366,False,49,Male,24539.8,5806,31,30-39
5134,825,53076,12,4423,,19,monthly issuance,992,992,False,19,Male,21080.3,6952,49,40-49
5419,2246,415800,60,6930,,1,monthly issuance,2720,2720,False,1,Female,13480.4,1348,47,40-49
6255,6158,247920,48,5165,,67,monthly issuance,7435,7435,False,67,Female,23990.1,2665,40,40-49
5656,3353,146064,24,6086,,74,monthly issuance,4055,4055,False,74,Female,45020.6,7572,44,40-49
6934,9494,116832,12,9736,,21,monthly issuance,11378,11686,True,21,Female,20739.0,4941,48,40-49
6028,5072,317520,60,5292,,6,monthly issuance,6122,6122,False,6,Female,38678.7,9362,29,21-29
6490,7262,73260,60,1221,,70,monthly issuance,8764,8764,False,70,Female,28038.0,4989,57,50-59
6415,6950,475680,48,9910,,36,monthly issuance,8392,8392,True,36,Female,46505.3,11626,31,30-39
7087,10215,44304,24,1846,,38,monthly issuance,12253,12561,False,38,Male,46446.1,6553,31,30-39
5420,2247,72504,24,3021,,24,monthly issuance,2721,2721,False,24,Female,17104.4,4538,47,40-49
5977,4803,59136,48,1232,,26,monthly issuance,5801,5801,False,26,Female,22740.4,2526,17,0-19
6824,9052,71976,24,2999,,43,issuance after transaction,10841,11149,False,43,Male,85375.5,4743,32,30-39
5207,1244,35904,48,748,,68,monthly issuance,1501,1501,False,68,Male,17662.3,3255,51,50-59
7115,10351,88704,48,1848,,23,monthly issuance,12430,12738,True,23,Female,13431.1,4218,36,30-39
7250,11069,119136,48,2482,,37,monthly issuance,13300,13608,False,37,Female,45721.0,2176,34,30-39
6010,4969,150180,60,2503,,60,weekly issuance,6001,6001,False,60,Male,79230.1,12505,60,60-69
6088,5317,90180,36,2505,,28,monthly issuance,6422,6422,False,28,Male,36566.0,-6213,36,30-39
5682,3455,67464,12,5622,,34,monthly issuance,4177,4177,False,34,Male,59310.8,-31603,61,60-69
7201,10807,67464,12,5622,,34,monthly issuance,12977,13285,False,34,Male,64497.2,-31171,61,60-69
6938,9504,341280,60,5688,,9,monthly issuance,11393,11701,False,9,Male,68367.1,-34850,48,40-49
6875,9235,83280,48,1735,,37,monthly issuance,11063,11371,False,37,Female,41045.9,1954,55,50-59
5953,4715,97176,24,4049,,8,monthly issuance,5684,5684,False,8,Female,91941.4,-32056,42,40-49
5942,4681,162624,48,3388,,70,monthly issuance,5642,5642,False,70,Female,39415.4,-12482,39,30-39
5382,2134,22932,36,637,,52,monthly issuance,2581,2581,False,52,Female,49849.1,7640,43,40-49
6377,6792,17184,12,1432,,1,monthly issuance,8200,8200,False,1,Female,40773.2,5884,53,50-59
5931,4618,66696,24,2779,,3,monthly issuance,5565,5565,False,3,Female,12551.9,1568,30,30-39
5992,4863,76080,12,6340,,5,monthly issuance,5873,5873,False,5,Female,70923.6,-26841,18,0-19
5790,4033,84288,48,1756,,57,monthly issuance,4861,4861,False,57,Female,37381.6,9345,19,0-19
6753,8688,67980,12,5665,,66,monthly issuance,10406,10714,False,66,Female,55705.9,13926,51,50-59
6562,7674,94488,24,3937,,1,monthly issuance,9197,9505,False,1,Male,70683.9,15480,39,30-39
7046,10049,91632,12,7636,,17,monthly issuance,12050,12358,True,17,Male,14930.1,3036,54,50-59
5868,4361,90156,12,7513,,69,monthly issuance,5253,5253,True,69,Female,78119.7,-42534,50,50-59
5784,3967,84600,36,2350,,54,monthly issuance,4786,4786,False,54,Male,16915.7,2819,59,50-59
5878,4415,74040,12,6170,,73,monthly issuance,5322,5322,False,73,Female,35310.2,8548,41,40-49
5110,675,102240,60,1704,,58,monthly issuance,810,810,True,58,Female,34768.4,6506,52,50-59
5210,1252,148140,36,4115,,13,weekly issuance,1511,1511,False,13,Female,26252.2,-24027,35,30-39
7230,10954,18720,60,312,,25,monthly issuance,13160,13468,True,25,Male,44322.7,4923,36,30-39
5005,176,27456,12,2288,,71,weekly issuance,215,215,False,71,Male,36280.9,7470,30,30-39
6871,9225,164256,48,3422,,11,monthly issuance,11051,11359,True,11,Male,23421.1,1463,25,21-29
5363,2051,293880,60,4898,,64,weekly issuance,2489,2489,False,64,Female,-204.8,-12,22,21-29
7253,11079,98304,12,8192,,16,monthly issuance,13312,13620,False,16,Male,44345.5,-50781,27,21-29
6055,5181,399120,60,6652,,75,monthly issuance,6257,6257,False,75,Female,18581.6,1238,55,50-59
5072,472,196800,24,8200,,8,monthly issuance,568,568,False,8,Female,38166.1,-40234,37,30-39
6913,9377,99936,24,4164,,1,monthly issuance,11237,11545,False,1,Female,91178.5,9476,31,30-39
6386,6856,124344,36,3454,,43,monthly issuance,8276,8276,False,43,Female,66449.9,11515,18,0-19
5634,3229,39024,12,3252,,64,monthly issuance,3906,3906,False,64,Male,35436.7,13000,60,60-69
5758,3859,307200,60,5120,,53,monthly issuance,4652,4652,False,53,Male,10043.6,772,35,30-39
6819,9031,50112,24,2088,,47,monthly issuance,10815,11123,False,47,Male,68616.8,17154,49,40-49
7088,10233,239160,60,3986,,27,monthly issuance,12278,12586,False,27,Male,28610.8,-18203,50,50-59
5039,314,66840,24,2785,,15,issuance after transaction,383,383,True,15,Female,22674.3,-26067,58,50-59
5532,2754,335280,48,6985,,57,weekly issuance,3326,3326,False,57,Female,29880.9,-38103,44,40-49
6037,5118,53232,48,1109,,72,monthly issuance,6175,6175,False,72,Male,35612.5,4541,33,30-39
6322,6510,76992,24,3208,,74,monthly issuance,7862,7862,False,74,Male,52478.9,10495,32,30-39
6887,9263,39576,12,3298,,68,monthly issuance,11097,11405,True,68,Female,29753.3,-14111,33,30-39
6660,8094,220428,36,6123,,67,monthly issuance,9689,9997,False,67,Male,48503.1,-33148,35,30-39
5451,2350,159744,48,3328,,18,monthly issuance,2841,2841,False,18,Female,53598.4,6001,24,21-29
6014,4999,165168,36,4588,,1,monthly issuance,6039,6039,True,1,Female,25659.5,-16745,39,30-39
5556,2872,268320,60,4472,,1,monthly issuance,3471,3471,False,1,Female,12652.9,5905,45,40-49
6346,6649,100260,60,1671,,1,monthly issuance,8030,8030,False,1,Male,77813.6,3383,30,30-39
5850,4293,164196,36,4561,,64,issuance after transaction,5171,5171,False,64,Female,82971.3,6085,41,40-49
5940,4660,106944,24,4456,,63,monthly issuance,5618,5618,False,63,Female,54045.6,-20159,44,40-49
7119,10361,86880,12,7240,,21,monthly issuance,12442,12750,False,21,Female,34575.3,-38748,57,50-59
5253,1447,100080,48,2085,,65,monthly issuance,1755,1755,False,65,Female,29942.7,-1895,32,30-39
6851,9138,272220,60,4537,,26,monthly issuance,10942,11250,False,26,Female,1580.3,6790,51,50-59
6695,8320,309660,60,5161,,51,monthly issuance,9965,10273,True,51,Female,44736.8,-15811,39,30-39
6908,9353,188616,24,7859,,59,monthly issuance,11208,11516,True,59,Male,57226.7,4628,59,50-59
7255,11096,213300,60,3555,,28,monthly issuance,13332,13640,False,28,Female,37716.7,7396,42,40-49
5674,3418,207264,48,4318,,42,issuance after transaction,4132,4132,True,42,Male,46281.9,5131,35,30-39
6278,6265,87360,24,3640,,5,monthly issuance,7567,7567,False,5,Male,58492.3,12767,60,60-69
5486,2516,466608,48,9721,,6,monthly issuance,3038,3038,False,6,Female,60775.8,3198,51,50-59
5174,1093,385104,48,8023,,54,monthly issuance,1311,1311,False,54,Female,51738.6,-41494,40,40-49
6621,7957,42900,12,3575,,51,monthly issuance,9525,9833,True,51,Male,97149.3,14413,33,30-39
6313,6461,150912,36,4192,,50,monthly issuance,7796,7796,True,50,Female,43737.3,3976,22,21-29
6435,7045,288720,48,6015,,51,monthly issuance,8502,8502,False,51,Male,102188.4,-22068,54,50-59
6970,9677,31620,60,527,,8,monthly issuance,11603,11911,False,8,Male,25880.0,7707,58,50-59
6310,6440,34572,12,2881,,1,monthly issuance,7772,7772,False,1,Female,83661.6,10457,20,21-29
5932,4626,33348,12,2779,,9,monthly issuance,5574,5574,False,9,Female,17171.7,1320,27,21-29
6877,9241,285240,60,4754,,74,monthly issuance,11071,11379,True,74,Male,59862.7,-23441,45,40-49
6763,8772,88272,48,1839,,1,monthly issuance,10505,10813,False,1,Female,7083.3,-6671,18,0-19
7085,10202,305424,48,6363,,70,monthly issuance,12239,12547,False,70,Female,9680.4,5427,34,30-39
7049,10063,233424,36,6484,,4,weekly issuance,12068,12376,False,4,Male,47248.7,-31977,38,30-39
6959,9633,59448,24,2477,,70,monthly issuance,11549,11857,False,70,Male,54909.1,3050,45,40-49
5214,1270,74772,36,2077,,55,issuance after transaction,1533,1533,False,55,Male,33277.4,-8788,37,30-39
6350,6678,294384,48,6133,,54,monthly issuance,8064,8064,False,54,Female,111013.5,2479,31,30-39
5063,442,357840,48,7455,,54,monthly issuance,533,533,False,54,Female,10100.0,3366,56,50-59
5041,319,369000,60,6150,,47,weekly issuance,389,389,False,47,Female,59544.8,6000,23,21-29
5086,525,210384,48,4383,,70,monthly issuance,631,631,False,70,Female,46478.3,5325,41,40-49
6942,9513,18324,12,1527,,59,monthly issuance,11405,11713,True,59,Female,31236.8,8183,46,40-49
5270,1528,191088,48,3981,,50,monthly issuance,1852,1852,False,50,Male,38391.7,2742,35,30-39
6705,8381,333648,48,6951,,14,monthly issuance,10047,10355,False,14,Female,99815.6,14660,21,21-29
7051,10068,77808,12,6484,,1,monthly issuance,12074,12382,True,1,Male,57698.3,14424,42,40-49
6758,8742,33144,12,2762,,70,monthly issuance,10469,10777,True,70,Female,31693.2,6386,18,0-19
6249,6138,67608,24,2817,,54,monthly issuance,7411,7411,True,54,Female,17205.7,-13633,35,30-39
5808,4099,41856,48,872,,54,monthly issuance,4937,4937,False,54,Female,37069.1,5238,37,30-39
5377,2116,92400,12,7700,,70,monthly issuance,2560,2560,False,70,Female,46489.0,6556,23,21-29
5446,2334,48312,24,2013,,50,monthly issuance,2822,2822,False,50,Male,41196.7,-2452,39,30-39
5856,4320,51360,12,4280,,61,monthly issuance,5203,5203,False,61,Female,64529.7,4963,52,50-59
4986,97,102876,12,8573,,74,monthly issuance,116,116,True,74,Male,40516.3,5099,56,50-59
7001,9859,300600,60,5010,,27,monthly issuance,11825,12133,False,27,Female,73926.0,-22925,33,30-39
6677,8169,97980,60,1633,,29,monthly issuance,9782,10090,False,29,Female,16038.7,5124,17,0-19
6665,8114,99300,60,1655,,59,monthly issuance,9715,10023,False,59,Female,35199.4,6742,24,21-29
5817,4127,100800,24,4200,,50,monthly issuance,4968,4968,False,50,Male,-1571.5,2804,59,50-59
6984,9730,116040,60,1934,,54,monthly issuance,11668,11976,True,54,Female,32564.7,6581,58,50-59
6541,7565,153504,48,3198,,59,monthly issuance,9062,9370,False,59,Male,27633.1,-14008,22,21-29
5117,718,76944,12,6412,,1,monthly issuance,861,861,False,1,Female,59256.4,11384,41,40-49
6097,5362,202848,48,4226,,76,weekly issuance,6473,6473,True,76,Female,33802.0,-15734,57,50-59
5389,2165,78600,24,3275,,51,monthly issuance,2621,2621,False,51,Male,67058.7,-8202,41,40-49
7219,10905,57120,48,1190,,32,monthly issuance,13097,13405,False,32,Male,42762.2,7318,39,30-39
6338,6592,390660,60,6511,,1,monthly issuance,7959,7959,False,1,Female,60956.6,13363,19,0-19
6922,9424,83628,36,2323,,54,monthly issuance,11290,11598,False,54,Female,31228.0,-10903,20,21-29
5367,2064,83628,36,2323,,54,monthly issuance,2503,2503,False,54,Female,31814.7,-10830,20,21-29
5638,3249,68124,12,5677,,74,monthly issuance,3929,3929,False,74,Male,16430.9,5964,40,40-49
5830,4190,405780,60,6763,,62,monthly issuance,5050,5050,False,62,Male,41532.1,6082,47,40-49
5338,1888,57360,12,4780,,6,monthly issuance,2291,2291,False,6,Male,15016.3,-25871,40,40-49
6007,4949,289920,48,6040,,33,monthly issuance,5978,5978,False,33,Female,54561.4,-34406,54,50-59
6612,7907,97392,12,8116,,70,monthly issuance,9467,9775,True,70,Male,20146.2,6416,37,30-39
5718,3637,14028,12,1169,,53,monthly issuance,4386,4386,False,53,Female,51799.6,6239,52,50-59
6104,5395,158184,36,4394,,47,monthly issuance,6511,6511,False,47,Male,28833.7,1695,44,40-49
5229,1329,23520,12,1960,,53,monthly issuance,1608,1608,True,53,Male,19101.8,-5241,56,50-59
6625,7966,473280,60,7888,,54,monthly issuance,9538,9846,False,54,Female,25908.9,2877,30,30-39
5206,1242,128544,24,5356,,74,issuance after transaction,1499,1499,False,74,Female,31182.1,7630,46,40-49
5963,4746,204780,60,3413,,54,monthly issuance,5727,5727,False,54,Male,89411.0,12772,45,40-49
4990,110,162576,36,4516,,36,monthly issuance,132,132,False,36,Male,55539.8,5983,45,40-49
6641,8026,128268,36,3563,,36,monthly issuance,9606,9914,False,36,Male,48338.4,8053,55,50-59
5369,2080,214596,36,5961,,74,monthly issuance,2522,2522,True,74,Male,86514.1,-36941,60,60-69
6196,5837,177804,36,4939,,5,monthly issuance,7065,7065,False,5,Female,46296.7,3306,26,21-29
5236,1374,389136,48,8107,,53,monthly issuance,1662,1662,False,53,Male,88469.8,-46133,30,30-39
5719,3664,271584,48,5658,,1,monthly issuance,4417,4417,False,1,Male,92401.4,5435,21,21-29
5643,3273,94512,12,7876,,74,monthly issuance,3962,3962,False,74,Male,23811.1,-52181,45,40-49
7050,10065,311232,48,6484,,76,monthly issuance,12070,12378,False,76,Female,52289.2,2904,51,50-59
6355,6699,127200,48,2650,,35,monthly issuance,8089,8089,False,35,Male,39078.4,-5110,32,30-39
6688,8268,8616,24,359,,59,monthly issuance,9901,10209,False,59,Male,29184.0,7022,22,21-29
6239,6083,360864,48,7518,,6,weekly issuance,7348,7348,False,6,Female,27383.2,2106,20,21-29
5531,2753,66432,24,2768,,26,monthly issuance,3324,3324,True,26,Female,17745.1,-17402,26,21-29
6113,5445,78696,36,2186,,72,monthly issuance,6571,6571,False,72,Female,36307.5,-6407,27,21-29
7181,10679,197808,24,8242,,1,monthly issuance,12826,13134,False,1,Female,43883.1,-35729,35,30-39
6118,5477,349392,48,7279,,57,monthly issuance,6610,6610,False,57,Male,64050.3,7523,43,40-49
7264,11141,44940,12,3745,,1,weekly issuance,13386,13694,False,1,Female,76986.0,9623,22,21-29
5343,1906,44952,24,1873,,1,monthly issuance,2316,2316,False,1,Male,51718.3,8523,28,21-29
5051,378,230400,60,3840,,68,monthly issuance,458,458,False,68,Male,49277.3,11715,36,30-39
5779,3942,107352,36,2982,,27,weekly issuance,4754,4754,False,27,Female,61126.0,8617,58,50-59
6605,7890,79344,48,1653,,23,monthly issuance,9447,9755,False,23,Female,30004.1,4977,46,40-49
6655,8085,260400,60,4340,,73,monthly issuance,9679,9987,False,73,Female,21054.8,9381,47,40-49
6534,7542,590820,60,9847,,54,monthly issuance,9032,9340,False,54,Male,30859.3,6807,30,30-39
5681,3448,68664,24,2861,,58,weekly issuance,4169,4169,True,58,Female,36642.4,2155,18,0-19
6607,7894,153144,36,4254,,27,monthly issuance,9452,9760,False,27,Male,57715.7,10128,29,21-29
6242,6097,26208,36,728,,29,monthly issuance,7366,7366,False,29,Female,37647.8,9411,25,21-29
7242,11027,48096,24,2004,,32,weekly issuance,13248,13556,False,32,Male,32352.9,-8137,39,30-39
7277,11231,89280,12,7440,,1,monthly issuance,13495,13803,False,1,Male,62119.7,-35745,50,50-59
6675,8158,238716,36,6631,,48,weekly issuance,9767,10075,False,48,Male,83069.1,-27211,33,30-39
5398,2187,53472,12,4456,,9,weekly issuance,2647,2647,True,9,Male,64314.3,3061,58,50-59
5956,4725,168264,36,4674,,73,monthly issuance,5699,5699,False,73,Male,27575.2,-18258,47,40-49
5731,3711,460980,60,7683,,3,monthly issuance,4474,4474,False,3,Female,19163.5,3193,33,30-39
6956,9631,59448,24,2477,,11,monthly issuance,11547,11855,False,11,Male,33869.8,-13742,40,40-49
6437,7052,63972,36,1777,,55,issuance after transaction,8510,8510,False,55,Male,39052.7,-896,50,50-59
5447,2335,541200,60,9020,,70,monthly issuance,2823,2823,False,70,Female,6360.9,4267,51,50-59
5973,4784,219456,48,4572,,46,monthly issuance,5774,5774,True,46,Female,77123.8,-10164,38,30-39
6075,5267,129312,24,5388,,4,monthly issuance,6363,6363,False,4,Female,71516.6,3109,24,21-29
5281,1580,194256,24,8094,,69,monthly issuance,1913,1913,False,69,Male,67742.6,2945,30,30-39
5103,666,12540,12,1045,,27,monthly issuance,798,798,True,27,Female,54562.2,8107,58,50-59
6468,7176,203940,60,3399,,1,monthly issuance,8661,8661,False,1,Female,51081.3,7820,44,40-49
7209,10857,385560,60,6426,,50,monthly issuance,13038,13346,False,50,Male,10414.7,743,42,40-49
5584,2986,24792,24,1033,,63,monthly issuance,3606,3606,False,63,Male,72489.8,7142,40,40-49
4988,103,265320,36,7370,,44,monthly issuance,124,124,False,44,Male,19992.8,951,30,30-39
6502,7424,30276,12,2523,,68,monthly issuance,8894,9202,False,68,Male,27846.6,8366,36,30-39
5651,3329,19248,12,1604,,3,monthly issuance,4024,4024,True,3,Male,56435.5,9048,33,30-39
4962,25,30276,12,2523,,68,monthly issuance,31,31,False,68,Male,31621.9,8588,36,30-39
5862,4342,100128,24,4172,,74,monthly issuance,5232,5232,False,74,Female,55023.7,7965,50,50-59
7199,10789,45768,12,3814,,75,monthly issuance,12953,13261,True,75,Male,76389.2,16487,53,50-59
6727,8505,42840,12,3570,,70,monthly issuance,10184,10492,False,70,Male,57767.4,6418,60,60-69
7279,11244,155760,24,6490,,33,monthly issuance,13512,13820,False,33,Female,55447.1,12775,49,40-49
6544,7594,130464,48,2718,,16,monthly issuance,9095,9403,False,16,Male,32928.2,6037,24,21-29
5933,4631,87528,24,3647,,77,issuance after transaction,5579,5579,True,77,Male,74816.0,-17470,47,40-49
6574,7745,77544,36,2154,,2,monthly issuance,9274,9582,False,2,Female,20750.2,7848,56,50-59
6399,6902,49320,36,1370,,60,monthly issuance,8333,8333,False,60,Male,26686.8,5166,32,30-39
7187,10711,24180,60,403,,36,monthly issuance,12864,13172,False,36,Male,89121.5,7590,59,50-59
6353,6686,116496,24,4854,,61,monthly issuance,8074,8074,False,61,Male,24270.5,-29333,39,30-39
5043,339,468060,60,7801,,46,weekly issuance,414,414,True,46,Female,102734.6,-42400,50,50-59
5469,2445,293160,60,4886,,52,monthly issuance,2952,2952,False,52,Female,14840.8,873,20,21-29
5976,4794,465504,48,9698,,72,monthly issuance,5788,5788,False,72,Male,17274.4,6324,36,30-39
6059,5196,79824,12,6652,,13,weekly issuance,6275,6275,False,13,Male,38069.7,10297,41,40-49
5799,4052,106128,36,2948,,36,weekly issuance,4882,4882,False,36,Male,51095.2,-16061,19,0-19
6147,5602,177504,48,3698,,19,issuance after transaction,6764,6764,False,19,Male,19981.3,1175,54,50-59
6254,6157,247920,48,5165,,34,monthly issuance,7434,7434,False,34,Female,20059.8,8234,56,50-59
7100,10280,348120,60,5802,,69,monthly issuance,12335,12643,False,69,Female,53621.6,-34706,35,30-39
7147,10478,267600,48,5575,,70,weekly issuance,12582,12890,False,70,Female,11562.7,502,40,40-49
5909,4550,61320,60,1022,,56,monthly issuance,5487,5487,False,56,Female,21118.6,3920,50,50-59
7037,10022,218064,48,4543,,1,monthly issuance,12020,12328,False,1,Female,42694.0,-17500,54,50-59
5782,3953,63576,12,5298,,1,monthly issuance,4768,4768,False,1,Female,43635.1,-23281,38,30-39
6237,6075,407952,48,8499,,19,monthly issuance,7339,7339,False,19,Female,10778.5,672,24,21-29
6552,7632,170448,48,3551,,68,monthly issuance,9142,9450,True,68,Female,41656.1,8621,54,50-59
7067,10134,136368,24,5682,,22,monthly issuance,12160,12468,False,22,Male,51899.0,13182,29,21-29
5320,1819,143676,36,3991,,55,weekly issuance,2205,2205,False,55,Male,16473.5,6059,45,40-49
5930,4616,66696,24,2779,,1,monthly issuance,5563,5563,False,1,Male,67420.5,19920,22,21-29
6486,7240,152160,60,2536,,17,monthly issuance,8737,8737,True,17,Female,19986.6,-8750,50,50-59
5245,1407,125472,24,5228,,19,issuance after transaction,1705,1705,True,19,Female,42152.2,16120,52,50-59
6643,8038,35856,24,1494,,47,monthly issuance,9621,9929,False,47,Female,77333.8,8230,31,30-39
5260,1480,123300,36,3425,,41,weekly issuance,1793,1793,False,41,Female,49599.2,2610,53,50-59
5569,2936,504000,60,8400,,3,monthly issuance,3546,3546,False,3,Male,25977.1,4655,27,21-29
7110,10345,31260,12,2605,,36,monthly issuance,12421,12729,True,36,Male,13932.4,5843,30,30-39
7139,10445,23412,12,1951,,72,monthly issuance,12542,12850,True,72,Male,52566.3,5215,42,40-49
6791,8926,566640,60,9444,,1,monthly issuance,10689,10997,True,1,Female,29900.3,6955,26,21-29
5360,2035,176328,36,4898,,53,monthly issuance,2470,2470,True,53,Male,36423.3,-21789,55,50-59
5287,1638,64224,24,2676,,6,weekly issuance,1985,1985,True,6,Male,23652.7,4474,60,60-69
6553,7636,42384,12,3532,,40,monthly issuance,9148,9456,False,40,Female,23454.4,4230,56,50-59
7072,10148,22104,12,1842,,34,monthly issuance,12177,12485,False,34,Female,39312.2,7323,33,30-39
6044,5133,57060,12,4755,,68,weekly issuance,6196,6196,False,68,Male,84842.4,7765,55,50-59
5332,1869,37944,36,1054,,1,monthly issuance,2267,2267,False,1,Female,72915.1,3645,32,30-39
6866,9201,122472,24,5103,,69,monthly issuance,11021,11329,False,69,Female,27867.4,-33349,37,30-39
6633,7997,160656,24,6694,,10,monthly issuance,9572,9880,False,10,Female,137843.0,4347,27,21-29
6926,9455,374760,60,6246,,73,monthly issuance,11329,11637,True,73,Male,45924.3,-30508,47,40-49
6442,7082,194160,48,4045,,57,monthly issuance,8548,8548,False,57,Female,29713.9,6945,53,50-59
5889,4456,321240,60,5354,,14,monthly issuance,5376,5376,False,14,Male,37078.3,2181,28,21-29
5765,3875,153936,24,6414,,44,monthly issuance,4672,4672,False,44,Male,100675.4,-18123,48,40-49
5124,785,156096,36,4336,,21,weekly issuance,939,939,False,21,Male,28471.9,-17976,46,40-49
5491,2545,428784,48,8933,,1,monthly issuance,3072,3072,True,1,Male,8707.1,3529,62,60-69
6730,8523,93036,12,7753,,54,monthly issuance,10209,10517,False,54,Female,57467.8,-47340,17,0-19
7151,10493,133800,24,5575,,12,monthly issuance,12600,12908,False,12,Male,36126.5,8646,57,50-59
5140,873,178500,60,2975,,73,monthly issuance,1051,1051,False,73,Female,19397.6,4342,26,21-29
7171,10650,196224,48,4088,,76,monthly issuance,12787,13095,False,76,Male,80679.6,-35636,48,40-49
6568,7713,220440,60,3674,,50,weekly issuance,9238,9546,False,50,Female,31401.9,3900,42,40-49
6861,9179,215040,60,3584,,28,monthly issuance,10996,11304,False,28,Female,38003.2,-20232,37,30-39
6855,9153,52236,36,1451,,9,monthly issuance,10958,11266,True,9,Male,37433.1,5856,59,50-59
7129,10404,194280,60,3238,,1,monthly issuance,12494,12802,False,1,Male,30638.8,5293,29,21-29
5384,2142,23328,12,1944,,42,monthly issuance,2590,2590,True,42,Female,27807.9,6763,33,30-39
6859,9167,272220,60,4537,,56,monthly issuance,10978,11286,False,56,Female,37464.6,5855,57,50-59
5772,3906,334620,60,5577,,52,monthly issuance,4710,4710,True,52,Female,49944.1,-29312,37,30-39
5665,3390,40632,12,3386,,12,weekly issuance,4099,4099,False,12,Female,50935.1,-15925,53,50-59
6495,7274,49044,12,4087,,11,monthly issuance,8777,8777,False,11,Female,25180.7,5731,45,40-49
5061,440,84288,48,1756,,29,monthly issuance,530,530,False,29,Female,39526.2,6518,40,40-49
6948,9560,157068,36,4363,,1,monthly issuance,11460,11768,False,1,Female,38635.4,4829,27,21-29
5773,3907,133848,24,5577,,37,monthly issuance,4712,4712,False,37,Female,20985.9,434,38,30-39
6052,5164,22356,36,621,,5,monthly issuance,6235,6235,False,5,Male,17213.5,4276,58,50-59
6682,8225,36204,12,3017,,50,monthly issuance,9851,10159,False,50,Male,2830.7,-19623,60,60-69
6083,5305,240528,48,5011,,47,monthly issuance,6408,6408,False,47,Male,10421.7,-30309,42,40-49
6962,9646,279072,48,5814,,1,weekly issuance,11566,11874,True,1,Male,21498.3,1023,29,21-29
5158,1004,188532,36,5237,,70,monthly issuance,1208,1208,False,70,Female,22144.8,1054,23,21-29
6464,7156,49488,24,2062,,71,monthly issuance,8636,8636,False,71,Female,59456.1,-14504,56,50-59
5172,1083,50976,36,1416,,45,monthly issuance,1300,1300,False,45,Male,21313.1,6581,18,0-19
5582,2982,41256,12,3438,,19,monthly issuance,3601,3601,True,19,Male,79902.5,-42450,60,60-69
6136,5572,140880,60,2348,,15,monthly issuance,6729,6729,False,15,Male,13759.2,6557,40,40-49
6235,6062,321360,60,5356,,24,monthly issuance,7325,7325,False,24,Male,51923.7,-29099,23,21-29
6508,7437,110736,48,2307,,19,weekly issuance,8909,9217,False,19,Female,34595.1,-7469,58,50-59
4968,38,110736,48,2307,,19,weekly issuance,46,46,False,19,Female,37416.7,-7155,58,50-59
6632,7990,144960,48,3020,,9,monthly issuance,9564,9872,False,9,Female,29245.0,7546,31,30-39
7195,10774,339168,48,7066,,46,monthly issuance,12938,13246,False,46,Female,28677.8,5104,56,50-59
5525,2720,93888,36,2608,,2,weekly issuance,3284,3284,True,2,Male,75158.7,15771,62,60-69
6320,6495,104964,12,8747,,6,monthly issuance,7843,7843,False,6,Male,32793.3,8528,32,30-39
6766,8784,74352,24,3098,,1,monthly issuance,10520,10828,False,1,Female,52767.8,-31799,40,40-49
6872,9227,191580,60,3193,,51,monthly issuance,11054,11362,False,51,Female,17266.7,3860,32,30-39
5906,4533,81144,36,2254,,68,monthly issuance,5468,5468,False,68,Female,90314.9,10804,54,50-59
7172,10652,45720,12,3810,,1,monthly issuance,12790,13098,False,1,Female,29123.4,-25715,19,0-19
6571,7733,140064,24,5836,,19,weekly issuance,9261,9569,False,19,Female,73904.0,-42350,48,40-49
5616,3143,130896,24,5454,,38,monthly issuance,3800,3800,True,38,Female,43648.0,5593,44,40-49
6312,6453,10944,36,304,,34,monthly issuance,7787,7787,False,34,Male,29034.9,3569,47,40-49
6470,7181,49872,12,4156,,77,issuance after transaction,8667,8667,False,77,Female,76514.2,8787,31,30-39
5147,938,22260,60,371,,70,monthly issuance,1130,1130,False,70,Female,31277.6,6255,57,50-59
5501,2622,136344,24,5681,,1,monthly issuance,3163,3163,True,1,Female,39847.5,7618,34,30-39
6436,7049,495180,60,8253,,69,monthly issuance,8506,8506,False,69,Female,34235.5,-42144,18,0-19
5699,3562,174960,24,7290,,50,monthly issuance,4299,4299,False,50,Female,71242.6,3097,21,21-29
5313,1776,43200,24,1800,,36,monthly issuance,2153,2153,False,36,Female,37619.2,6616,49,40-49
6234,6061,5148,12,429,,1,monthly issuance,7324,7324,False,1,Female,49297.2,8999,35,30-39
6569,7721,45456,12,3788,,13,monthly issuance,9247,9555,False,13,Female,57100.5,-18572,51,50-59
7202,10812,140688,48,2931,,16,monthly issuance,12982,13290,True,16,Male,38199.7,1899,57,50-59
5683,3460,140688,48,2931,,16,monthly issuance,4182,4182,True,16,Male,26863.5,2066,57,50-59
5034,303,112752,36,3132,,71,monthly issuance,370,370,False,71,Female,48916.6,5335,42,40-49
5435,2279,314688,48,6556,,2,weekly issuance,2759,2759,False,2,Male,43140.7,-40173,24,21-29
5815,4116,151200,36,4200,,6,monthly issuance,4956,4956,False,6,Male,59126.9,11002,52,50-59
5589,3005,390000,48,8125,,42,issuance after transaction,3629,3629,False,42,Male,23199.6,3937,50,50-59
6746,8639,185640,60,3094,,46,monthly issuance,10346,10654,False,46,Female,21519.2,-15481,36,30-39
6790,8919,76104,24,3171,,62,monthly issuance,10679,10987,True,62,Female,27476.0,3944,37,30-39
6857,9159,69600,48,1450,,64,monthly issuance,10966,11274,True,64,Male,71208.5,10362,29,21-29
6450,7099,234336,48,4882,,1,monthly issuance,8568,8568,False,1,Female,66284.9,-19238,27,21-29
7221,10915,152460,60,2541,,25,weekly issuance,13109,13417,False,25,Female,9641.6,-6972,47,40-49
5527,2728,156420,60,2607,,52,weekly issuance,3294,3294,False,52,Male,22039.7,8382,41,40-49
5620,3161,30012,12,2501,,48,monthly issuance,3822,3822,False,48,Male,94720.3,4305,45,40-49
6215,5944,78720,48,1640,,27,monthly issuance,7186,7186,False,27,Female,66220.2,7976,54,50-59
7167,10644,269964,36,7499,,16,monthly issuance,12781,13089,False,16,Female,66463.8,-35834,19,0-19
5823,4144,212976,36,5916,,1,monthly issuance,4993,4993,True,1,Female,53222.2,9580,25,21-29
6207,5912,184620,60,3077,,45,monthly issuance,7150,7150,False,45,Female,39023.4,-10971,35,30-39
6932,9491,225504,48,4698,,7,weekly issuance,11375,11683,False,7,Male,98236.7,-37146,18,0-19
5669,3403,71820,36,1995,,63,monthly issuance,4114,4114,False,63,Male,42629.7,3279,34,30-39
5154,993,108720,60,1812,,6,monthly issuance,1197,1197,False,6,Female,41338.5,2066,32,30-39
7168,10645,208332,36,5787,,2,monthly issuance,12782,13090,False,2,Female,27297.3,-46364,18,0-19
5585,2988,88608,12,7384,,66,issuance after transaction,3608,3608,True,66,Male,28833.5,1373,51,50-59
7200,10799,31140,60,519,,76,monthly issuance,12968,13276,False,76,Male,36627.3,3329,21,21-29
6539,7559,12792,12,1066,,56,monthly issuance,9054,9362,False,56,Female,38120.5,5366,25,21-29
5774,3916,96984,36,2694,,8,monthly issuance,4722,4722,False,8,Male,13446.7,-7961,26,21-29
6357,6706,64860,60,1081,,38,monthly issuance,8096,8096,False,38,Female,54222.1,5409,19,0-19
5042,330,331584,48,6908,,42,monthly issuance,403,403,True,42,Female,55494.8,2774,25,21-29
5015,226,109344,12,9112,,70,monthly issuance,272,272,False,70,Female,66657.0,10748,54,50-59
5354,2000,290820,60,4847,,5,monthly issuance,2430,2430,False,5,Male,53388.9,6701,61,60-69
6054,5180,58764,12,4897,,54,monthly issuance,6255,6255,True,54,Female,55172.0,3245,53,50-59
7295,11328,280440,60,4674,,54,monthly issuance,13616,13924,False,54,Female,31303.2,1490,46,40-49
5365,2055,271260,60,4521,,37,monthly issuance,2494,2494,False,37,Male,11584.9,5334,28,21-29
6755,8713,170700,60,2845,,53,monthly issuance,10438,10746,False,53,Male,27372.9,-16943,27,21-29
5991,4858,335184,48,6983,,67,monthly issuance,5866,5866,False,67,Female,16401.1,-43861,20,21-29
7035,10005,210744,36,5854,,64,monthly issuance,12000,12308,False,64,Male,31772.1,-30968,20,21-29
5893,4467,86184,36,2394,,17,weekly issuance,5389,5389,False,17,Male,28804.1,-10781,30,30-39
7164,10613,249792,48,5204,,55,monthly issuance,12743,13051,False,55,Male,70038.5,-27343,34,30-39
5304,1718,172272,24,7178,,71,monthly issuance,2083,2083,False,71,Male,72563.9,-33439,55,50-59
5561,2910,437460,60,7291,,68,monthly issuance,3517,3517,False,68,Female,34015.2,-37504,45,40-49
5520,2699,231168,48,4816,,73,monthly issuance,3257,3257,False,73,Female,45405.1,-42692,20,21-29
5241,1389,125472,24,5228,,34,monthly issuance,1681,1681,False,34,Male,17273.4,6723,58,50-59
7096,10257,37812,12,3151,,27,monthly issuance,12308,12616,False,27,Female,67407.8,16154,34,30-39
6078,5283,170832,48,3559,,15,monthly issuance,6383,6383,False,15,Male,52125.4,-35249,29,21-29
5046,349,42816,12,3568,,72,monthly issuance,426,426,True,72,Male,18696.6,4353,61,60-69
5334,1876,209040,24,8710,,1,monthly issuance,2277,2277,False,1,Male,57504.2,6572,19,0-19
6969,9673,88200,36,2450,,76,monthly issuance,11598,11906,True,76,Male,56477.5,-9786,54,50-59
6821,9037,321936,48,6707,,1,monthly issuance,10822,11130,True,1,Female,62516.8,8547,37,30-39
5760,3862,74916,36,2081,,1,monthly issuance,4656,4656,False,1,Male,43455.2,10731,56,50-59
5614,3137,253560,60,4226,,39,monthly issuance,3793,3793,False,39,Female,36718.7,-24266,47,40-49
7091,10243,113436,36,3151,,44,monthly issuance,12291,12599,False,44,Male,110482.6,8498,43,40-49
5698,3556,174840,60,2914,,58,monthly issuance,4291,4291,False,58,Female,27706.0,-13079,47,40-49
5169,1068,253200,60,4220,,52,monthly issuance,1282,1282,False,52,Male,48603.2,8911,62,60-69
7294,11327,39168,24,1632,,7,monthly issuance,13615,13923,False,7,Female,62119.2,7661,20,21-29
5318,1808,385584,48,8033,,28,monthly issuance,2190,2190,True,28,Male,18109.0,1065,24,21-29
5368,2073,44640,24,1860,,59,monthly issuance,2514,2514,False,59,Male,39246.8,2803,42,40-49
6923,9433,44640,24,1860,,59,monthly issuance,11301,11609,False,59,Male,38043.6,2717,42,40-49
5463,2413,17952,12,1496,,33,monthly issuance,2915,2915,False,33,Female,31076.0,6349,45,40-49
5265,1498,165780,60,2763,,62,weekly issuance,1816,1816,False,62,Male,43363.9,2168,47,40-49
6321,6505,38496,12,3208,,7,monthly issuance,7855,7855,False,7,Female,92223.4,7094,35,30-39
5226,1318,185544,36,5154,,56,monthly issuance,1594,1594,False,56,Male,13694.4,3807,59,50-59
6868,9208,82128,24,3422,,29,monthly issuance,11029,11337,False,29,Male,37167.7,-20154,30,30-39
4967,37,318480,60,5308,,20,monthly issuance,45,45,False,20,Male,16367.8,5453,46,40-49
5293,1656,189792,48,3954,,47,monthly issuance,2008,2008,False,47,Male,37600.4,-14401,58,50-59
5865,4354,327660,60,5461,,38,monthly issuance,5245,5245,False,38,Female,59536.5,12563,57,50-59
5841,4268,41988,12,3499,,77,monthly issuance,5143,5143,True,77,Male,57965.7,7506,26,21-29
5526,2725,69624,36,1934,,52,monthly issuance,3291,3291,False,52,Male,49870.2,5539,52,50-59
6852,9140,16032,48,334,,32,monthly issuance,10944,11252,False,32,Female,30634.0,8272,33,30-39
6469,7180,99744,24,4156,,7,weekly issuance,8666,8666,False,7,Female,71878.9,-15103,27,21-29
6168,5698,99216,36,2756,,1,monthly issuance,6892,6892,True,1,Female,30810.9,8126,48,40-49
7292,11317,317460,60,5291,,50,monthly issuance,13604,13912,False,50,Male,76508.5,9962,23,21-29
5036,309,91248,48,1901,,14,monthly issuance,376,376,False,14,Female,14866.7,782,26,21-29
5644,3293,276084,36,7669,,1,monthly issuance,3984,3984,False,1,Female,57631.4,-42429,35,30-39
6856,9156,163332,36,4537,,18,monthly issuance,10963,11271,False,18,Male,17621.0,1174,61,60-69
5428,2262,230220,36,6395,,13,monthly issuance,2739,2739,False,13,Male,94156.9,2157,49,40-49
5027,276,160920,36,4470,,38,monthly issuance,333,333,False,38,Male,48339.6,-21990,27,21-29
4989,105,352704,48,7348,,21,monthly issuance,127,127,False,21,Female,30175.3,1775,48,40-49
5221,1284,52512,12,4376,,55,monthly issuance,1554,1554,False,55,Male,41050.0,2413,54,50-59
6402,6922,139488,24,5812,,3,weekly issuance,8356,8356,False,3,Male,47956.3,-33263,29,21-29
5346,1928,55632,24,2318,,70,monthly issuance,2342,2342,False,70,Male,38463.8,-13067,50,50-59
6748,8645,240900,60,4015,,60,monthly issuance,10354,10662,False,60,Female,19813.8,7542,49,40-49
