"code","loan_id","account_id","loan_amount","loan_duration","loan_payments","status","account_district_id","account_frequency","disp_id","client_id","has_disponent","client_district_id","gender","last_balance","monthly_diff","age_on_loan_request","age_on_loan_request_disc","region","no. of municipalities with inhabitants < 499","no. of municipalities with inhabitants 500-1999","no. of municipalities with inhabitants > 2000","no. of cities ","ratio of urban inhabitants","average salary","ratio enterpreneurs","unemploymant rate growth","crime rate growth"
30.0,5314.0,1787.0,96396.0,12.0,8033.0,-1.0,30.0,"weekly issuance",2166.0,2166.0,"False",30.0,"Female",20100.0,6700.0,46.0,"40-49","west Bohemia",15.0,13.0,10.0,10.0,0.818,9650.0,0.1,0.29000000000000004,-0.0019090410496561618
46.0,5316.0,1801.0,165960.0,36.0,4610.0,1.0,46.0,"monthly issuance",2181.0,2181.0,"False",46.0,"Male",52208.9,14733.0,25.0,"21-29","east Bohemia",48.0,20.0,10.0,10.0,0.735,8369.0,0.117,0.52,-0.0020938877995546053
45.0,6863.0,9188.0,127080.0,60.0,2118.0,1.0,45.0,"monthly issuance",11006.0,11314.0,"False",45.0,"Male",20272.8,-6859.0,57.0,"50-59","east Bohemia",85.0,19.0,7.0,5.0,0.535,8390.0,0.132,0.6100000000000003,5.390351271224508E-4
14.0,5325.0,1843.0,105804.0,36.0,2939.0,1.0,12.0,"monthly issuance",2235.0,2235.0,"False",14.0,"Female",34292.7,-11054.0,53.0,"50-59","south Bohemia",69.0,27.0,11.0,9.0,0.748,10045.0,0.135,0.29000000000000004,-0.0017390227705052733
63.0,7240.0,11013.0,274740.0,60.0,4579.0,1.0,1.0,"weekly issuance",13231.0,13539.0,"False",63.0,"Male",41142.9,-30531.0,15.0,"0-19","south Moravia",38.0,36.0,6.0,5.0,0.505,8288.0,0.11,0.7299999999999995,-0.0011790135586559245
13.0,6687.0,8261.0,87840.0,24.0,3660.0,1.0,13.0,"monthly issuance",9892.0,10200.0,"True",13.0,"Female",43847.8,-13741.0,14.0,"0-19","central Bohemia",61.0,22.0,2.0,2.0,0.413,8598.0,0.123,0.48999999999999977,0.005155690732738636
15.0,7284.0,11265.0,52788.0,12.0,4399.0,1.0,15.0,"monthly issuance",13537.0,13845.0,"False",15.0,"Male",21029.0,4185.0,21.0,"21-29","south Bohemia",22.0,16.0,8.0,5.0,0.519,9045.0,0.124,0.4700000000000002,5.782706306551466E-4
24.0,6111.0,5428.0,174744.0,24.0,7281.0,-1.0,24.0,"monthly issuance",6551.0,6551.0,"False",24.0,"Female",58140.9,9690.0,45.0,"40-49","west Bohemia",25.0,21.0,8.0,8.0,0.8,8991.0,0.128,0.6199999999999999,6.117305449295695E-4
18.0,7235.0,10973.0,154416.0,48.0,3217.0,1.0,18.0,"weekly issuance",13182.0,13490.0,"False",18.0,"Female",53402.7,8900.0,24.0,"21-29","south Bohemia",60.0,13.0,3.0,4.0,0.653,8968.0,0.131,0.52,0.002404560177654564
14.0,5997.0,4894.0,117024.0,24.0,4876.0,1.0,14.0,"monthly issuance",5911.0,5911.0,"False",14.0,"Male",53193.5,-12765.0,58.0,"50-59","south Bohemia",69.0,27.0,11.0,9.0,0.748,10045.0,0.135,0.29000000000000004,-0.0017390227705052733
55.0,7121.0,10364.0,21924.0,36.0,609.0,1.0,55.0,"monthly issuance",12446.0,12754.0,"True",55.0,"Male",49083.3,8039.0,33.0,"30-39","south Moravia",49.0,70.0,18.0,9.0,0.33899999999999997,8743.0,0.111,0.5500000000000003,0.001496414971790986
44.0,6077.0,5270.0,79608.0,24.0,3317.0,1.0,44.0,"monthly issuance",6367.0,6367.0,"False",44.0,"Male",103745.7,-37351.0,24.0,"21-29","east Bohemia",77.0,26.0,9.0,7.0,0.53,8254.0,0.097,0.9699999999999998,0.0015055962729390376
77.0,6228.0,6034.0,464520.0,60.0,7742.0,-1.0,6.0,"weekly issuance",7291.0,7291.0,"False",77.0,"Female",101797.3,9707.0,53.0,"50-59","north Moravia",8.0,35.0,15.0,4.0,0.535,8909.0,0.113,1.5499999999999998,8.751556767309569E-4
5.0,6356.0,6701.0,95400.0,36.0,2650.0,1.0,49.0,"weekly issuance",8091.0,8091.0,"False",5.0,"Male",27667.0,3074.0,23.0,"21-29","central Bohemia",65.0,30.0,5.0,6.0,0.514,9307.0,0.118,0.5799999999999996,0.004434404283801874
63.0,5523.0,2705.0,93888.0,36.0,2608.0,1.0,63.0,"issuance after transaction",3264.0,3264.0,"False",63.0,"Female",34716.3,-8705.0,43.0,"40-49","south Moravia",38.0,36.0,6.0,5.0,0.505,8288.0,0.11,0.7299999999999995,-0.0011790135586559245
46.0,6456.0,7123.0,47016.0,12.0,3918.0,1.0,64.0,"issuance after transaction",8598.0,8598.0,"False",46.0,"Female",58773.2,14637.0,36.0,"30-39","east Bohemia",48.0,20.0,10.0,10.0,0.735,8369.0,0.117,0.52,-0.0020938877995546053
68.0,7104.0,10320.0,259740.0,60.0,4329.0,1.0,68.0,"monthly issuance",12387.0,12695.0,"False",68.0,"Male",67219.5,-12643.0,15.0,"0-19","north Moravia",15.0,40.0,20.0,6.0,0.5720000000000001,9893.0,0.096,0.6299999999999999,0.00115360413899182
1.0,6820.0,9034.0,38148.0,12.0,3179.0,1.0,1.0,"monthly issuance",10818.0,11126.0,"False",1.0,"Female",47725.8,-11742.0,29.0,"21-29","Prague",0.0,0.0,1.0,1.0,1.0,12541.0,0.167,0.14,0.01114566294286997
11.0,6876.0,9236.0,86616.0,12.0,7218.0,1.0,11.0,"monthly issuance",11064.0,11372.0,"False",11.0,"Male",37253.1,9313.0,32.0,"30-39","central Bohemia",35.0,36.0,9.0,7.0,0.365,9622.0,0.154,0.13999999999999996,7.139363010166982E-4
54.0,7097.0,10266.0,75624.0,24.0,3151.0,-1.0,54.0,"monthly issuance",12317.0,12625.0,"False",54.0,"Male",41954.8,5993.0,35.0,"30-39","south Moravia",0.0,0.0,1.0,1.0,1.0,9897.0,0.14,0.3599999999999999,-6.450447661067678E-5
1.0,4959.0,2.0,80952.0,24.0,3373.0,1.0,1.0,"monthly issuance",2.0,2.0,"True",1.0,"Male",27855.2,-14402.0,49.0,"40-49","Prague",0.0,0.0,1.0,1.0,1.0,12541.0,0.167,0.14,0.01114566294286997
1.0,6499.0,7401.0,80952.0,24.0,3373.0,1.0,1.0,"monthly issuance",8865.0,9173.0,"True",1.0,"Male",28763.7,-14319.0,49.0,"40-49","Prague",0.0,0.0,1.0,1.0,1.0,12541.0,0.167,0.14,0.01114566294286997
1.0,5479.0,2486.0,24516.0,12.0,2043.0,1.0,1.0,"monthly issuance",3001.0,3001.0,"False",1.0,"Male",78670.8,7150.0,35.0,"30-39","Prague",0.0,0.0,1.0,1.0,1.0,12541.0,0.167,0.14,0.01114566294286997
52.0,5170.0,1071.0,253200.0,60.0,4220.0,1.0,68.0,"weekly issuance",1286.0,1286.0,"False",52.0,"Female",81150.6,9016.0,44.0,"40-49","east Bohemia",59.0,41.0,11.0,10.0,0.619,8363.0,0.108,0.9700000000000002,0.0016905015394354445
17.0,6721.0,8475.0,21072.0,24.0,878.0,1.0,4.0,"monthly issuance",10151.0,10459.0,"False",17.0,"Female",30867.0,7716.0,29.0,"21-29","south Bohemia",99.0,15.0,6.0,7.0,0.614,8114.0,0.119,0.2400000000000002,0.0024033917528557157
59.0,7259.0,11111.0,108144.0,36.0,3004.0,1.0,1.0,"monthly issuance",13349.0,13657.0,"True",59.0,"Female",21921.3,6292.0,31.0,"30-39","south Moravia",41.0,29.0,9.0,6.0,0.621,8444.0,0.106,0.22999999999999998,-0.0026637029144583957
31.0,5285.0,1603.0,78936.0,12.0,6578.0,1.0,1.0,"monthly issuance",1944.0,1944.0,"False",31.0,"Female",24601.0,4441.0,37.0,"30-39","west Bohemia",34.0,12.0,4.0,4.0,0.5920000000000001,8930.0,0.108,0.6800000000000002,0.0024165416171340595
11.0,5189.0,1166.0,149040.0,48.0,3105.0,1.0,11.0,"monthly issuance",1404.0,1404.0,"False",11.0,"Female",19048.1,-14529.0,25.0,"21-29","central Bohemia",35.0,36.0,9.0,7.0,0.365,9622.0,0.154,0.13999999999999996,7.139363010166982E-4
24.0,6650.0,8073.0,49320.0,12.0,4110.0,-1.0,24.0,"issuance after transaction",9665.0,9973.0,"False",24.0,"Female",15673.6,12830.0,48.0,"40-49","west Bohemia",25.0,21.0,8.0,8.0,0.8,8991.0,0.128,0.6199999999999999,6.117305449295695E-4
13.0,7226.0,10940.0,197748.0,36.0,5493.0,1.0,50.0,"monthly issuance",13139.0,13447.0,"True",13.0,"Female",43294.5,7215.0,24.0,"21-29","central Bohemia",61.0,22.0,2.0,2.0,0.413,8598.0,0.123,0.48999999999999977,0.005155690732738636
40.0,6087.0,5313.0,300660.0,60.0,5011.0,1.0,40.0,"monthly issuance",6417.0,6417.0,"False",40.0,"Male",33918.9,7349.0,44.0,"40-49","north Bohemia",9.0,16.0,9.0,8.0,0.853,9317.0,0.097,0.5800000000000001,-6.010084453394527E-4
75.0,7262.0,11135.0,182628.0,36.0,5073.0,1.0,75.0,"monthly issuance",13379.0,13687.0,"False",75.0,"Male",45660.9,9132.0,35.0,"30-39","north Moravia",67.0,30.0,6.0,5.0,0.6459999999999999,8819.0,0.099,0.28000000000000025,0.003202156021792048
52.0,5519.0,2694.0,91632.0,12.0,7636.0,1.0,7.0,"monthly issuance",3251.0,3251.0,"True",52.0,"Female",33061.9,5109.0,31.0,"30-39","east Bohemia",59.0,41.0,11.0,10.0,0.619,8363.0,0.108,0.9700000000000002,0.0016905015394354445
74.0,6577.0,7753.0,51696.0,24.0,2154.0,1.0,74.0,"monthly issuance",9285.0,9593.0,"False",74.0,"Female",38202.2,2938.0,26.0,"21-29","north Moravia",0.0,0.0,1.0,1.0,1.0,10673.0,0.1,0.6900000000000004,-0.0013431315033809862
64.0,6509.0,7445.0,55368.0,24.0,2307.0,1.0,64.0,"monthly issuance",8918.0,9226.0,"False",64.0,"Female",12414.4,1034.0,54.0,"50-59","south Moravia",29.0,41.0,12.0,10.0,0.747,9624.0,0.145,0.71,-0.0011111167484360652
39.0,6520.0,7485.0,91200.0,24.0,3800.0,1.0,39.0,"monthly issuance",8965.0,9273.0,"True",39.0,"Female",32715.3,-16279.0,39.0,"30-39","north Bohemia",17.0,4.0,5.0,4.0,0.899,10446.0,0.09,2.0600000000000005,-0.0017014888027023646
48.0,6699.0,8330.0,7656.0,24.0,319.0,1.0,48.0,"monthly issuance",9979.0,10287.0,"True",48.0,"Female",36353.1,5501.0,32.0,"30-39","east Bohemia",50.0,24.0,9.0,9.0,0.59,9060.0,0.124,0.6599999999999999,7.852574251155721E-4
38.0,6336.0,6555.0,212400.0,36.0,5900.0,1.0,38.0,"weekly issuance",7914.0,7914.0,"False",38.0,"Female",64221.1,4940.0,27.0,"21-29","north Bohemia",41.0,23.0,6.0,4.0,0.598,8965.0,0.104,1.1500000000000004,0.001968503937007874
62.0,7055.0,10079.0,167100.0,60.0,2785.0,1.0,62.0,"monthly issuance",12088.0,12396.0,"True",62.0,"Female",39310.2,3573.0,24.0,"21-29","south Moravia",22.0,41.0,15.0,5.0,0.40700000000000003,8544.0,0.109,0.5700000000000001,0.0012835648783702158
44.0,6103.0,5385.0,149340.0,60.0,2489.0,1.0,44.0,"weekly issuance",6499.0,6499.0,"False",44.0,"Male",23568.3,-8021.0,31.0,"30-39","east Bohemia",77.0,26.0,9.0,7.0,0.53,8254.0,0.097,0.9699999999999998,0.0015055962729390376
3.0,6202.0,5891.0,65184.0,12.0,5432.0,1.0,54.0,"monthly issuance",7127.0,7127.0,"False",3.0,"Male",67995.4,-30233.0,37.0,"30-39","central Bohemia",55.0,26.0,5.0,5.0,0.41700000000000004,8980.0,0.111,0.26,-1.4621437686091024E-4
39.0,7066.0,10131.0,215388.0,36.0,5983.0,-1.0,1.0,"monthly issuance",12156.0,12464.0,"False",39.0,"Male",30662.8,5110.0,34.0,"30-39","north Bohemia",17.0,4.0,5.0,4.0,0.899,10446.0,0.09,2.0600000000000005,-0.0017014888027023646
77.0,6696.0,8321.0,89040.0,60.0,1484.0,1.0,77.0,"monthly issuance",9967.0,10275.0,"True",77.0,"Female",29305.8,6587.0,24.0,"21-29","north Moravia",8.0,35.0,15.0,4.0,0.535,8909.0,0.113,1.5499999999999998,8.751556767309569E-4
72.0,6072.0,5256.0,193968.0,36.0,5388.0,1.0,72.0,"issuance after transaction",6349.0,6349.0,"False",72.0,"Male",80780.0,11540.0,21.0,"21-29","north Moravia",32.0,50.0,11.0,4.0,0.626,8994.0,0.11,0.9900000000000002,-0.0020519896339144354
16.0,5130.0,813.0,24312.0,12.0,2026.0,1.0,16.0,"monthly issuance",976.0,976.0,"False",16.0,"Female",28461.9,-11066.0,38.0,"30-39","south Bohemia",74.0,21.0,11.0,8.0,0.569,8427.0,0.107,0.41999999999999993,4.1519839030777913E-4
10.0,5568.0,2933.0,272520.0,60.0,4542.0,1.0,10.0,"monthly issuance",3542.0,3542.0,"True",10.0,"Male",30009.9,8098.0,55.0,"50-59","central Bohemia",55.0,29.0,7.0,5.0,0.467,10124.0,0.141,-0.020000000000000018,0.005494982841753182
1.0,6678.0,8173.0,80340.0,12.0,6695.0,1.0,11.0,"monthly issuance",9787.0,10095.0,"True",1.0,"Female",89342.6,-33947.0,18.0,"0-19","Prague",0.0,0.0,1.0,1.0,1.0,12541.0,0.167,0.14,0.01114566294286997
21.0,6998.0,9833.0,97632.0,12.0,8136.0,1.0,20.0,"monthly issuance",11794.0,12102.0,"False",21.0,"Female",41330.1,-39656.0,26.0,"21-29","south Bohemia",87.0,16.0,8.0,7.0,0.67,9104.0,0.123,0.5599999999999998,5.32187678403824E-4
23.0,6580.0,7769.0,196080.0,48.0,4085.0,1.0,23.0,"monthly issuance",9303.0,9611.0,"False",23.0,"Male",86857.4,10857.0,36.0,"30-39","west Bohemia",21.0,11.0,7.0,9.0,0.855,8624.0,0.102,0.8700000000000001,0.003649092302588682
4.0,6316.0,6473.0,76908.0,12.0,6409.0,-1.0,12.0,"monthly issuance",7815.0,7815.0,"False",4.0,"Female",14888.6,930.0,48.0,"40-49","central Bohemia",63.0,29.0,8.0,6.0,0.674,9753.0,0.109,0.41000000000000014,0.004323083799777174
31.0,6512.0,7454.0,63312.0,48.0,1319.0,1.0,4.0,"monthly issuance",8928.0,9236.0,"False",31.0,"Female",28553.5,3941.0,38.0,"30-39","west Bohemia",34.0,12.0,4.0,4.0,0.5920000000000001,8930.0,0.108,0.6800000000000002,0.0024165416171340595
41.0,6407.0,6930.0,25944.0,24.0,1081.0,1.0,41.0,"monthly issuance",8366.0,8366.0,"False",41.0,"Female",69398.9,7711.0,34.0,"30-39","north Bohemia",8.0,8.0,6.0,3.0,0.856,9832.0,0.114,1.1600000000000006,-0.008209018120522545
66.0,5002.0,173.0,104808.0,12.0,8734.0,1.0,66.0,"monthly issuance",210.0,210.0,"True",66.0,"Male",28015.4,7538.0,54.0,"50-59","south Moravia",151.0,41.0,5.0,5.0,0.483,8512.0,0.102,0.6100000000000003,-0.0011443829868395957
31.0,6647.0,8051.0,208320.0,48.0,4340.0,1.0,1.0,"weekly issuance",9637.0,9945.0,"True",31.0,"Female",44183.1,-23278.0,26.0,"21-29","west Bohemia",34.0,12.0,4.0,4.0,0.5920000000000001,8930.0,0.108,0.6800000000000002,0.0024165416171340595
66.0,7137.0,10439.0,151560.0,24.0,6315.0,1.0,66.0,"monthly issuance",12535.0,12843.0,"False",66.0,"Male",21323.2,-30689.0,41.0,"40-49","south Moravia",151.0,41.0,5.0,5.0,0.483,8512.0,0.102,0.6100000000000003,-0.0011443829868395957
11.0,6903.0,9337.0,52128.0,24.0,2172.0,1.0,30.0,"monthly issuance",11189.0,11497.0,"False",11.0,"Female",58844.8,6538.0,35.0,"30-39","central Bohemia",35.0,36.0,9.0,7.0,0.365,9622.0,0.154,0.13999999999999996,7.139363010166982E-4
57.0,5918.0,4576.0,300204.0,36.0,8339.0,1.0,27.0,"monthly issuance",5517.0,5517.0,"False",57.0,"Male",33947.4,2827.0,30.0,"30-39","south Moravia",21.0,37.0,23.0,8.0,0.48,8720.0,0.116,0.77,-4.8161823727725157E-4
27.0,6642.0,8027.0,77640.0,12.0,6470.0,1.0,44.0,"weekly issuance",9607.0,9915.0,"False",27.0,"Male",30825.8,-34251.0,27.0,"21-29","west Bohemia",71.0,19.0,10.0,7.0,0.43799999999999994,8561.0,0.11,0.64,0.0014562096941959641
15.0,6210.0,5927.0,87216.0,48.0,1817.0,-1.0,15.0,"monthly issuance",7166.0,7166.0,"False",15.0,"Male",21705.9,-7026.0,30.0,"30-39","south Bohemia",22.0,16.0,8.0,5.0,0.519,9045.0,0.124,0.4700000000000002,5.782706306551466E-4
38.0,6279.0,6273.0,87360.0,24.0,3640.0,1.0,38.0,"monthly issuance",7576.0,7576.0,"False",38.0,"Male",29057.9,2641.0,32.0,"30-39","north Bohemia",41.0,23.0,6.0,4.0,0.598,8965.0,0.104,1.1500000000000004,0.001968503937007874
46.0,7249.0,11065.0,69360.0,48.0,1445.0,1.0,11.0,"monthly issuance",13295.0,13603.0,"False",46.0,"Male",38665.0,2577.0,53.0,"50-59","east Bohemia",48.0,20.0,10.0,10.0,0.735,8369.0,0.117,0.52,-0.0020938877995546053
1.0,6736.0,8558.0,288360.0,60.0,4806.0,1.0,1.0,"issuance after transaction",10247.0,10555.0,"False",1.0,"Male",43450.3,10862.0,58.0,"50-59","Prague",0.0,0.0,1.0,1.0,1.0,12541.0,0.167,0.14,0.01114566294286997
5.0,6112.0,5442.0,174744.0,24.0,7281.0,-1.0,34.0,"monthly issuance",6567.0,6567.0,"False",5.0,"Female",6930.8,10912.0,16.0,"0-19","central Bohemia",65.0,30.0,5.0,6.0,0.514,9307.0,0.118,0.5799999999999996,0.004434404283801874
68.0,5319.0,1811.0,239460.0,60.0,3991.0,1.0,40.0,"monthly issuance",2195.0,2195.0,"False",68.0,"Female",36240.6,-17711.0,52.0,"50-59","north Moravia",15.0,40.0,20.0,6.0,0.5720000000000001,9893.0,0.096,0.6299999999999999,0.00115360413899182
33.0,6596.0,7844.0,91584.0,24.0,3816.0,1.0,1.0,"monthly issuance",9394.0,9702.0,"False",33.0,"Female",49842.9,-29379.0,43.0,"40-49","north Bohemia",24.0,17.0,10.0,11.0,0.847,8705.0,0.116,1.8600000000000003,0.001562301441951905
58.0,5837.0,4260.0,244560.0,60.0,4076.0,1.0,56.0,"monthly issuance",5134.0,5134.0,"False",58.0,"Female",21326.1,-16747.0,27.0,"21-29","south Moravia",98.0,16.0,7.0,4.0,0.636,8757.0,0.096,0.5700000000000003,0.002372577040049833
63.0,5657.0,3354.0,4980.0,12.0,415.0,1.0,63.0,"monthly issuance",4056.0,4056.0,"False",63.0,"Female",22500.3,4779.0,42.0,"40-49","south Moravia",38.0,36.0,6.0,5.0,0.505,8288.0,0.11,0.7299999999999995,-0.0011790135586559245
11.0,5533.0,2762.0,111384.0,24.0,4641.0,1.0,19.0,"monthly issuance",3335.0,3335.0,"False",11.0,"Male",52318.9,9941.0,27.0,"21-29","central Bohemia",35.0,36.0,9.0,7.0,0.365,9622.0,0.154,0.13999999999999996,7.139363010166982E-4
56.0,6232.0,6051.0,276660.0,36.0,7685.0,-1.0,56.0,"monthly issuance",7311.0,7311.0,"False",56.0,"Male",19783.2,1798.0,45.0,"40-49","south Moravia",11.0,42.0,15.0,8.0,0.46,8772.0,0.126,0.29000000000000004,0.002439709481963003
32.0,6888.0,9265.0,39576.0,12.0,3298.0,1.0,1.0,"monthly issuance",11101.0,11409.0,"False",32.0,"Female",23901.1,10706.0,14.0,"0-19","north Bohemia",32.0,19.0,9.0,10.0,0.81,9272.0,0.118,0.4200000000000004,0.0015705610234346742
77.0,6066.0,5228.0,173808.0,24.0,7242.0,1.0,77.0,"issuance after transaction",6317.0,6317.0,"True",77.0,"Female",94431.9,-46238.0,37.0,"30-39","north Moravia",8.0,35.0,15.0,4.0,0.535,8909.0,0.113,1.5499999999999998,8.751556767309569E-4
11.0,5549.0,2824.0,50460.0,60.0,841.0,1.0,11.0,"monthly issuance",3414.0,3414.0,"False",11.0,"Female",41531.0,8663.0,47.0,"40-49","central Bohemia",35.0,36.0,9.0,7.0,0.365,9622.0,0.154,0.13999999999999996,7.139363010166982E-4
60.0,5060.0,426.0,252060.0,60.0,4201.0,-1.0,1.0,"monthly issuance",512.0,512.0,"False",60.0,"Female",70096.5,14001.0,29.0,"21-29","south Moravia",49.0,41.0,5.0,4.0,0.519,8441.0,0.115,1.0300000000000002,0.0033712028777238504
50.0,6004.0,4937.0,143904.0,24.0,5996.0,1.0,12.0,"monthly issuance",5965.0,5965.0,"False",50.0,"Male",38336.2,5536.0,43.0,"40-49","east Bohemia",75.0,33.0,5.0,6.0,0.52,8187.0,0.094,0.6200000000000001,1.0720307185529534E-4
54.0,5126.0,790.0,208128.0,48.0,4336.0,-1.0,54.0,"monthly issuance",946.0,946.0,"False",54.0,"Male",81474.6,5431.0,43.0,"40-49","south Moravia",0.0,0.0,1.0,1.0,1.0,9897.0,0.14,0.3599999999999999,-6.450447661067678E-5
1.0,7220.0,10911.0,131292.0,36.0,3647.0,1.0,1.0,"weekly issuance",13104.0,13412.0,"False",1.0,"Male",31361.3,-16763.0,40.0,"40-49","Prague",0.0,0.0,1.0,1.0,1.0,12541.0,0.167,0.14,0.01114566294286997
45.0,6668.0,8129.0,74736.0,36.0,2076.0,1.0,45.0,"monthly issuance",9735.0,10043.0,"False",45.0,"Male",33243.7,6362.0,29.0,"21-29","east Bohemia",85.0,19.0,7.0,5.0,0.535,8390.0,0.132,0.6100000000000003,5.390351271224508E-4
67.0,5395.0,2176.0,299088.0,36.0,8308.0,-1.0,67.0,"monthly issuance",2635.0,2635.0,"False",67.0,"Female",19448.5,6720.0,28.0,"21-29","north Moravia",38.0,25.0,8.0,6.0,0.631,8110.0,0.109,0.7800000000000002,-0.0015558111905255812
58.0,6836.0,9093.0,189300.0,60.0,3155.0,1.0,47.0,"monthly issuance",10887.0,11195.0,"False",58.0,"Male",24552.0,4278.0,41.0,"40-49","south Moravia",98.0,16.0,7.0,4.0,0.636,8757.0,0.096,0.5700000000000003,0.002372577040049833
55.0,6064.0,5215.0,14628.0,12.0,1219.0,1.0,55.0,"monthly issuance",6301.0,6301.0,"False",55.0,"Female",34917.4,6788.0,45.0,"40-49","south Moravia",49.0,70.0,18.0,9.0,0.33899999999999997,8743.0,0.111,0.5500000000000003,0.001496414971790986
1.0,6919.0,9403.0,120888.0,36.0,3358.0,1.0,1.0,"weekly issuance",11266.0,11574.0,"False",1.0,"Female",52014.4,5336.0,50.0,"50-59","Prague",0.0,0.0,1.0,1.0,1.0,12541.0,0.167,0.14,0.01114566294286997
10.0,6841.0,9104.0,172080.0,48.0,3585.0,1.0,10.0,"monthly issuance",10900.0,11208.0,"False",10.0,"Female",58209.4,8315.0,37.0,"30-39","central Bohemia",55.0,29.0,7.0,5.0,0.467,10124.0,0.141,-0.020000000000000018,0.005494982841753182
1.0,6038.0,5120.0,323472.0,48.0,6739.0,1.0,1.0,"monthly issuance",6178.0,6178.0,"False",1.0,"Female",72386.4,6015.0,54.0,"50-59","Prague",0.0,0.0,1.0,1.0,1.0,12541.0,0.167,0.14,0.01114566294286997
23.0,6729.0,8519.0,74688.0,12.0,6224.0,1.0,23.0,"monthly issuance",10202.0,10510.0,"True",23.0,"Female",28933.3,-27064.0,50.0,"50-59","west Bohemia",21.0,11.0,7.0,9.0,0.855,8624.0,0.102,0.8700000000000001,0.003649092302588682
72.0,7198.0,10788.0,45768.0,12.0,3814.0,1.0,67.0,"weekly issuance",12952.0,13260.0,"False",72.0,"Female",54427.5,6047.0,17.0,"0-19","north Moravia",32.0,50.0,11.0,4.0,0.626,8994.0,0.11,0.9900000000000002,-0.0020519896339144354
31.0,6686.0,8260.0,224604.0,36.0,6239.0,1.0,31.0,"monthly issuance",9890.0,10198.0,"True",31.0,"Male",40287.4,-38368.0,18.0,"0-19","west Bohemia",34.0,12.0,4.0,4.0,0.5920000000000001,8930.0,0.108,0.6800000000000002,0.0024165416171340595
66.0,5836.0,4259.0,79632.0,24.0,3318.0,1.0,66.0,"monthly issuance",5133.0,5133.0,"False",66.0,"Female",99262.5,-28668.0,35.0,"30-39","south Moravia",151.0,41.0,5.0,5.0,0.483,8512.0,0.102,0.6100000000000003,-0.0011443829868395957
55.0,7061.0,10105.0,121896.0,24.0,5079.0,1.0,55.0,"monthly issuance",12124.0,12432.0,"False",55.0,"Male",41917.2,2619.0,29.0,"21-29","south Moravia",49.0,70.0,18.0,9.0,0.33899999999999997,8743.0,0.111,0.5500000000000003,0.001496414971790986
49.0,5595.0,3050.0,82896.0,12.0,6908.0,1.0,60.0,"monthly issuance",3687.0,3687.0,"True",49.0,"Male",64300.6,-32945.0,23.0,"21-29","east Bohemia",31.0,28.0,6.0,9.0,0.608,8208.0,0.155,0.3699999999999999,0.006117460527185043
38.0,5723.0,3674.0,23628.0,12.0,1969.0,1.0,38.0,"monthly issuance",4428.0,4428.0,"False",38.0,"Male",64096.3,9896.0,41.0,"40-49","north Bohemia",41.0,23.0,6.0,4.0,0.598,8965.0,0.104,1.1500000000000004,0.001968503937007874
1.0,6120.0,5481.0,209184.0,48.0,4358.0,1.0,52.0,"monthly issuance",6616.0,6616.0,"False",1.0,"Male",44254.7,-35828.0,41.0,"40-49","Prague",0.0,0.0,1.0,1.0,1.0,12541.0,0.167,0.14,0.01114566294286997
70.0,6895.0,9307.0,41904.0,12.0,3492.0,1.0,68.0,"monthly issuance",11153.0,11461.0,"False",70.0,"Male",39204.7,7501.0,20.0,"21-29","north Moravia",0.0,2.0,13.0,7.0,0.899,10177.0,0.081,1.12,8.059231850084271E-4
1.0,5882.0,4427.0,87816.0,12.0,7318.0,1.0,32.0,"monthly issuance",5337.0,5337.0,"True",1.0,"Male",15665.6,4420.0,33.0,"30-39","Prague",0.0,0.0,1.0,1.0,1.0,12541.0,0.167,0.14,0.01114566294286997
54.0,5754.0,3834.0,23052.0,12.0,1921.0,1.0,54.0,"monthly issuance",4620.0,4620.0,"True",54.0,"Female",28531.7,6644.0,54.0,"50-59","south Moravia",0.0,0.0,1.0,1.0,1.0,9897.0,0.14,0.3599999999999999,-6.450447661067678E-5
60.0,6594.0,7824.0,189696.0,24.0,7904.0,-1.0,60.0,"monthly issuance",9367.0,9675.0,"False",60.0,"Female",22500.0,5625.0,25.0,"21-29","south Moravia",49.0,41.0,5.0,4.0,0.519,8441.0,0.115,1.0300000000000002,0.0033712028777238504
74.0,6738.0,8566.0,230220.0,36.0,6395.0,-1.0,74.0,"monthly issuance",10258.0,10566.0,"False",74.0,"Female",6325.5,9114.0,52.0,"50-59","north Moravia",0.0,0.0,1.0,1.0,1.0,10673.0,0.1,0.6900000000000004,-0.0013431315033809862
55.0,6624.0,7965.0,71460.0,12.0,5955.0,1.0,55.0,"monthly issuance",9536.0,9844.0,"True",55.0,"Male",53022.0,9617.0,49.0,"40-49","south Moravia",49.0,70.0,18.0,9.0,0.33899999999999997,8743.0,0.111,0.5500000000000003,0.001496414971790986
50.0,6216.0,5952.0,141240.0,24.0,5885.0,1.0,50.0,"monthly issuance",7195.0,7195.0,"False",50.0,"Male",45871.6,-28136.0,32.0,"30-39","east Bohemia",75.0,33.0,5.0,6.0,0.52,8187.0,0.094,0.6200000000000001,1.0720307185529534E-4
1.0,6229.0,6040.0,11736.0,24.0,489.0,1.0,1.0,"monthly issuance",7299.0,7299.0,"False",1.0,"Male",26984.4,7904.0,56.0,"50-59","Prague",0.0,0.0,1.0,1.0,1.0,12541.0,0.167,0.14,0.01114566294286997
60.0,5887.0,4448.0,192744.0,36.0,5354.0,1.0,60.0,"monthly issuance",5366.0,5366.0,"True",60.0,"Female",29019.1,1813.0,23.0,"21-29","south Moravia",49.0,41.0,5.0,4.0,0.519,8441.0,0.115,1.0300000000000002,0.0033712028777238504
64.0,6808.0,8982.0,227880.0,36.0,6330.0,1.0,64.0,"monthly issuance",10755.0,11063.0,"True",64.0,"Female",53716.6,4132.0,39.0,"30-39","south Moravia",29.0,41.0,12.0,10.0,0.747,9624.0,0.145,0.71,-0.0011111167484360652
12.0,6297.0,6363.0,17508.0,12.0,1459.0,1.0,74.0,"monthly issuance",7683.0,7683.0,"False",12.0,"Male",48027.0,3201.0,49.0,"40-49","central Bohemia",84.0,29.0,7.0,6.0,0.58,8754.0,0.137,0.47999999999999954,5.933067581347919E-4
65.0,5161.0,1012.0,98184.0,24.0,4091.0,1.0,65.0,"monthly issuance",1216.0,1216.0,"False",65.0,"Female",68956.1,-7305.0,49.0,"40-49","south Moravia",101.0,41.0,5.0,4.0,0.43700000000000006,8403.0,0.105,-0.020000000000000462,0.0049124343257443085
16.0,5390.0,2167.0,170256.0,24.0,7094.0,1.0,16.0,"monthly issuance",2623.0,2623.0,"False",16.0,"Female",43302.8,6834.0,29.0,"21-29","south Bohemia",74.0,21.0,11.0,8.0,0.569,8427.0,0.107,0.41999999999999993,4.1519839030777913E-4
57.0,6150.0,5622.0,83016.0,12.0,6918.0,1.0,70.0,"monthly issuance",6789.0,6789.0,"False",57.0,"Male",93620.2,9124.0,16.0,"0-19","south Moravia",21.0,37.0,23.0,8.0,0.48,8720.0,0.116,0.77,-4.8161823727725157E-4
57.0,6223.0,5991.0,61056.0,48.0,1272.0,1.0,1.0,"monthly issuance",7241.0,7241.0,"False",57.0,"Female",33525.3,5900.0,37.0,"30-39","south Moravia",21.0,37.0,23.0,8.0,0.48,8720.0,0.116,0.77,-4.8161823727725157E-4
56.0,5032.0,290.0,123696.0,48.0,2577.0,1.0,56.0,"monthly issuance",352.0,352.0,"False",56.0,"Male",25187.2,5522.0,54.0,"50-59","south Moravia",11.0,42.0,15.0,8.0,0.46,8772.0,0.126,0.29000000000000004,0.002439709481963003
74.0,6253.0,6148.0,59760.0,24.0,2490.0,1.0,74.0,"monthly issuance",7422.0,7422.0,"True",74.0,"Male",41133.1,7306.0,36.0,"30-39","north Moravia",0.0,0.0,1.0,1.0,1.0,10673.0,0.1,0.6900000000000004,-0.0013431315033809862
55.0,6460.0,7133.0,48672.0,36.0,1352.0,1.0,1.0,"monthly issuance",8610.0,8610.0,"True",55.0,"Female",23110.0,3513.0,47.0,"40-49","south Moravia",49.0,70.0,18.0,9.0,0.33899999999999997,8743.0,0.111,0.5500000000000003,0.001496414971790986
74.0,6645.0,8041.0,140400.0,36.0,3900.0,1.0,1.0,"monthly issuance",9625.0,9933.0,"False",74.0,"Male",28271.8,2174.0,53.0,"50-59","north Moravia",0.0,0.0,1.0,1.0,1.0,10673.0,0.1,0.6900000000000004,-0.0013431315033809862
20.0,5176.0,1106.0,192552.0,24.0,8023.0,-1.0,20.0,"weekly issuance",1327.0,1327.0,"False",20.0,"Female",22225.5,1481.0,31.0,"30-39","south Bohemia",94.0,14.0,4.0,4.0,0.584,8547.0,0.12,0.9900000000000002,-2.9725674489709255E-4
31.0,5269.0,1527.0,164052.0,36.0,4557.0,-1.0,31.0,"issuance after transaction",1851.0,1851.0,"False",31.0,"Female",20811.2,1734.0,19.0,"0-19","west Bohemia",34.0,12.0,4.0,4.0,0.5920000000000001,8930.0,0.108,0.6800000000000002,0.0024165416171340595
1.0,5351.0,1978.0,205200.0,36.0,5700.0,1.0,57.0,"weekly issuance",2403.0,2403.0,"False",1.0,"Female",54586.0,-21594.0,32.0,"30-39","Prague",0.0,0.0,1.0,1.0,1.0,12541.0,0.167,0.14,0.01114566294286997
29.0,5861.0,4337.0,51408.0,24.0,2142.0,1.0,29.0,"monthly issuance",5224.0,5224.0,"False",29.0,"Male",49198.8,3784.0,45.0,"40-49","west Bohemia",52.0,10.0,6.0,6.0,0.556,8843.0,0.113,0.7800000000000002,0.0015312595703723148
52.0,5450.0,2345.0,199680.0,60.0,3328.0,1.0,5.0,"monthly issuance",2834.0,2834.0,"False",52.0,"Male",19938.6,-16223.0,46.0,"40-49","east Bohemia",59.0,41.0,11.0,10.0,0.619,8363.0,0.108,0.9700000000000002,0.0016905015394354445
1.0,7142.0,10451.0,482940.0,60.0,8049.0,-1.0,1.0,"monthly issuance",12551.0,12859.0,"False",1.0,"Female",18439.4,6792.0,19.0,"0-19","Prague",0.0,0.0,1.0,1.0,1.0,12541.0,0.167,0.14,0.01114566294286997
70.0,6306.0,6425.0,36684.0,12.0,3057.0,1.0,31.0,"monthly issuance",7753.0,7753.0,"False",70.0,"Female",35093.0,1671.0,16.0,"0-19","north Moravia",0.0,2.0,13.0,7.0,0.899,10177.0,0.081,1.12,8.059231850084271E-4
74.0,6272.0,6226.0,398640.0,60.0,6644.0,1.0,74.0,"weekly issuance",7521.0,7521.0,"False",74.0,"Female",59316.9,-39890.0,35.0,"30-39","north Moravia",0.0,0.0,1.0,1.0,1.0,10673.0,0.1,0.6900000000000004,-0.0013431315033809862
54.0,5044.0,344.0,100980.0,60.0,1683.0,1.0,54.0,"monthly issuance",421.0,421.0,"False",54.0,"Male",48637.7,6906.0,29.0,"21-29","south Moravia",0.0,0.0,1.0,1.0,1.0,9897.0,0.14,0.3599999999999999,-6.450447661067678E-5
1.0,5576.0,2962.0,31248.0,12.0,2604.0,1.0,1.0,"monthly issuance",3576.0,3576.0,"False",1.0,"Female",53922.3,2838.0,56.0,"50-59","Prague",0.0,0.0,1.0,1.0,1.0,12541.0,0.167,0.14,0.01114566294286997
31.0,7192.0,10738.0,115992.0,36.0,3222.0,1.0,45.0,"weekly issuance",12893.0,13201.0,"False",31.0,"Male",9669.5,7065.0,58.0,"50-59","west Bohemia",34.0,12.0,4.0,4.0,0.5920000000000001,8930.0,0.108,0.6800000000000002,0.0024165416171340595
1.0,5739.0,3747.0,76380.0,12.0,6365.0,1.0,1.0,"monthly issuance",4520.0,4520.0,"False",1.0,"Female",23156.6,5113.0,38.0,"30-39","Prague",0.0,0.0,1.0,1.0,1.0,12541.0,0.167,0.14,0.01114566294286997
63.0,6526.0,7523.0,288468.0,36.0,8013.0,1.0,63.0,"monthly issuance",9008.0,9316.0,"False",63.0,"Female",48665.3,9768.0,36.0,"30-39","south Moravia",38.0,36.0,6.0,5.0,0.505,8288.0,0.11,0.7299999999999995,-0.0011790135586559245
59.0,5624.0,3166.0,177744.0,48.0,3703.0,-1.0,71.0,"monthly issuance",3829.0,3829.0,"False",59.0,"Male",14230.7,837.0,23.0,"21-29","south Moravia",41.0,29.0,9.0,6.0,0.621,8444.0,0.106,0.22999999999999998,-0.0026637029144583957
1.0,6244.0,6118.0,270648.0,36.0,7518.0,-1.0,1.0,"weekly issuance",7390.0,7390.0,"False",1.0,"Male",50996.5,5099.0,57.0,"50-59","Prague",0.0,0.0,1.0,1.0,1.0,12541.0,0.167,0.14,0.01114566294286997
40.0,5131.0,816.0,48624.0,24.0,2026.0,1.0,52.0,"monthly issuance",980.0,980.0,"False",40.0,"Male",47993.6,5675.0,33.0,"30-39","north Bohemia",9.0,16.0,9.0,8.0,0.853,9317.0,0.097,0.5800000000000001,-6.010084453394527E-4
1.0,6960.0,9640.0,76416.0,24.0,3184.0,1.0,1.0,"monthly issuance",11558.0,11866.0,"True",1.0,"Male",12262.9,-8271.0,57.0,"50-59","Prague",0.0,0.0,1.0,1.0,1.0,12541.0,0.167,0.14,0.01114566294286997
72.0,6358.0,6715.0,137880.0,60.0,2298.0,-1.0,48.0,"weekly issuance",8105.0,8105.0,"False",72.0,"Male",19966.8,-13833.0,32.0,"30-39","north Moravia",32.0,50.0,11.0,4.0,0.626,8994.0,0.11,0.9900000000000002,-0.0020519896339144354
29.0,5418.0,2245.0,347952.0,48.0,7249.0,1.0,29.0,"monthly issuance",2719.0,2719.0,"False",29.0,"Female",57546.3,2615.0,30.0,"30-39","west Bohemia",52.0,10.0,6.0,6.0,0.556,8843.0,0.113,0.7800000000000002,0.0015312595703723148
35.0,6598.0,7857.0,68112.0,12.0,5676.0,1.0,75.0,"monthly issuance",9407.0,9715.0,"False",35.0,"Female",39416.1,-32286.0,17.0,"0-19","north Bohemia",10.0,18.0,6.0,7.0,0.805,8867.0,0.13,0.18999999999999995,0.0026586157173756307
43.0,5464.0,2419.0,95808.0,12.0,7984.0,1.0,24.0,"monthly issuance",2922.0,2922.0,"False",43.0,"Male",72500.4,4833.0,54.0,"50-59","east Bohemia",73.0,21.0,7.0,6.0,0.763,9425.0,0.125,0.78,-0.0011986110939488676
38.0,6591.0,7819.0,20832.0,48.0,434.0,1.0,38.0,"monthly issuance",9362.0,9670.0,"False",38.0,"Male",17887.1,4842.0,47.0,"40-49","north Bohemia",41.0,23.0,6.0,4.0,0.598,8965.0,0.104,1.1500000000000004,0.001968503937007874
1.0,5724.0,3678.0,316140.0,60.0,5269.0,-1.0,1.0,"monthly issuance",4433.0,4433.0,"False",1.0,"Male",12826.4,557.0,27.0,"21-29","Prague",0.0,0.0,1.0,1.0,1.0,12541.0,0.167,0.14,0.01114566294286997
61.0,6315.0,6472.0,43164.0,12.0,3597.0,1.0,61.0,"monthly issuance",7814.0,7814.0,"False",61.0,"Female",31349.9,-39044.0,19.0,"0-19","south Moravia",139.0,28.0,6.0,6.0,0.5379999999999999,8814.0,0.107,0.9800000000000004,-4.4954494177120704E-4
74.0,5876.0,4413.0,221280.0,48.0,4610.0,1.0,74.0,"weekly issuance",5318.0,5318.0,"True",74.0,"Male",31314.7,-26842.0,27.0,"21-29","north Moravia",0.0,0.0,1.0,1.0,1.0,10673.0,0.1,0.6900000000000004,-0.0013431315033809862
74.0,6986.0,9750.0,151728.0,48.0,3161.0,-1.0,74.0,"monthly issuance",11695.0,12003.0,"False",74.0,"Male",26488.7,2943.0,19.0,"0-19","north Moravia",0.0,0.0,1.0,1.0,1.0,10673.0,0.1,0.6900000000000004,-0.0013431315033809862
26.0,6294.0,6353.0,79920.0,60.0,1332.0,1.0,26.0,"monthly issuance",7672.0,7672.0,"False",26.0,"Male",31271.6,6464.0,42.0,"40-49","west Bohemia",0.0,0.0,1.0,1.0,1.0,10787.0,0.131,0.44999999999999973,0.0012907086577216645
5.0,5132.0,817.0,538500.0,60.0,8975.0,1.0,5.0,"monthly issuance",981.0,981.0,"False",5.0,"Male",23271.0,5046.0,35.0,"30-39","central Bohemia",65.0,30.0,5.0,6.0,0.514,9307.0,0.118,0.5799999999999996,0.004434404283801874
17.0,5877.0,4414.0,97224.0,24.0,4051.0,1.0,24.0,"monthly issuance",5320.0,5320.0,"True",17.0,"Female",19479.6,6300.0,44.0,"40-49","south Bohemia",99.0,15.0,6.0,7.0,0.614,8114.0,0.119,0.2400000000000002,0.0024033917528557157
47.0,6227.0,6030.0,28248.0,24.0,1177.0,1.0,47.0,"monthly issuance",7286.0,7286.0,"False",47.0,"Female",33729.1,1775.0,25.0,"21-29","east Bohemia",83.0,26.0,6.0,6.0,0.728,9538.0,0.111,0.30000000000000004,-0.004114897281338418
1.0,7241.0,11021.0,168984.0,24.0,7041.0,-1.0,1.0,"monthly issuance",13240.0,13548.0,"False",1.0,"Male",24304.3,1279.0,19.0,"0-19","Prague",0.0,0.0,1.0,1.0,1.0,12541.0,0.167,0.14,0.01114566294286997
68.0,6737.0,8564.0,76680.0,24.0,3195.0,1.0,68.0,"monthly issuance",10255.0,10563.0,"True",68.0,"Male",27191.2,-28785.0,46.0,"40-49","north Moravia",15.0,40.0,20.0,6.0,0.5720000000000001,9893.0,0.096,0.6299999999999999,0.00115360413899182
2.0,7004.0,9869.0,331560.0,60.0,5526.0,1.0,12.0,"monthly issuance",11836.0,12144.0,"True",2.0,"Male",47992.1,8704.0,14.0,"0-19","central Bohemia",80.0,26.0,8.0,5.0,0.467,8507.0,0.132,0.18000000000000016,0.005794068673777058
42.0,6169.0,5700.0,103680.0,60.0,1728.0,-1.0,42.0,"monthly issuance",6895.0,6895.0,"False",42.0,"Male",30227.6,1511.0,24.0,"21-29","east Bohemia",87.0,25.0,7.0,7.0,0.591,8388.0,0.087,0.5299999999999998,1.0426767597777013E-4
65.0,5208.0,1247.0,99696.0,48.0,2077.0,-1.0,25.0,"monthly issuance",1505.0,1505.0,"False",65.0,"Female",32966.8,1569.0,24.0,"21-29","south Moravia",101.0,41.0,5.0,4.0,0.43700000000000006,8403.0,0.105,-0.020000000000000462,0.0049124343257443085
70.0,6694.0,8316.0,134784.0,24.0,5616.0,1.0,70.0,"monthly issuance",9961.0,10269.0,"False",70.0,"Female",16218.7,1621.0,55.0,"50-59","north Moravia",0.0,2.0,13.0,7.0,0.899,10177.0,0.081,1.12,8.059231850084271E-4
1.0,5599.0,3064.0,15420.0,12.0,1285.0,1.0,40.0,"monthly issuance",3705.0,3705.0,"False",1.0,"Female",31867.2,6215.0,30.0,"30-39","Prague",0.0,0.0,1.0,1.0,1.0,12541.0,0.167,0.14,0.01114566294286997
1.0,6546.0,7607.0,31728.0,24.0,1322.0,1.0,1.0,"monthly issuance",9110.0,9418.0,"True",1.0,"Male",32802.7,6162.0,45.0,"40-49","Prague",0.0,0.0,1.0,1.0,1.0,12541.0,0.167,0.14,0.01114566294286997
34.0,5414.0,2228.0,185952.0,48.0,3874.0,1.0,34.0,"monthly issuance",2700.0,2700.0,"False",34.0,"Male",82385.2,6693.0,50.0,"50-59","north Bohemia",28.0,11.0,5.0,5.0,0.877,9675.0,0.1,1.25,-0.0010619949535277395
28.0,5453.0,2361.0,156672.0,36.0,4352.0,1.0,28.0,"monthly issuance",2853.0,2853.0,"False",28.0,"Female",23286.1,4298.0,39.0,"30-39","west Bohemia",66.0,26.0,10.0,8.0,0.369,8594.0,0.112,0.3899999999999997,-7.581919190526737E-4
1.0,5740.0,3752.0,18564.0,12.0,1547.0,1.0,1.0,"monthly issuance",4527.0,4527.0,"False",1.0,"Female",43265.7,8653.0,32.0,"30-39","Prague",0.0,0.0,1.0,1.0,1.0,12541.0,0.167,0.14,0.01114566294286997
52.0,5804.0,4079.0,158976.0,48.0,3312.0,1.0,52.0,"monthly issuance",4916.0,4916.0,"False",52.0,"Male",18894.0,5679.0,56.0,"50-59","east Bohemia",59.0,41.0,11.0,10.0,0.619,8363.0,0.108,0.9700000000000002,0.0016905015394354445
64.0,6745.0,8625.0,47304.0,24.0,1971.0,1.0,64.0,"monthly issuance",10328.0,10636.0,"False",64.0,"Male",62458.3,10386.0,24.0,"21-29","south Moravia",29.0,41.0,12.0,10.0,0.747,9624.0,0.145,0.71,-0.0011111167484360652
74.0,6950.0,9591.0,104712.0,24.0,4363.0,1.0,74.0,"monthly issuance",11496.0,11804.0,"False",74.0,"Male",25947.2,4913.0,50.0,"50-59","north Moravia",0.0,0.0,1.0,1.0,1.0,10673.0,0.1,0.6900000000000004,-0.0013431315033809862
47.0,6996.0,9828.0,126600.0,24.0,5275.0,1.0,11.0,"monthly issuance",11787.0,12095.0,"False",47.0,"Male",48720.6,-32281.0,56.0,"50-59","east Bohemia",83.0,26.0,6.0,6.0,0.728,9538.0,0.111,0.30000000000000004,-0.004114897281338418
68.0,5352.0,1993.0,68400.0,12.0,5700.0,-1.0,68.0,"monthly issuance",2422.0,2422.0,"False",68.0,"Female",23946.1,4789.0,19.0,"0-19","north Moravia",15.0,40.0,20.0,6.0,0.5720000000000001,9893.0,0.096,0.6299999999999999,0.00115360413899182
61.0,6151.0,5628.0,225420.0,60.0,3757.0,1.0,61.0,"monthly issuance",6798.0,6798.0,"False",61.0,"Female",32403.4,3240.0,47.0,"40-49","south Moravia",139.0,28.0,6.0,6.0,0.5379999999999999,8814.0,0.107,0.9800000000000004,-4.4954494177120704E-4
28.0,5310.0,1762.0,248148.0,36.0,6893.0,1.0,28.0,"monthly issuance",2136.0,2136.0,"False",28.0,"Female",41108.6,6415.0,55.0,"50-59","west Bohemia",66.0,26.0,10.0,8.0,0.369,8594.0,0.112,0.3899999999999997,-7.581919190526737E-4
1.0,5045.0,347.0,187224.0,24.0,7801.0,-1.0,65.0,"monthly issuance",424.0,424.0,"False",1.0,"Male",50832.1,2990.0,48.0,"40-49","Prague",0.0,0.0,1.0,1.0,1.0,12541.0,0.167,0.14,0.01114566294286997
76.0,6929.0,9472.0,36396.0,12.0,3033.0,1.0,1.0,"weekly issuance",11354.0,11662.0,"False",76.0,"Male",45480.6,6488.0,23.0,"21-29","north Moravia",31.0,32.0,15.0,7.0,0.512,8369.0,0.107,1.1499999999999995,-0.007293768499399383
4.0,5151.0,960.0,189060.0,60.0,3151.0,1.0,4.0,"issuance after transaction",1157.0,1157.0,"False",4.0,"Female",68945.6,-30473.0,36.0,"30-39","central Bohemia",63.0,29.0,8.0,6.0,0.674,9753.0,0.109,0.41000000000000014,0.004323083799777174
38.0,5212.0,1256.0,71064.0,36.0,1974.0,1.0,38.0,"monthly issuance",1516.0,1516.0,"False",38.0,"Female",31397.0,7003.0,49.0,"40-49","north Bohemia",41.0,23.0,6.0,4.0,0.598,8965.0,0.104,1.1500000000000004,0.001968503937007874
1.0,5138.0,854.0,87216.0,48.0,1817.0,1.0,62.0,"monthly issuance",1029.0,1029.0,"False",1.0,"Female",29638.3,4748.0,41.0,"40-49","Prague",0.0,0.0,1.0,1.0,1.0,12541.0,0.167,0.14,0.01114566294286997
48.0,5713.0,3629.0,158760.0,60.0,2646.0,1.0,48.0,"monthly issuance",4377.0,4377.0,"False",48.0,"Male",19182.3,-7580.0,17.0,"0-19","east Bohemia",50.0,24.0,9.0,9.0,0.59,9060.0,0.124,0.6599999999999999,7.852574251155721E-4
29.0,6704.0,8377.0,417060.0,60.0,6951.0,1.0,29.0,"monthly issuance",10042.0,10350.0,"True",29.0,"Female",80978.7,5565.0,34.0,"30-39","west Bohemia",52.0,10.0,6.0,6.0,0.556,8843.0,0.113,0.7800000000000002,0.0015312595703723148
49.0,6474.0,7190.0,63360.0,60.0,1056.0,1.0,49.0,"monthly issuance",8677.0,8677.0,"True",49.0,"Male",25635.0,5330.0,40.0,"40-49","east Bohemia",31.0,28.0,6.0,9.0,0.608,8208.0,0.155,0.3699999999999999,0.006117460527185043
26.0,6676.0,8159.0,29784.0,24.0,1241.0,1.0,26.0,"monthly issuance",9768.0,10076.0,"True",26.0,"Female",37920.3,9480.0,25.0,"21-29","west Bohemia",0.0,0.0,1.0,1.0,1.0,10787.0,0.131,0.44999999999999973,0.0012907086577216645
61.0,6965.0,9656.0,139536.0,24.0,5814.0,1.0,61.0,"monthly issuance",11578.0,11886.0,"False",61.0,"Female",36472.9,11512.0,54.0,"50-59","south Moravia",139.0,28.0,6.0,6.0,0.5379999999999999,8814.0,0.107,0.9800000000000004,-4.4954494177120704E-4
51.0,6725.0,8489.0,265320.0,36.0,7370.0,1.0,19.0,"monthly issuance",10167.0,10475.0,"True",51.0,"Female",35289.8,4785.0,47.0,"40-49","east Bohemia",37.0,28.0,10.0,11.0,0.705,8541.0,0.131,0.4600000000000004,0.0028126973193272485
41.0,7166.0,10630.0,198240.0,24.0,8260.0,1.0,41.0,"monthly issuance",12763.0,13071.0,"False",41.0,"Male",35344.2,8529.0,39.0,"30-39","north Bohemia",8.0,8.0,6.0,3.0,0.856,9832.0,0.114,1.1600000000000006,-0.008209018120522545
45.0,7138.0,10440.0,60000.0,60.0,1000.0,1.0,72.0,"monthly issuance",12536.0,12844.0,"False",45.0,"Male",16893.2,4561.0,49.0,"40-49","east Bohemia",85.0,19.0,7.0,5.0,0.535,8390.0,0.132,0.6100000000000003,5.390351271224508E-4
66.0,5970.0,4774.0,465072.0,48.0,9689.0,1.0,66.0,"monthly issuance",5760.0,5760.0,"True",66.0,"Male",37152.4,2064.0,47.0,"40-49","south Moravia",151.0,41.0,5.0,5.0,0.483,8512.0,0.102,0.6100000000000003,-0.0011443829868395957
10.0,6157.0,5650.0,98592.0,24.0,4108.0,1.0,10.0,"issuance after transaction",6829.0,6829.0,"False",10.0,"Female",62671.9,-15882.0,32.0,"30-39","central Bohemia",55.0,29.0,7.0,5.0,0.467,10124.0,0.141,-0.020000000000000018,0.005494982841753182
5.0,6153.0,5632.0,285600.0,60.0,4760.0,1.0,5.0,"weekly issuance",6803.0,6803.0,"True",5.0,"Female",28194.4,3524.0,15.0,"0-19","central Bohemia",65.0,30.0,5.0,6.0,0.514,9307.0,0.118,0.5799999999999996,0.004434404283801874
9.0,5693.0,3489.0,44088.0,24.0,1837.0,1.0,9.0,"monthly issuance",4217.0,4217.0,"False",9.0,"Female",44368.6,6810.0,44.0,"40-49","central Bohemia",61.0,23.0,6.0,6.0,0.5529999999999999,8899.0,0.149,0.5800000000000001,-0.006146734854445318
9.0,5922.0,4580.0,20220.0,12.0,1685.0,1.0,9.0,"monthly issuance",5521.0,5521.0,"False",9.0,"Female",31317.9,6243.0,22.0,"21-29","central Bohemia",61.0,23.0,6.0,6.0,0.5529999999999999,8899.0,0.149,0.5800000000000001,-0.006146734854445318
2.0,5959.0,4727.0,107640.0,24.0,4485.0,1.0,2.0,"monthly issuance",5701.0,5701.0,"False",2.0,"Female",65325.4,-26926.0,36.0,"30-39","central Bohemia",80.0,26.0,8.0,5.0,0.467,8507.0,0.132,0.18000000000000016,0.005794068673777058
15.0,5980.0,4825.0,21396.0,12.0,1783.0,1.0,15.0,"monthly issuance",5826.0,5826.0,"True",15.0,"Male",24782.0,-10116.0,27.0,"21-29","south Bohemia",22.0,16.0,8.0,5.0,0.519,9045.0,0.124,0.4700000000000002,5.782706306551466E-4
64.0,6764.0,8776.0,33984.0,48.0,708.0,1.0,64.0,"monthly issuance",10510.0,10818.0,"False",64.0,"Male",44465.4,3705.0,23.0,"21-29","south Moravia",29.0,41.0,12.0,10.0,0.747,9624.0,0.145,0.71,-0.0011111167484360652
19.0,5237.0,1375.0,45336.0,24.0,1889.0,1.0,19.0,"monthly issuance",1663.0,1663.0,"False",19.0,"Male",40939.5,6937.0,38.0,"30-39","south Bohemia",50.0,11.0,4.0,4.0,0.527,8402.0,0.12,0.8500000000000001,0.0019444660496227735
2.0,6726.0,8492.0,85860.0,60.0,1431.0,1.0,2.0,"monthly issuance",10171.0,10479.0,"False",2.0,"Female",39366.8,5266.0,40.0,"40-49","central Bohemia",80.0,26.0,8.0,5.0,0.467,8507.0,0.132,0.18000000000000016,0.005794068673777058
64.0,6933.0,9493.0,188688.0,48.0,3931.0,1.0,64.0,"monthly issuance",11377.0,11685.0,"False",64.0,"Female",23579.7,-16555.0,30.0,"30-39","south Moravia",29.0,41.0,12.0,10.0,0.747,9624.0,0.145,0.71,-0.0011111167484360652
72.0,5145.0,915.0,309552.0,48.0,6449.0,1.0,72.0,"monthly issuance",1102.0,1102.0,"False",72.0,"Male",51799.4,-27491.0,61.0,"60-69","north Moravia",32.0,50.0,11.0,4.0,0.626,8994.0,0.11,0.9900000000000002,-0.0020519896339144354
1.0,7008.0,9897.0,36168.0,12.0,3014.0,1.0,1.0,"monthly issuance",11873.0,12181.0,"False",1.0,"Male",29138.1,-9940.0,34.0,"30-39","Prague",0.0,0.0,1.0,1.0,1.0,12541.0,0.167,0.14,0.01114566294286997
44.0,7227.0,10942.0,314520.0,60.0,5242.0,1.0,44.0,"weekly issuance",13143.0,13451.0,"False",44.0,"Female",50517.0,11009.0,40.0,"40-49","east Bohemia",77.0,26.0,9.0,7.0,0.53,8254.0,0.097,0.9699999999999998,0.0015055962729390376
34.0,6600.0,7861.0,21852.0,36.0,607.0,1.0,34.0,"monthly issuance",9413.0,9721.0,"False",34.0,"Male",42899.4,7154.0,41.0,"40-49","north Bohemia",28.0,11.0,5.0,5.0,0.877,9675.0,0.1,1.25,-0.0010619949535277395
20.0,6712.0,8405.0,266220.0,60.0,4437.0,1.0,20.0,"monthly issuance",10074.0,10382.0,"False",20.0,"Female",38159.6,7788.0,31.0,"30-39","south Bohemia",94.0,14.0,4.0,4.0,0.584,8547.0,0.12,0.9900000000000002,-2.9725674489709255E-4
1.0,7057.0,10093.0,231696.0,36.0,6436.0,1.0,1.0,"weekly issuance",12108.0,12416.0,"True",1.0,"Male",39874.7,-32949.0,22.0,"21-29","Prague",0.0,0.0,1.0,1.0,1.0,12541.0,0.167,0.14,0.01114566294286997
11.0,7176.0,10663.0,260028.0,36.0,7223.0,1.0,11.0,"monthly issuance",12805.0,13113.0,"False",11.0,"Male",69850.9,-30615.0,19.0,"0-19","central Bohemia",35.0,36.0,9.0,7.0,0.365,9622.0,0.154,0.13999999999999996,7.139363010166982E-4
1.0,7304.0,11349.0,419880.0,60.0,6998.0,1.0,1.0,"weekly issuance",13647.0,13955.0,"True",1.0,"Female",24704.4,-39068.0,50.0,"50-59","Prague",0.0,0.0,1.0,1.0,1.0,12541.0,0.167,0.14,0.01114566294286997
62.0,6362.0,6738.0,37908.0,12.0,3159.0,1.0,62.0,"monthly issuance",8130.0,8130.0,"False",62.0,"Female",46113.5,-17143.0,19.0,"0-19","south Moravia",22.0,41.0,15.0,5.0,0.40700000000000003,8544.0,0.109,0.5700000000000001,0.0012835648783702158
39.0,5880.0,4423.0,73836.0,36.0,2051.0,1.0,39.0,"monthly issuance",5333.0,5333.0,"False",39.0,"Female",67453.1,9636.0,28.0,"21-29","north Bohemia",17.0,4.0,5.0,4.0,0.899,10446.0,0.09,2.0600000000000005,-0.0017014888027023646
43.0,6535.0,7546.0,41952.0,12.0,3496.0,1.0,43.0,"monthly issuance",9038.0,9346.0,"False",43.0,"Male",24687.4,-17776.0,23.0,"21-29","east Bohemia",73.0,21.0,7.0,6.0,0.763,9425.0,0.125,0.78,-0.0011986110939488676
68.0,5449.0,2343.0,99336.0,24.0,4139.0,1.0,68.0,"monthly issuance",2831.0,2831.0,"False",68.0,"Female",30838.7,5378.0,15.0,"0-19","north Moravia",15.0,40.0,20.0,6.0,0.5720000000000001,9893.0,0.096,0.6299999999999999,0.00115360413899182
16.0,6342.0,6609.0,60156.0,36.0,1671.0,-1.0,16.0,"monthly issuance",7980.0,7980.0,"False",16.0,"Male",106112.8,11091.0,19.0,"0-19","south Bohemia",74.0,21.0,11.0,8.0,0.569,8427.0,0.107,0.41999999999999993,4.1519839030777913E-4
19.0,5409.0,2218.0,182040.0,60.0,3034.0,1.0,19.0,"monthly issuance",2686.0,2686.0,"True",19.0,"Female",38747.5,-41228.0,45.0,"40-49","south Bohemia",50.0,11.0,4.0,4.0,0.527,8402.0,0.12,0.8500000000000001,0.0019444660496227735
65.0,6955.0,9627.0,244368.0,48.0,5091.0,1.0,65.0,"issuance after transaction",11543.0,11851.0,"False",65.0,"Male",86194.1,5387.0,26.0,"21-29","south Moravia",101.0,41.0,5.0,4.0,0.43700000000000006,8403.0,0.105,-0.020000000000000462,0.0049124343257443085
54.0,6985.0,9731.0,113796.0,36.0,3161.0,1.0,54.0,"issuance after transaction",11670.0,11978.0,"True",54.0,"Male",34054.0,-13515.0,24.0,"21-29","south Moravia",0.0,0.0,1.0,1.0,1.0,9897.0,0.14,0.3599999999999999,-6.450447661067678E-5
39.0,5125.0,789.0,73056.0,48.0,1522.0,1.0,39.0,"monthly issuance",944.0,944.0,"True",39.0,"Male",21545.7,4051.0,25.0,"21-29","north Bohemia",17.0,4.0,5.0,4.0,0.899,10446.0,0.09,2.0600000000000005,-0.0017014888027023646
11.0,5805.0,4081.0,137904.0,24.0,5746.0,-1.0,11.0,"monthly issuance",4918.0,4918.0,"False",11.0,"Male",35159.7,8789.0,28.0,"21-29","central Bohemia",35.0,36.0,9.0,7.0,0.365,9622.0,0.154,0.13999999999999996,7.139363010166982E-4
1.0,6185.0,5774.0,31176.0,24.0,1299.0,1.0,1.0,"monthly issuance",6987.0,6987.0,"False",1.0,"Male",50647.1,9867.0,28.0,"21-29","Prague",0.0,0.0,1.0,1.0,1.0,12541.0,0.167,0.14,0.01114566294286997
72.0,7243.0,11042.0,217152.0,36.0,6032.0,1.0,72.0,"monthly issuance",13268.0,13576.0,"False",72.0,"Male",42293.9,-26100.0,21.0,"21-29","north Moravia",32.0,50.0,11.0,4.0,0.626,8994.0,0.11,0.9900000000000002,-0.0020519896339144354
74.0,6403.0,6924.0,194880.0,48.0,4060.0,1.0,74.0,"monthly issuance",8359.0,8359.0,"False",74.0,"Male",31007.0,-21098.0,16.0,"0-19","north Moravia",0.0,0.0,1.0,1.0,1.0,10673.0,0.1,0.6900000000000004,-0.0013431315033809862
52.0,6578.0,7765.0,27984.0,12.0,2332.0,1.0,52.0,"weekly issuance",9298.0,9606.0,"False",52.0,"Male",18380.5,5914.0,47.0,"40-49","east Bohemia",59.0,41.0,11.0,10.0,0.619,8363.0,0.108,0.9700000000000002,0.0016905015394354445
31.0,5413.0,2227.0,92976.0,24.0,3874.0,1.0,31.0,"weekly issuance",2698.0,2698.0,"True",31.0,"Female",21531.8,8883.0,25.0,"21-29","west Bohemia",34.0,12.0,4.0,4.0,0.5920000000000001,8930.0,0.108,0.6800000000000002,0.0024165416171340595
31.0,6949.0,9583.0,104712.0,24.0,4363.0,1.0,31.0,"weekly issuance",11486.0,11794.0,"True",31.0,"Female",30115.3,9334.0,25.0,"21-29","west Bohemia",34.0,12.0,4.0,4.0,0.5920000000000001,8930.0,0.108,0.6800000000000002,0.0024165416171340595
21.0,6545.0,7606.0,191880.0,60.0,3198.0,1.0,21.0,"monthly issuance",9109.0,9417.0,"False",21.0,"Male",78521.0,17723.0,47.0,"40-49","south Bohemia",87.0,16.0,8.0,7.0,0.67,9104.0,0.123,0.5599999999999998,5.32187678403824E-4
74.0,6178.0,5742.0,232560.0,48.0,4845.0,1.0,74.0,"issuance after transaction",6946.0,6946.0,"False",74.0,"Female",41243.5,6873.0,26.0,"21-29","north Moravia",0.0,0.0,1.0,1.0,1.0,10673.0,0.1,0.6900000000000004,-0.0013431315033809862
45.0,5160.0,1011.0,204000.0,60.0,3400.0,1.0,45.0,"monthly issuance",1215.0,1215.0,"False",45.0,"Male",45077.7,-14213.0,52.0,"50-59","east Bohemia",85.0,19.0,7.0,5.0,0.535,8390.0,0.132,0.6100000000000003,5.390351271224508E-4
1.0,6785.0,8899.0,125340.0,60.0,2089.0,1.0,1.0,"weekly issuance",10655.0,10963.0,"False",1.0,"Male",19007.0,4204.0,52.0,"50-59","Prague",0.0,0.0,1.0,1.0,1.0,12541.0,0.167,0.14,0.01114566294286997
72.0,6540.0,7562.0,309600.0,48.0,6450.0,1.0,72.0,"weekly issuance",9058.0,9366.0,"False",72.0,"Male",35488.1,-35743.0,21.0,"21-29","north Moravia",32.0,50.0,11.0,4.0,0.626,8994.0,0.11,0.9900000000000002,-0.0020519896339144354
19.0,6589.0,7815.0,189696.0,24.0,7904.0,1.0,19.0,"weekly issuance",9355.0,9663.0,"True",19.0,"Male",88662.1,13320.0,50.0,"50-59","south Bohemia",50.0,11.0,4.0,4.0,0.527,8402.0,0.12,0.8500000000000001,0.0019444660496227735
50.0,5900.0,4503.0,135360.0,48.0,2820.0,1.0,50.0,"monthly issuance",5433.0,5433.0,"False",50.0,"Male",54883.5,4572.0,20.0,"21-29","east Bohemia",75.0,33.0,5.0,6.0,0.52,8187.0,0.094,0.6200000000000001,1.0720307185529534E-4
42.0,5999.0,4907.0,98832.0,48.0,2059.0,1.0,42.0,"monthly issuance",5928.0,5928.0,"False",42.0,"Female",27184.4,5512.0,25.0,"21-29","east Bohemia",87.0,25.0,7.0,7.0,0.591,8388.0,0.087,0.5299999999999998,1.0426767597777013E-4
58.0,6043.0,5126.0,20352.0,48.0,424.0,1.0,58.0,"monthly issuance",6185.0,6185.0,"True",58.0,"Female",21281.5,4232.0,48.0,"40-49","south Moravia",98.0,16.0,7.0,4.0,0.636,8757.0,0.096,0.5700000000000003,0.002372577040049833
51.0,5482.0,2496.0,165120.0,60.0,2752.0,1.0,51.0,"monthly issuance",3013.0,3013.0,"True",51.0,"Female",22745.4,4873.0,46.0,"40-49","east Bohemia",37.0,28.0,10.0,11.0,0.705,8541.0,0.131,0.4600000000000004,0.0028126973193272485
70.0,7263.0,11138.0,89880.0,24.0,3745.0,1.0,70.0,"weekly issuance",13382.0,13690.0,"False",70.0,"Male",39079.5,7815.0,33.0,"30-39","north Moravia",0.0,2.0,13.0,7.0,0.899,10177.0,0.081,1.12,8.059231850084271E-4
20.0,6013.0,4995.0,128988.0,36.0,3583.0,-1.0,20.0,"weekly issuance",6034.0,6034.0,"False",20.0,"Male",9680.2,509.0,56.0,"50-59","south Bohemia",94.0,14.0,4.0,4.0,0.584,8547.0,0.12,0.9900000000000002,-2.9725674489709255E-4
7.0,5750.0,3804.0,63252.0,12.0,5271.0,1.0,7.0,"monthly issuance",4584.0,4584.0,"False",7.0,"Female",49709.2,-28220.0,47.0,"40-49","central Bohemia",38.0,28.0,4.0,6.0,0.634,9920.0,0.13,0.6100000000000003,0.005880179466877804
13.0,6027.0,5066.0,61656.0,24.0,2569.0,-1.0,13.0,"weekly issuance",6115.0,6115.0,"False",13.0,"Female",59695.5,9949.0,42.0,"40-49","central Bohemia",61.0,22.0,2.0,2.0,0.413,8598.0,0.123,0.48999999999999977,0.005155690732738636
31.0,6303.0,6400.0,72408.0,24.0,3017.0,-1.0,31.0,"issuance after transaction",7727.0,7727.0,"False",31.0,"Female",36363.9,9090.0,38.0,"30-39","west Bohemia",34.0,12.0,4.0,4.0,0.5920000000000001,8930.0,0.108,0.6800000000000002,0.0024165416171340595
65.0,7213.0,10884.0,113544.0,36.0,3154.0,1.0,65.0,"monthly issuance",13072.0,13380.0,"False",65.0,"Male",13386.8,-14463.0,53.0,"50-59","south Moravia",101.0,41.0,5.0,4.0,0.43700000000000006,8403.0,0.105,-0.020000000000000462,0.0049124343257443085
54.0,6659.0,8092.0,56100.0,60.0,935.0,1.0,54.0,"monthly issuance",9687.0,9995.0,"False",54.0,"Male",15407.2,5096.0,38.0,"30-39","south Moravia",0.0,0.0,1.0,1.0,1.0,9897.0,0.14,0.3599999999999999,-6.450447661067678E-5
52.0,6175.0,5735.0,290700.0,60.0,4845.0,-1.0,52.0,"monthly issuance",6936.0,6936.0,"False",52.0,"Female",11574.8,890.0,37.0,"30-39","east Bohemia",59.0,41.0,11.0,10.0,0.619,8363.0,0.108,0.9700000000000002,0.0016905015394354445
38.0,5610.0,3112.0,123216.0,48.0,2567.0,1.0,38.0,"monthly issuance",3763.0,3763.0,"True",38.0,"Female",77580.8,5850.0,19.0,"0-19","north Bohemia",41.0,23.0,6.0,4.0,0.598,8965.0,0.104,1.1500000000000004,0.001968503937007874
74.0,5563.0,2912.0,380160.0,60.0,6336.0,1.0,74.0,"monthly issuance",3519.0,3519.0,"False",74.0,"Male",24549.6,1292.0,46.0,"40-49","north Moravia",0.0,0.0,1.0,1.0,1.0,10673.0,0.1,0.6900000000000004,-0.0013431315033809862
47.0,5989.0,4852.0,213300.0,36.0,5925.0,1.0,47.0,"monthly issuance",5860.0,5860.0,"False",47.0,"Male",27341.3,4663.0,32.0,"30-39","east Bohemia",83.0,26.0,6.0,6.0,0.728,9538.0,0.111,0.30000000000000004,-0.004114897281338418
1.0,6698.0,8327.0,247728.0,48.0,5161.0,1.0,1.0,"weekly issuance",9974.0,10282.0,"False",1.0,"Male",52551.7,9060.0,17.0,"0-19","Prague",0.0,0.0,1.0,1.0,1.0,12541.0,0.167,0.14,0.01114566294286997
31.0,5312.0,1772.0,202788.0,36.0,5633.0,1.0,31.0,"weekly issuance",2148.0,2148.0,"False",31.0,"Female",81623.6,-37324.0,43.0,"40-49","west Bohemia",34.0,12.0,4.0,4.0,0.5920000000000001,8930.0,0.108,0.6800000000000002,0.0024165416171340595
71.0,7189.0,10728.0,154656.0,48.0,3222.0,1.0,71.0,"monthly issuance",12882.0,13190.0,"False",71.0,"Male",37180.5,-15560.0,39.0,"30-39","north Moravia",5.0,35.0,15.0,10.0,0.6970000000000001,8678.0,0.102,-0.35999999999999943,-0.002387937504264174
70.0,6816.0,9017.0,100224.0,48.0,2088.0,-1.0,70.0,"monthly issuance",10797.0,11105.0,"False",70.0,"Female",31387.1,-6247.0,39.0,"30-39","north Moravia",0.0,2.0,13.0,7.0,0.899,10177.0,0.081,1.12,8.059231850084271E-4
13.0,6137.0,5574.0,44628.0,12.0,3719.0,1.0,13.0,"weekly issuance",6731.0,6731.0,"False",13.0,"Male",80439.7,-38237.0,52.0,"50-59","central Bohemia",61.0,22.0,2.0,2.0,0.413,8598.0,0.123,0.48999999999999977,0.005155690732738636
69.0,5128.0,808.0,215616.0,48.0,4492.0,-1.0,69.0,"monthly issuance",968.0,968.0,"False",69.0,"Male",8640.6,864.0,39.0,"30-39","north Moravia",4.0,13.0,6.0,3.0,0.484,8173.0,0.124,4.185,-0.03675766563134911
65.0,5470.0,2456.0,200976.0,48.0,4187.0,1.0,65.0,"monthly issuance",2966.0,2966.0,"False",65.0,"Male",47431.4,-17182.0,41.0,"40-49","south Moravia",101.0,41.0,5.0,4.0,0.43700000000000006,8403.0,0.105,-0.020000000000000462,0.0049124343257443085
44.0,5593.0,3037.0,277884.0,36.0,7719.0,-1.0,44.0,"monthly issuance",3670.0,3670.0,"False",44.0,"Female",11614.0,504.0,16.0,"0-19","east Bohemia",77.0,26.0,9.0,7.0,0.53,8254.0,0.097,0.9699999999999998,0.0015055962729390376
26.0,5350.0,1967.0,249312.0,48.0,5194.0,1.0,26.0,"weekly issuance",2392.0,2392.0,"False",26.0,"Male",55426.5,9360.0,41.0,"40-49","west Bohemia",0.0,0.0,1.0,1.0,1.0,10787.0,0.131,0.44999999999999973,0.0012907086577216645
1.0,6063.0,5213.0,320976.0,48.0,6687.0,-1.0,1.0,"monthly issuance",6299.0,6299.0,"False",1.0,"Male",46462.2,-43825.0,60.0,"60-69","Prague",0.0,0.0,1.0,1.0,1.0,12541.0,0.167,0.14,0.01114566294286997
21.0,6501.0,7418.0,30276.0,12.0,2523.0,-1.0,21.0,"monthly issuance",8888.0,9196.0,"False",21.0,"Female",24930.3,-14385.0,57.0,"50-59","south Bohemia",87.0,16.0,8.0,7.0,0.67,9104.0,0.123,0.5599999999999998,5.32187678403824E-4
70.0,5452.0,2352.0,49440.0,60.0,824.0,1.0,70.0,"monthly issuance",2843.0,2843.0,"False",70.0,"Female",45021.6,7121.0,30.0,"30-39","north Moravia",0.0,2.0,13.0,7.0,0.899,10177.0,0.081,1.12,8.059231850084271E-4
21.0,4961.0,19.0,30276.0,12.0,2523.0,-1.0,21.0,"monthly issuance",25.0,25.0,"False",21.0,"Female",15854.0,-15083.0,57.0,"50-59","south Bohemia",87.0,16.0,8.0,7.0,0.67,9104.0,0.123,0.5599999999999998,5.32187678403824E-4
16.0,4973.0,67.0,165960.0,24.0,6915.0,1.0,16.0,"monthly issuance",78.0,78.0,"False",16.0,"Female",23703.8,-36296.0,52.0,"50-59","south Bohemia",74.0,21.0,11.0,8.0,0.569,8427.0,0.107,0.41999999999999993,4.1519839030777913E-4
70.0,6190.0,5794.0,123600.0,60.0,2060.0,1.0,70.0,"monthly issuance",7010.0,7010.0,"True",70.0,"Male",15505.6,1550.0,29.0,"21-29","north Moravia",0.0,2.0,13.0,7.0,0.899,10177.0,0.081,1.12,8.059231850084271E-4
20.0,6715.0,8411.0,220620.0,60.0,3677.0,1.0,20.0,"monthly issuance",10081.0,10389.0,"False",20.0,"Female",26428.9,-15878.0,53.0,"50-59","south Bohemia",94.0,14.0,4.0,4.0,0.584,8547.0,0.12,0.9900000000000002,-2.9725674489709255E-4
73.0,5892.0,4462.0,66480.0,24.0,2770.0,-1.0,73.0,"weekly issuance",5384.0,5384.0,"False",73.0,"Male",34891.2,6978.0,61.0,"60-69","north Moravia",17.0,49.0,14.0,7.0,0.564,8746.0,0.09,0.41000000000000014,4.285078587242552E-4
62.0,6550.0,7614.0,320592.0,48.0,6679.0,1.0,62.0,"monthly issuance",9119.0,9427.0,"True",62.0,"Female",69148.6,-38133.0,26.0,"21-29","south Moravia",22.0,41.0,15.0,5.0,0.40700000000000003,8544.0,0.109,0.5700000000000001,0.0012835648783702158
72.0,5706.0,3608.0,161496.0,36.0,4486.0,1.0,72.0,"weekly issuance",4352.0,4352.0,"False",72.0,"Male",29371.5,4225.0,25.0,"21-29","north Moravia",32.0,50.0,11.0,4.0,0.626,8994.0,0.11,0.9900000000000002,-0.0020519896339144354
37.0,5148.0,940.0,284280.0,60.0,4738.0,1.0,37.0,"monthly issuance",1133.0,1133.0,"True",37.0,"Female",94617.3,-35733.0,38.0,"30-39","north Bohemia",71.0,26.0,8.0,9.0,0.623,9065.0,0.123,0.9299999999999997,1.6665789519849832E-4
14.0,6734.0,8547.0,173016.0,36.0,4806.0,1.0,14.0,"weekly issuance",10235.0,10543.0,"False",14.0,"Female",88331.6,8030.0,51.0,"50-59","south Bohemia",69.0,27.0,11.0,9.0,0.748,10045.0,0.135,0.29000000000000004,-0.0017390227705052733
66.0,6109.0,5422.0,368880.0,60.0,6148.0,1.0,66.0,"monthly issuance",6544.0,6544.0,"True",66.0,"Male",105727.0,8955.0,22.0,"21-29","south Moravia",151.0,41.0,5.0,5.0,0.483,8512.0,0.102,0.6100000000000003,-0.0011443829868395957
38.0,6961.0,9645.0,176148.0,36.0,4893.0,1.0,38.0,"monthly issuance",11565.0,11873.0,"False",38.0,"Female",53592.6,-17186.0,33.0,"30-39","north Bohemia",41.0,23.0,6.0,4.0,0.598,8965.0,0.104,1.1500000000000004,0.001968503937007874
40.0,6810.0,9006.0,186384.0,48.0,3883.0,1.0,40.0,"weekly issuance",10785.0,11093.0,"False",40.0,"Male",21033.8,5108.0,37.0,"30-39","north Bohemia",9.0,16.0,9.0,8.0,0.853,9317.0,0.097,0.5800000000000001,-6.010084453394527E-4
64.0,5494.0,2572.0,360000.0,48.0,7500.0,1.0,64.0,"issuance after transaction",3103.0,3103.0,"False",64.0,"Female",64765.2,-50549.0,23.0,"21-29","south Moravia",29.0,41.0,12.0,10.0,0.747,9624.0,0.145,0.71,-0.0011111167484360652
28.0,5311.0,1766.0,30060.0,60.0,501.0,1.0,28.0,"monthly issuance",2141.0,2141.0,"False",28.0,"Male",48523.3,7487.0,45.0,"40-49","west Bohemia",66.0,26.0,10.0,8.0,0.369,8594.0,0.112,0.3899999999999997,-7.581919190526737E-4
33.0,5445.0,2322.0,46320.0,24.0,1930.0,1.0,33.0,"monthly issuance",2809.0,2809.0,"False",33.0,"Male",26652.7,7246.0,17.0,"0-19","north Bohemia",24.0,17.0,10.0,11.0,0.847,8705.0,0.116,1.8600000000000003,0.001562301441951905
68.0,5301.0,1698.0,141948.0,36.0,3943.0,1.0,68.0,"monthly issuance",2063.0,2063.0,"False",68.0,"Female",47239.7,11809.0,46.0,"40-49","north Moravia",15.0,40.0,20.0,6.0,0.5720000000000001,9893.0,0.096,0.6299999999999999,0.00115360413899182
24.0,7034.0,10001.0,19044.0,36.0,529.0,1.0,24.0,"monthly issuance",11995.0,12303.0,"False",24.0,"Female",50167.6,3583.0,22.0,"21-29","west Bohemia",25.0,21.0,8.0,8.0,0.8,8991.0,0.128,0.6199999999999999,6.117305449295695E-4
17.0,6751.0,8680.0,85716.0,36.0,2381.0,1.0,17.0,"monthly issuance",10394.0,10702.0,"True",17.0,"Male",36516.9,-8412.0,58.0,"50-59","south Bohemia",99.0,15.0,6.0,7.0,0.614,8114.0,0.119,0.2400000000000002,0.0024033917528557157
37.0,6667.0,8127.0,155880.0,24.0,6495.0,1.0,37.0,"monthly issuance",9732.0,10040.0,"True",37.0,"Female",44564.6,8449.0,28.0,"21-29","north Bohemia",71.0,26.0,8.0,9.0,0.623,9065.0,0.123,0.9299999999999997,1.6665789519849832E-4
43.0,6130.0,5541.0,32640.0,48.0,680.0,1.0,43.0,"monthly issuance",6691.0,6691.0,"False",43.0,"Male",18800.0,3761.0,54.0,"50-59","east Bohemia",73.0,21.0,7.0,6.0,0.763,9425.0,0.125,0.78,-0.0011986110939488676
1.0,5429.0,2268.0,20196.0,36.0,561.0,1.0,1.0,"monthly issuance",2746.0,2746.0,"False",1.0,"Male",65684.6,7796.0,25.0,"21-29","Prague",0.0,0.0,1.0,1.0,1.0,12541.0,0.167,0.14,0.01114566294286997
64.0,5725.0,3679.0,444864.0,48.0,9268.0,1.0,64.0,"monthly issuance",4434.0,4434.0,"True",64.0,"Male",41743.9,7987.0,32.0,"30-39","south Moravia",29.0,41.0,12.0,10.0,0.747,9624.0,0.145,0.71,-0.0011111167484360652
54.0,6019.0,5033.0,11400.0,12.0,950.0,1.0,54.0,"monthly issuance",6077.0,6077.0,"False",54.0,"Female",27820.2,5435.0,16.0,"0-19","south Moravia",0.0,0.0,1.0,1.0,1.0,9897.0,0.14,0.3599999999999999,-6.450447661067678E-5
38.0,6421.0,6985.0,96768.0,36.0,2688.0,1.0,38.0,"monthly issuance",8432.0,8432.0,"True",38.0,"Female",37396.4,10797.0,29.0,"21-29","north Bohemia",41.0,23.0,6.0,4.0,0.598,8965.0,0.104,1.1500000000000004,0.001968503937007874
52.0,6992.0,9790.0,133968.0,48.0,2791.0,1.0,52.0,"monthly issuance",11742.0,12050.0,"True",52.0,"Male",34729.5,15139.0,53.0,"50-59","east Bohemia",59.0,41.0,11.0,10.0,0.619,8363.0,0.108,0.9700000000000002,0.0016905015394354445
72.0,5136.0,846.0,187104.0,24.0,7796.0,1.0,72.0,"monthly issuance",1020.0,1020.0,"False",72.0,"Female",133377.7,17375.0,19.0,"0-19","north Moravia",32.0,50.0,11.0,4.0,0.626,8994.0,0.11,0.9900000000000002,-0.0020519896339144354
32.0,5337.0,1886.0,162468.0,36.0,4513.0,1.0,32.0,"monthly issuance",2288.0,2288.0,"True",32.0,"Female",74638.8,-14855.0,39.0,"30-39","north Bohemia",32.0,19.0,9.0,10.0,0.81,9272.0,0.118,0.4200000000000004,0.0015705610234346742
60.0,5495.0,2580.0,89340.0,60.0,1489.0,1.0,60.0,"monthly issuance",3113.0,3113.0,"True",60.0,"Female",41522.6,7400.0,25.0,"21-29","south Moravia",49.0,41.0,5.0,4.0,0.519,8441.0,0.115,1.0300000000000002,0.0033712028777238504
60.0,7013.0,9928.0,89340.0,60.0,1489.0,1.0,60.0,"monthly issuance",11912.0,12220.0,"True",60.0,"Female",42227.6,7478.0,25.0,"21-29","south Moravia",49.0,41.0,5.0,4.0,0.519,8441.0,0.115,1.0300000000000002,0.0033712028777238504
1.0,6012.0,4994.0,258444.0,36.0,7179.0,1.0,1.0,"weekly issuance",6033.0,6033.0,"False",1.0,"Male",53892.1,7698.0,30.0,"30-39","Prague",0.0,0.0,1.0,1.0,1.0,12541.0,0.167,0.14,0.01114566294286997
5.0,6471.0,7184.0,155640.0,24.0,6485.0,1.0,5.0,"monthly issuance",8670.0,8670.0,"False",5.0,"Female",40494.6,6929.0,54.0,"50-59","central Bohemia",65.0,30.0,5.0,6.0,0.514,9307.0,0.118,0.5799999999999996,0.004434404283801874
3.0,6296.0,6358.0,270384.0,48.0,5633.0,1.0,3.0,"monthly issuance",7678.0,7678.0,"False",3.0,"Male",57835.1,-24603.0,34.0,"30-39","central Bohemia",55.0,26.0,5.0,5.0,0.41700000000000004,8980.0,0.111,0.26,-1.4621437686091024E-4
61.0,7305.0,11359.0,54024.0,12.0,4502.0,1.0,61.0,"monthly issuance",13660.0,13968.0,"False",61.0,"Male",25697.2,-24614.0,28.0,"21-29","south Moravia",139.0,28.0,6.0,6.0,0.5379999999999999,8814.0,0.107,0.9800000000000004,-4.4954494177120704E-4
15.0,6144.0,5593.0,44376.0,12.0,3698.0,1.0,15.0,"monthly issuance",6753.0,6753.0,"False",15.0,"Male",68241.5,15406.0,34.0,"30-39","south Bohemia",22.0,16.0,8.0,5.0,0.519,9045.0,0.124,0.4700000000000002,5.782706306551466E-4
64.0,6283.0,6289.0,85632.0,48.0,1784.0,1.0,64.0,"monthly issuance",7594.0,7594.0,"False",64.0,"Female",99938.7,5878.0,47.0,"40-49","south Moravia",29.0,41.0,12.0,10.0,0.747,9624.0,0.145,0.71,-0.0011111167484360652
59.0,7246.0,11054.0,148920.0,60.0,2482.0,1.0,59.0,"weekly issuance",13282.0,13590.0,"False",59.0,"Male",15278.6,-8841.0,19.0,"0-19","south Moravia",41.0,29.0,9.0,6.0,0.621,8444.0,0.106,0.22999999999999998,-0.0026637029144583957
32.0,5088.0,544.0,91152.0,24.0,3798.0,1.0,32.0,"monthly issuance",655.0,655.0,"False",32.0,"Male",39378.8,-21040.0,54.0,"50-59","north Bohemia",32.0,19.0,9.0,10.0,0.81,9272.0,0.118,0.4200000000000004,0.0015705610234346742
52.0,5988.0,4851.0,141648.0,24.0,5902.0,1.0,52.0,"monthly issuance",5858.0,5858.0,"True",52.0,"Male",88710.1,12672.0,44.0,"40-49","east Bohemia",59.0,41.0,11.0,10.0,0.619,8363.0,0.108,0.9700000000000002,0.0016905015394354445
69.0,5282.0,1583.0,388512.0,48.0,8094.0,-1.0,69.0,"issuance after transaction",1917.0,1917.0,"False",69.0,"Female",38697.3,1842.0,27.0,"21-29","north Moravia",4.0,13.0,6.0,3.0,0.484,8173.0,0.124,4.185,-0.03675766563134911
4.0,5938.0,4650.0,402000.0,60.0,6700.0,1.0,4.0,"monthly issuance",5606.0,5606.0,"False",4.0,"Male",17232.1,3696.0,16.0,"0-19","central Bohemia",63.0,29.0,8.0,6.0,0.674,9753.0,0.109,0.41000000000000014,0.004323083799777174
59.0,5606.0,3084.0,253512.0,36.0,7042.0,-1.0,59.0,"weekly issuance",3730.0,3730.0,"False",59.0,"Female",13318.4,1902.0,51.0,"50-59","south Moravia",41.0,29.0,9.0,6.0,0.621,8444.0,0.106,0.22999999999999998,-0.0026637029144583957
1.0,5385.0,2143.0,71460.0,36.0,1985.0,1.0,1.0,"monthly issuance",2592.0,2592.0,"True",1.0,"Female",49648.9,8930.0,16.0,"0-19","Prague",0.0,0.0,1.0,1.0,1.0,12541.0,0.167,0.14,0.01114566294286997
72.0,6865.0,9199.0,29448.0,12.0,2454.0,-1.0,72.0,"monthly issuance",11019.0,11327.0,"False",72.0,"Male",43790.6,-5620.0,49.0,"40-49","north Moravia",32.0,50.0,11.0,4.0,0.626,8994.0,0.11,0.9900000000000002,-0.0020519896339144354
77.0,5586.0,2994.0,48744.0,36.0,1354.0,1.0,77.0,"monthly issuance",3616.0,3616.0,"False",77.0,"Female",62891.3,12578.0,32.0,"30-39","north Moravia",8.0,35.0,15.0,4.0,0.535,8909.0,0.113,1.5499999999999998,8.751556767309569E-4
48.0,6302.0,6397.0,181020.0,60.0,3017.0,1.0,48.0,"monthly issuance",7723.0,7723.0,"True",48.0,"Female",45526.0,-17245.0,30.0,"30-39","east Bohemia",50.0,24.0,9.0,9.0,0.59,9060.0,0.124,0.6599999999999999,7.852574251155721E-4
1.0,7194.0,10762.0,68832.0,36.0,1912.0,1.0,1.0,"monthly issuance",12923.0,13231.0,"False",1.0,"Male",51540.7,7650.0,37.0,"30-39","Prague",0.0,0.0,1.0,1.0,1.0,12541.0,0.167,0.14,0.01114566294286997
12.0,6461.0,7136.0,74124.0,36.0,2059.0,1.0,12.0,"weekly issuance",8615.0,8615.0,"False",12.0,"Female",25658.0,3785.0,57.0,"50-59","central Bohemia",84.0,29.0,7.0,6.0,0.58,8754.0,0.137,0.47999999999999954,5.933067581347919E-4
47.0,6732.0,8533.0,174048.0,48.0,3626.0,1.0,47.0,"monthly issuance",10220.0,10528.0,"False",47.0,"Female",54140.4,4511.0,45.0,"40-49","east Bohemia",83.0,26.0,6.0,6.0,0.728,9538.0,0.111,0.30000000000000004,-0.004114897281338418
69.0,6613.0,7926.0,84120.0,24.0,3505.0,1.0,69.0,"weekly issuance",9490.0,9798.0,"False",69.0,"Female",45528.9,15988.0,47.0,"40-49","north Moravia",4.0,13.0,6.0,3.0,0.484,8173.0,0.124,4.185,-0.03675766563134911
8.0,7036.0,10019.0,194940.0,36.0,5415.0,1.0,8.0,"monthly issuance",12017.0,12325.0,"False",8.0,"Male",34212.3,2138.0,32.0,"30-39","central Bohemia",95.0,19.0,8.0,8.0,0.6940000000000001,11277.0,0.127,0.18999999999999995,-0.001713291393387766
24.0,5897.0,4476.0,15192.0,24.0,633.0,1.0,24.0,"monthly issuance",5399.0,5399.0,"False",24.0,"Female",17351.9,6397.0,24.0,"21-29","west Bohemia",25.0,21.0,8.0,8.0,0.8,8991.0,0.128,0.6199999999999999,6.117305449295695E-4
64.0,6995.0,9814.0,96168.0,12.0,8014.0,1.0,64.0,"weekly issuance",11771.0,12079.0,"False",64.0,"Female",3609.3,171.0,24.0,"21-29","south Moravia",29.0,41.0,12.0,10.0,0.747,9624.0,0.145,0.71,-0.0011111167484360652
73.0,5415.0,2236.0,139464.0,36.0,3874.0,-1.0,73.0,"monthly issuance",2708.0,2708.0,"False",73.0,"Male",41662.8,3204.0,38.0,"30-39","north Moravia",17.0,49.0,14.0,7.0,0.564,8746.0,0.09,0.41000000000000014,4.285078587242552E-4
60.0,7136.0,10436.0,54396.0,36.0,1511.0,1.0,60.0,"monthly issuance",12532.0,12840.0,"False",60.0,"Male",36208.8,6034.0,57.0,"50-59","south Moravia",49.0,41.0,5.0,4.0,0.519,8441.0,0.115,1.0300000000000002,0.0033712028777238504
12.0,7271.0,11186.0,392460.0,60.0,6541.0,1.0,12.0,"monthly issuance",13442.0,13750.0,"True",12.0,"Female",53259.7,-30960.0,16.0,"0-19","central Bohemia",84.0,29.0,7.0,6.0,0.58,8754.0,0.137,0.47999999999999954,5.933067581347919E-4
1.0,5375.0,2106.0,101520.0,12.0,8460.0,1.0,1.0,"monthly issuance",2550.0,2550.0,"False",1.0,"Female",16720.8,3824.0,20.0,"21-29","Prague",0.0,0.0,1.0,1.0,1.0,12541.0,0.167,0.14,0.01114566294286997
1.0,5635.0,3230.0,77184.0,36.0,2144.0,1.0,1.0,"monthly issuance",3907.0,3907.0,"False",1.0,"Female",22446.0,1181.0,42.0,"40-49","Prague",0.0,0.0,1.0,1.0,1.0,12541.0,0.167,0.14,0.01114566294286997
1.0,6817.0,9024.0,70656.0,48.0,1472.0,1.0,1.0,"monthly issuance",10806.0,11114.0,"False",1.0,"Male",22476.1,5283.0,44.0,"40-49","Prague",0.0,0.0,1.0,1.0,1.0,12541.0,0.167,0.14,0.01114566294286997
27.0,5923.0,4585.0,64656.0,48.0,1347.0,1.0,27.0,"monthly issuance",5526.0,5526.0,"True",27.0,"Male",44749.0,11187.0,50.0,"50-59","west Bohemia",71.0,19.0,10.0,7.0,0.43799999999999994,8561.0,0.11,0.64,0.0014562096941959641
19.0,5329.0,1862.0,396120.0,60.0,6602.0,1.0,19.0,"weekly issuance",2259.0,2259.0,"False",19.0,"Female",88610.1,-37988.0,47.0,"40-49","south Bohemia",50.0,11.0,4.0,4.0,0.527,8402.0,0.12,0.8500000000000001,0.0019444660496227735
9.0,6644.0,8039.0,93600.0,24.0,3900.0,1.0,9.0,"monthly issuance",9622.0,9930.0,"False",9.0,"Male",26235.8,5081.0,24.0,"21-29","central Bohemia",61.0,23.0,6.0,6.0,0.5529999999999999,8899.0,0.149,0.5800000000000001,-0.006146734854445318
16.0,6354.0,6688.0,22968.0,36.0,638.0,1.0,16.0,"monthly issuance",8076.0,8076.0,"False",16.0,"Female",38831.0,9707.0,46.0,"40-49","south Bohemia",74.0,21.0,11.0,8.0,0.569,8427.0,0.107,0.41999999999999993,4.1519839030777913E-4
13.0,5082.0,501.0,262980.0,60.0,4383.0,1.0,13.0,"monthly issuance",603.0,603.0,"False",13.0,"Female",76081.3,6340.0,31.0,"30-39","central Bohemia",61.0,22.0,2.0,2.0,0.413,8598.0,0.123,0.48999999999999977,0.005155690732738636
64.0,6585.0,7795.0,372120.0,60.0,6202.0,1.0,64.0,"monthly issuance",9333.0,9641.0,"True",64.0,"Male",46580.5,2117.0,52.0,"50-59","south Moravia",29.0,41.0,12.0,10.0,0.747,9624.0,0.145,0.71,-0.0011111167484360652
70.0,6921.0,9422.0,86184.0,12.0,7182.0,1.0,70.0,"monthly issuance",11288.0,11596.0,"False",70.0,"Female",43157.5,-39177.0,56.0,"50-59","north Moravia",0.0,2.0,13.0,7.0,0.899,10177.0,0.081,1.12,8.059231850084271E-4
70.0,5366.0,2062.0,86184.0,12.0,7182.0,1.0,70.0,"monthly issuance",2501.0,2501.0,"False",70.0,"Female",39660.8,-39614.0,56.0,"50-59","north Moravia",0.0,2.0,13.0,7.0,0.899,10177.0,0.081,1.12,8.059231850084271E-4
62.0,5886.0,4447.0,192744.0,36.0,5354.0,1.0,62.0,"monthly issuance",5364.0,5364.0,"True",62.0,"Male",27799.1,6949.0,33.0,"30-39","south Moravia",22.0,41.0,15.0,5.0,0.40700000000000003,8544.0,0.109,0.5700000000000001,0.0012835648783702158
37.0,5741.0,3754.0,68544.0,24.0,2856.0,1.0,37.0,"weekly issuance",4529.0,4529.0,"True",37.0,"Male",23729.8,-22624.0,20.0,"21-29","north Bohemia",71.0,26.0,8.0,9.0,0.623,9065.0,0.123,0.9299999999999997,1.6665789519849832E-4
40.0,4996.0,132.0,88440.0,12.0,7370.0,1.0,40.0,"issuance after transaction",158.0,158.0,"True",40.0,"Female",79007.6,13151.0,51.0,"50-59","north Bohemia",9.0,16.0,9.0,8.0,0.853,9317.0,0.097,0.5800000000000001,-6.010084453394527E-4
53.0,6015.0,5001.0,110112.0,24.0,4588.0,1.0,53.0,"monthly issuance",6042.0,6042.0,"False",53.0,"Male",135658.1,14782.0,33.0,"30-39","south Moravia",88.0,33.0,8.0,7.0,0.509,8240.0,0.099,1.0300000000000002,4.9114548099823E-4
1.0,6309.0,6434.0,110136.0,24.0,4589.0,1.0,1.0,"monthly issuance",7765.0,7765.0,"False",1.0,"Female",40746.5,3689.0,39.0,"30-39","Prague",0.0,0.0,1.0,1.0,1.0,12541.0,0.167,0.14,0.01114566294286997
64.0,6073.0,5263.0,276300.0,60.0,4605.0,1.0,64.0,"monthly issuance",6359.0,6359.0,"False",64.0,"Male",27578.1,4439.0,20.0,"21-29","south Moravia",29.0,41.0,12.0,10.0,0.747,9624.0,0.145,0.71,-0.0011111167484360652
43.0,6006.0,4948.0,359760.0,60.0,5996.0,1.0,43.0,"monthly issuance",5977.0,5977.0,"False",43.0,"Male",39959.4,3674.0,17.0,"0-19","east Bohemia",73.0,21.0,7.0,6.0,0.763,9425.0,0.125,0.78,-0.0011986110939488676
14.0,5611.0,3115.0,321180.0,60.0,5353.0,1.0,14.0,"monthly issuance",3767.0,3767.0,"True",14.0,"Male",37183.5,-22118.0,60.0,"60-69","south Bohemia",69.0,27.0,11.0,9.0,0.748,10045.0,0.135,0.29000000000000004,-0.0017390227705052733
62.0,6944.0,9548.0,46176.0,48.0,962.0,1.0,62.0,"monthly issuance",11446.0,11754.0,"False",62.0,"Male",38725.1,8056.0,30.0,"30-39","south Moravia",22.0,41.0,15.0,5.0,0.40700000000000003,8544.0,0.109,0.5700000000000001,0.0012835648783702158
14.0,7101.0,10297.0,421008.0,48.0,8771.0,1.0,14.0,"monthly issuance",12354.0,12662.0,"False",14.0,"Male",31168.0,9058.0,43.0,"40-49","south Bohemia",69.0,27.0,11.0,9.0,0.748,10045.0,0.135,0.29000000000000004,-0.0017390227705052733
52.0,6599.0,7859.0,72120.0,12.0,6010.0,1.0,52.0,"monthly issuance",9409.0,9717.0,"True",52.0,"Female",98631.7,-32222.0,44.0,"40-49","east Bohemia",59.0,41.0,11.0,10.0,0.619,8363.0,0.108,0.9700000000000002,0.0016905015394354445
1.0,6940.0,9510.0,228276.0,36.0,6341.0,1.0,1.0,"monthly issuance",11401.0,11709.0,"True",1.0,"Male",53707.9,8951.0,35.0,"30-39","Prague",0.0,0.0,1.0,1.0,1.0,12541.0,0.167,0.14,0.01114566294286997
62.0,5209.0,1250.0,182640.0,48.0,3805.0,1.0,62.0,"monthly issuance",1509.0,1509.0,"False",62.0,"Female",23898.3,-16213.0,55.0,"50-59","south Moravia",22.0,41.0,15.0,5.0,0.40700000000000003,8544.0,0.109,0.5700000000000001,0.0012835648783702158
31.0,5388.0,2153.0,61560.0,12.0,5130.0,1.0,31.0,"weekly issuance",2606.0,2606.0,"False",31.0,"Male",20051.1,-21478.0,54.0,"50-59","west Bohemia",34.0,12.0,4.0,4.0,0.5920000000000001,8930.0,0.108,0.6800000000000002,0.0024165416171340595
54.0,6011.0,4981.0,179328.0,48.0,3736.0,1.0,54.0,"monthly issuance",6015.0,6015.0,"False",54.0,"Male",36074.7,6565.0,23.0,"21-29","south Moravia",0.0,0.0,1.0,1.0,1.0,9897.0,0.14,0.3599999999999999,-6.450447661067678E-5
10.0,5591.0,3021.0,155616.0,48.0,3242.0,1.0,10.0,"monthly issuance",3649.0,3649.0,"False",10.0,"Female",24447.1,-15179.0,37.0,"30-39","central Bohemia",55.0,29.0,7.0,5.0,0.467,10124.0,0.141,-0.020000000000000018,0.005494982841753182
55.0,7154.0,10520.0,417600.0,60.0,6960.0,1.0,55.0,"issuance after transaction",12635.0,12943.0,"False",55.0,"Male",58638.6,4188.0,26.0,"21-29","south Moravia",49.0,70.0,18.0,9.0,0.33899999999999997,8743.0,0.111,0.5500000000000003,0.001496414971790986
39.0,7130.0,10411.0,123408.0,24.0,5142.0,1.0,39.0,"issuance after transaction",12502.0,12810.0,"False",39.0,"Male",8357.1,7511.0,32.0,"30-39","north Bohemia",17.0,4.0,5.0,4.0,0.899,10446.0,0.09,2.0600000000000005,-0.0017014888027023646
72.0,6818.0,9030.0,155616.0,48.0,3242.0,1.0,72.0,"monthly issuance",10813.0,11121.0,"True",72.0,"Female",60694.1,5313.0,26.0,"21-29","north Moravia",32.0,50.0,11.0,4.0,0.626,8994.0,0.11,0.9900000000000002,-0.0020519896339144354
29.0,5625.0,3189.0,222180.0,60.0,3703.0,-1.0,29.0,"monthly issuance",3855.0,3855.0,"False",29.0,"Male",59578.8,4583.0,58.0,"50-59","west Bohemia",52.0,10.0,6.0,6.0,0.556,8843.0,0.113,0.7800000000000002,0.0015312595703723148
70.0,6805.0,8972.0,45024.0,48.0,938.0,1.0,70.0,"monthly issuance",10742.0,11050.0,"False",70.0,"Female",38384.3,8387.0,40.0,"40-49","north Moravia",0.0,2.0,13.0,7.0,0.899,10177.0,0.081,1.12,8.059231850084271E-4
16.0,7233.0,10963.0,115812.0,36.0,3217.0,1.0,16.0,"monthly issuance",13172.0,13480.0,"False",16.0,"Male",41878.1,2204.0,44.0,"40-49","south Bohemia",74.0,21.0,11.0,8.0,0.569,8427.0,0.107,0.41999999999999993,4.1519839030777913E-4
67.0,7308.0,11362.0,129408.0,24.0,5392.0,1.0,67.0,"monthly issuance",13663.0,13971.0,"False",67.0,"Female",24199.5,5510.0,34.0,"30-39","north Moravia",38.0,25.0,8.0,6.0,0.631,8110.0,0.109,0.7800000000000002,-0.0015558111905255812
