status,loan_id,account_id,loan_amount,loan_duration,loan_payments,account_district_id,account_frequency,disp_id,client_id,has_disponent,client_district_id,gender,last_balance,mean_balance,min_balance,monthly_diff,code,region,no. of municipalities with inhabitants < 499,no. of municipalities with inhabitants 500-1999,no. of municipalities with inhabitants > 2000,no. of cities ,ratio of urban inhabitants,average salary,ratio enterpreneurs,unemploymant rate growth,crime rate growth,has_card,age_on_loan_request,age_on_loan_request_disc,loan_payments_disc,monthly_diff_disc
-1,5314,1787,96396,12,8033,30,weekly issuance,2166,2166,False,30,Female,20100.0,12250.0,1100.0,6700,30,west Bohemia,15,13,10,10,0.818,9650,0.1,0.29,-0.0019090410496561,False,46,40-49,4.0,4.0
1,5316,1801,165960,36,4610,46,monthly issuance,2181,2181,False,46,Male,52208.9,52083.859459459454,700.0,14733,46,east Bohemia,48,20,10,10,0.735,8369,0.117,0.52,-0.0020938877995546,False,25,21-29,2.0,4.0
1,6863,9188,127080,60,2118,45,monthly issuance,11006,11314,False,45,Male,20272.8,30060.954166666663,800.0,-6859,45,east Bohemia,85,19,7,5,0.535,8390,0.132,0.6100000000000003,0.0005390351271224,False,57,50-59,0.0,2.0
1,5325,1843,105804,36,2939,12,monthly issuance,2235,2235,False,14,Female,34292.7,41297.48,1000.0,-11054,14,south Bohemia,69,27,11,9,0.748,10045,0.135,0.29,-0.0017390227705052,False,53,50-59,1.0,2.0
1,7240,11013,274740,60,4579,1,weekly issuance,13231,13539,False,63,Male,41142.9,57188.21111111111,600.0,-30531,63,south Moravia,38,36,6,5,0.505,8288,0.11,0.7299999999999995,-0.0011790135586559,False,15,0-19,2.0,1.0
1,6687,8261,87840,24,3660,13,monthly issuance,9892,10200,True,13,Female,43847.8,46318.55294117647,500.0,-13741,13,central Bohemia,61,22,2,2,0.413,8598,0.123,0.4899999999999997,0.0051556907327386,False,14,0-19,1.0,2.0
1,7284,11265,52788,12,4399,15,monthly issuance,13537,13845,False,15,Male,21029.0,22198.17906976744,1000.0,4185,15,south Bohemia,22,16,8,5,0.519,9045,0.124,0.4700000000000002,0.0005782706306551,False,21,21-29,2.0,3.0
-1,6111,5428,174744,24,7281,24,monthly issuance,6551,6551,False,24,Female,58140.9,37485.45625,1000.0,9690,24,west Bohemia,25,21,8,8,0.8,8991,0.128,0.6199999999999999,0.0006117305449295,False,45,40-49,3.0,4.0
1,7235,10973,154416,48,3217,18,weekly issuance,13182,13490,False,18,Female,53402.7,46715.8,8897.0,8900,18,south Bohemia,60,13,3,4,0.653,8968,0.131,0.52,0.0024045601776545,False,24,21-29,1.0,4.0
1,5997,4894,117024,24,4876,14,monthly issuance,5911,5911,False,14,Male,53193.5,44131.16923076923,800.0,-12765,14,south Bohemia,69,27,11,9,0.748,10045,0.135,0.29,-0.0017390227705052,False,58,50-59,2.0,2.0
1,7121,10364,21924,36,609,55,monthly issuance,12446,12754,True,55,Male,49083.3,34272.21333333333,1100.0,8039,55,south Moravia,49,70,18,9,0.3389999999999999,8743,0.111,0.5500000000000003,0.0014964149717909,False,33,30-39,0.0,4.0
1,6077,5270,79608,24,3317,44,monthly issuance,6367,6367,False,44,Male,103745.7,69954.57169811321,800.0,-37351,44,east Bohemia,77,26,9,7,0.53,8254,0.097,0.9699999999999998,0.001505596272939,False,24,21-29,1.0,0.0
-1,6228,6034,464520,60,7742,6,weekly issuance,7291,7291,False,77,Female,101797.3,51760.01617647058,200.0,9707,77,north Moravia,8,35,15,4,0.535,8909,0.113,1.5499999999999998,0.0008751556767309,False,53,50-59,4.0,4.0
1,6356,6701,95400,36,2650,49,weekly issuance,8091,8091,False,5,Male,27667.0,41562.32340425532,200.0,3074,5,central Bohemia,65,30,5,6,0.514,9307,0.118,0.5799999999999996,0.0044344042838018,False,23,21-29,1.0,3.0
1,5523,2705,93888,36,2608,63,issuance after transaction,3264,3264,False,63,Female,34716.3,37510.49473684211,600.0,-8705,63,south Moravia,38,36,6,5,0.505,8288,0.11,0.7299999999999995,-0.0011790135586559,False,43,40-49,1.0,2.0
1,6456,7123,47016,12,3918,64,issuance after transaction,8598,8598,False,46,Female,58773.2,60382.08571428573,200.0,14637,46,east Bohemia,48,20,10,10,0.735,8369,0.117,0.52,-0.0020938877995546,False,36,30-39,1.0,4.0
1,7104,10320,259740,60,4329,68,monthly issuance,12387,12695,False,68,Male,67219.5,45198.15294117647,800.0,-12643,68,north Moravia,15,40,20,6,0.5720000000000001,9893,0.096,0.6299999999999999,0.0011536041389918,False,15,0-19,2.0,2.0
1,6820,9034,38148,12,3179,1,monthly issuance,10818,11126,False,1,Female,47725.8,37462.093103448286,900.0,-11742,1,Prague,0,0,1,1,1.0,12541,0.167,0.14,0.0111456629428699,False,29,21-29,1.0,2.0
1,6876,9236,86616,12,7218,11,monthly issuance,11064,11372,False,11,Male,37253.1,25714.046666666665,800.0,9313,11,central Bohemia,35,36,9,7,0.365,9622,0.154,0.1399999999999999,0.0007139363010166,False,32,30-39,3.0,4.0
-1,7097,10266,75624,24,3151,54,monthly issuance,12317,12625,False,54,Male,41954.8,50009.90869565218,400.0,5993,54,south Moravia,0,0,1,1,1.0,9897,0.14,0.3599999999999999,-6.450447661067678e-05,False,35,30-39,1.0,3.0
1,4959,2,80952,24,3373,1,monthly issuance,2,2,True,1,Male,27855.2,32590.624074074065,1100.0,-14402,1,Prague,0,0,1,1,1.0,12541,0.167,0.14,0.0111456629428699,False,49,40-49,1.0,2.0
1,6499,7401,80952,24,3373,1,monthly issuance,8865,9173,True,1,Male,28763.7,33312.53888888889,1100.0,-14319,1,Prague,0,0,1,1,1.0,12541,0.167,0.14,0.0111456629428699,False,49,40-49,1.0,2.0
1,5479,2486,24516,12,2043,1,monthly issuance,3001,3001,False,1,Male,78670.8,55582.22602739726,200.0,7150,1,Prague,0,0,1,1,1.0,12541,0.167,0.14,0.0111456629428699,False,35,30-39,0.0,4.0
1,5170,1071,253200,60,4220,68,weekly issuance,1286,1286,False,52,Female,81150.6,47302.54634146342,800.0,9016,52,east Bohemia,59,41,11,10,0.619,8363,0.108,0.9700000000000002,0.0016905015394354,False,44,40-49,2.0,4.0
1,6721,8475,21072,24,878,4,monthly issuance,10151,10459,False,17,Female,30867.0,21575.68666666666,1100.0,7716,17,south Bohemia,99,15,6,7,0.614,8114,0.119,0.2400000000000002,0.0024033917528557,False,29,21-29,0.0,4.0
1,7259,11111,108144,36,3004,1,monthly issuance,13349,13657,True,59,Female,21921.3,54652.89818181817,900.0,6292,59,south Moravia,41,29,9,6,0.621,8444,0.106,0.2299999999999999,-0.0026637029144583,False,31,30-39,1.0,3.0
1,5285,1603,78936,12,6578,1,monthly issuance,1944,1944,False,31,Female,24601.0,25900.31960784314,900.0,4441,31,west Bohemia,34,12,4,4,0.5920000000000001,8930,0.108,0.6800000000000002,0.002416541617134,False,37,30-39,3.0,3.0
1,5189,1166,149040,48,3105,11,monthly issuance,1404,1404,False,11,Female,19048.1,36845.58888888889,200.0,-14529,11,central Bohemia,35,36,9,7,0.365,9622,0.154,0.1399999999999999,0.0007139363010166,False,25,21-29,1.0,2.0
-1,6650,8073,49320,12,4110,24,issuance after transaction,9665,9973,False,24,Female,15673.6,46576.27755102041,900.0,12830,24,west Bohemia,25,21,8,8,0.8,8991,0.128,0.6199999999999999,0.0006117305449295,False,48,40-49,2.0,4.0
1,7226,10940,197748,36,5493,50,monthly issuance,13139,13447,True,13,Female,43294.5,44735.43125,300.0,7215,13,central Bohemia,61,22,2,2,0.413,8598,0.123,0.4899999999999997,0.0051556907327386,False,24,21-29,2.0,4.0
1,6087,5313,300660,60,5011,40,monthly issuance,6417,6417,False,40,Male,33918.9,45854.89090909091,800.0,7349,40,north Bohemia,9,16,9,8,0.853,9317,0.097,0.5800000000000001,-0.0006010084453394,False,44,40-49,2.0,4.0
1,7262,11135,182628,36,5073,75,monthly issuance,13379,13687,False,75,Male,45660.9,33229.107692307705,500.0,9132,75,north Moravia,67,30,6,5,0.6459999999999999,8819,0.099,0.2800000000000002,0.003202156021792,False,35,30-39,2.0,4.0
1,5519,2694,91632,12,7636,7,monthly issuance,3251,3251,True,52,Female,33061.9,40976.94285714286,700.0,5109,52,east Bohemia,59,41,11,10,0.619,8363,0.108,0.9700000000000002,0.0016905015394354,False,31,30-39,4.0,3.0
1,6577,7753,51696,24,2154,74,monthly issuance,9285,9593,False,74,Female,38202.2,58226.50490196079,600.0,2938,74,north Moravia,0,0,1,1,1.0,10673,0.1,0.6900000000000004,-0.0013431315033809,True,26,21-29,0.0,3.0
1,6509,7445,55368,24,2307,64,monthly issuance,8918,9226,False,64,Female,12414.4,46061.31938775511,200.0,1034,64,south Moravia,29,41,12,10,0.747,9624,0.145,0.71,-0.001111116748436,False,54,50-59,0.0,3.0
1,6520,7485,91200,24,3800,39,monthly issuance,8965,9273,True,39,Female,32715.3,32558.533333333333,700.0,-16279,39,north Bohemia,17,4,5,4,0.899,10446,0.09,2.0600000000000005,-0.0017014888027023,False,39,30-39,1.0,2.0
1,6699,8330,7656,24,319,48,monthly issuance,9979,10287,True,48,Female,36353.1,46444.63950617283,600.0,5501,48,east Bohemia,50,24,9,9,0.59,9060,0.124,0.6599999999999999,0.0007852574251155,False,32,30-39,0.0,3.0
1,6336,6555,212400,36,5900,38,weekly issuance,7914,7914,False,38,Female,64221.1,51034.361971830986,300.0,4940,38,north Bohemia,41,23,6,4,0.598,8965,0.104,1.1500000000000004,0.0019685039370078,False,27,21-29,3.0,3.0
1,7055,10079,167100,60,2785,62,monthly issuance,12088,12396,True,62,Female,39310.2,63707.62658227849,1100.0,3573,62,south Moravia,22,41,15,5,0.407,8544,0.109,0.5700000000000001,0.0012835648783702,False,24,21-29,1.0,3.0
1,6103,5385,149340,60,2489,44,weekly issuance,6499,6499,False,44,Male,23568.3,29069.11607142857,500.0,-8021,44,east Bohemia,77,26,9,7,0.53,8254,0.097,0.9699999999999998,0.001505596272939,False,31,30-39,1.0,2.0
1,6202,5891,65184,12,5432,54,monthly issuance,7127,7127,False,3,Male,67995.4,47426.55000000001,900.0,-30233,3,central Bohemia,55,26,5,5,0.417,8980,0.111,0.26,-0.0001462143768609,False,37,30-39,2.0,1.0
-1,7066,10131,215388,36,5983,1,monthly issuance,12156,12464,False,39,Male,30662.8,32702.726666666666,1000.0,5110,39,north Bohemia,17,4,5,4,0.899,10446,0.09,2.0600000000000005,-0.0017014888027023,False,34,30-39,3.0,3.0
1,6696,8321,89040,60,1484,77,monthly issuance,9967,10275,True,77,Female,29305.8,30045.399999999998,800.0,6587,77,north Moravia,8,35,15,4,0.535,8909,0.113,1.5499999999999998,0.0008751556767309,False,24,21-29,0.0,3.0
1,6072,5256,193968,36,5388,72,issuance after transaction,6349,6349,False,72,Male,80780.0,63579.21724137931,800.0,11540,72,north Moravia,32,50,11,4,0.626,8994,0.11,0.9900000000000002,-0.0020519896339144,False,21,21-29,2.0,4.0
1,5130,813,24312,12,2026,16,monthly issuance,976,976,False,16,Female,28461.9,29380.839743589742,1100.0,-11066,16,south Bohemia,74,21,11,8,0.569,8427,0.107,0.4199999999999999,0.0004151983903077,False,38,30-39,0.0,2.0
1,5568,2933,272520,60,4542,10,monthly issuance,3542,3542,True,10,Male,30009.9,44602.64166666666,1100.0,8098,10,central Bohemia,55,29,7,5,0.467,10124,0.141,-0.02,0.0054949828417531,False,55,50-59,2.0,4.0
1,6678,8173,80340,12,6695,11,monthly issuance,9787,10095,True,1,Female,89342.6,61531.5903846154,1100.0,-33947,1,Prague,0,0,1,1,1.0,12541,0.167,0.14,0.0111456629428699,False,18,0-19,3.0,0.0
1,6998,9833,97632,12,8136,20,monthly issuance,11794,12102,False,21,Female,41330.1,53379.12769230769,1100.0,-39656,21,south Bohemia,87,16,8,7,0.67,9104,0.123,0.5599999999999998,0.0005321876784038,False,26,21-29,4.0,0.0
1,6580,7769,196080,48,4085,23,monthly issuance,9303,9611,False,23,Male,86857.4,49143.9659574468,900.0,10857,23,west Bohemia,21,11,7,9,0.855,8624,0.102,0.8700000000000001,0.0036490923025886,False,36,30-39,2.0,4.0
-1,6316,6473,76908,12,6409,12,monthly issuance,7815,7815,False,4,Female,14888.6,52890.4039215686,1100.0,930,4,central Bohemia,63,29,8,6,0.674,9753,0.109,0.4100000000000001,0.0043230837997771,False,48,40-49,3.0,3.0
1,6512,7454,63312,48,1319,4,monthly issuance,8928,9236,False,31,Female,28553.5,22551.779268292685,500.0,3941,31,west Bohemia,34,12,4,4,0.5920000000000001,8930,0.108,0.6800000000000002,0.002416541617134,False,38,30-39,0.0,3.0
1,6407,6930,25944,24,1081,41,monthly issuance,8366,8366,False,41,Female,69398.9,56927.45405405405,600.0,7711,41,north Bohemia,8,8,6,3,0.856,9832,0.114,1.1600000000000006,-0.0082090181205225,False,34,30-39,0.0,4.0
1,5002,173,104808,12,8734,66,monthly issuance,210,210,True,66,Male,28015.4,38709.82999999999,500.0,7538,66,south Moravia,151,41,5,5,0.483,8512,0.102,0.6100000000000003,-0.0011443829868395,False,54,50-59,4.0,4.0
1,6647,8051,208320,48,4340,1,weekly issuance,9637,9945,True,31,Female,44183.1,43944.88941176472,200.0,-23278,31,west Bohemia,34,12,4,4,0.5920000000000001,8930,0.108,0.6800000000000002,0.002416541617134,False,26,21-29,2.0,1.0
1,7137,10439,151560,24,6315,66,monthly issuance,12535,12843,False,66,Male,21323.2,53976.29285714286,300.0,-30689,66,south Moravia,151,41,5,5,0.483,8512,0.102,0.6100000000000003,-0.0011443829868395,False,41,40-49,3.0,1.0
1,6903,9337,52128,24,2172,30,monthly issuance,11189,11497,False,11,Female,58844.8,33459.68028169014,144.2,6538,11,central Bohemia,35,36,9,7,0.365,9622,0.154,0.1399999999999999,0.0007139363010166,False,35,30-39,0.0,3.0
1,5918,4576,300204,36,8339,27,monthly issuance,5517,5517,False,57,Male,33947.4,34084.46056338029,300.0,2827,57,south Moravia,21,37,23,8,0.48,8720,0.116,0.77,-0.0004816182372772,False,30,30-39,4.0,3.0
1,6642,8027,77640,12,6470,44,weekly issuance,9607,9915,False,27,Male,30825.8,55570.30499999998,700.0,-34251,27,west Bohemia,71,19,10,7,0.4379999999999999,8561,0.11,0.64,0.0014562096941959,False,27,21-29,3.0,0.0
-1,6210,5927,87216,48,1817,15,monthly issuance,7166,7166,False,15,Male,21705.9,28362.24848484848,200.0,-7026,15,south Bohemia,22,16,8,5,0.519,9045,0.124,0.4700000000000002,0.0005782706306551,False,30,30-39,0.0,2.0
1,6279,6273,87360,24,3640,38,monthly issuance,7576,7576,False,38,Male,29057.9,36783.95,200.0,2641,38,north Bohemia,41,23,6,4,0.598,8965,0.104,1.1500000000000004,0.0019685039370078,False,32,30-39,1.0,3.0
1,7249,11065,69360,48,1445,11,monthly issuance,13295,13603,False,46,Male,38665.0,33857.10641025641,1100.0,2577,46,east Bohemia,48,20,10,10,0.735,8369,0.117,0.52,-0.0020938877995546,False,53,50-59,0.0,3.0
1,6736,8558,288360,60,4806,1,issuance after transaction,10247,10555,False,1,Male,43450.3,33211.759999999995,800.0,10862,1,Prague,0,0,1,1,1.0,12541,0.167,0.14,0.0111456629428699,False,58,50-59,2.0,4.0
-1,6112,5442,174744,24,7281,34,monthly issuance,6567,6567,False,5,Female,6930.8,26252.81440677965,-1369.2,10912,5,central Bohemia,65,30,5,6,0.514,9307,0.118,0.5799999999999996,0.0044344042838018,False,16,0-19,3.0,4.0
1,5319,1811,239460,60,3991,40,monthly issuance,2195,2195,False,68,Female,36240.6,40061.58043478262,300.0,-17711,68,north Moravia,15,40,20,6,0.5720000000000001,9893,0.096,0.6299999999999999,0.0011536041389918,False,52,50-59,1.0,2.0
1,6596,7844,91584,24,3816,1,monthly issuance,9394,9702,False,33,Female,49842.9,50765.41612903224,1000.0,-29379,33,north Bohemia,24,17,10,11,0.847,8705,0.116,1.8600000000000003,0.0015623014419519,False,43,40-49,1.0,1.0
1,5837,4260,244560,60,4076,56,monthly issuance,5134,5134,False,58,Female,21326.1,38426.728571428575,1000.0,-16747,58,south Moravia,98,16,7,4,0.636,8757,0.096,0.5700000000000003,0.0023725770400498,False,27,21-29,2.0,2.0
1,5657,3354,4980,12,415,63,monthly issuance,4056,4056,False,63,Female,22500.3,30533.37173913043,800.0,4779,63,south Moravia,38,36,6,5,0.505,8288,0.11,0.7299999999999995,-0.0011790135586559,False,42,40-49,0.0,3.0
1,5533,2762,111384,24,4641,19,monthly issuance,3335,3335,False,11,Male,52318.9,65097.22434210526,500.0,9941,11,central Bohemia,35,36,9,7,0.365,9622,0.154,0.1399999999999999,0.0007139363010166,False,27,21-29,2.0,4.0
-1,6232,6051,276660,36,7685,56,monthly issuance,7311,7311,False,56,Male,19783.2,19256.89482758621,500.0,1798,56,south Moravia,11,42,15,8,0.46,8772,0.126,0.29,0.002439709481963,False,45,40-49,4.0,3.0
1,6888,9265,39576,12,3298,1,monthly issuance,11101,11409,False,32,Female,23901.1,48944.82782608695,300.0,10706,32,north Bohemia,32,19,9,10,0.81,9272,0.118,0.4200000000000004,0.0015705610234346,False,14,0-19,1.0,4.0
1,6066,5228,173808,24,7242,77,issuance after transaction,6317,6317,True,77,Female,94431.9,61218.65866666667,1000.0,-46238,77,north Moravia,8,35,15,4,0.535,8909,0.113,1.5499999999999998,0.0008751556767309,False,37,30-39,3.0,0.0
1,5549,2824,50460,60,841,11,monthly issuance,3414,3414,False,11,Female,41531.0,37570.62790697674,800.0,8663,11,central Bohemia,35,36,9,7,0.365,9622,0.154,0.1399999999999999,0.0007139363010166,False,47,40-49,0.0,4.0
-1,5060,426,252060,60,4201,1,monthly issuance,512,512,False,60,Female,70096.5,57340.50819672131,900.0,14001,60,south Moravia,49,41,5,4,0.519,8441,0.115,1.0300000000000002,0.0033712028777238,False,29,21-29,2.0,4.0
1,6004,4937,143904,24,5996,12,monthly issuance,5965,5965,False,50,Male,38336.2,49727.45611510792,700.0,5536,50,east Bohemia,75,33,5,6,0.52,8187,0.094,0.6200000000000001,0.0001072030718552,False,43,40-49,3.0,3.0
-1,5126,790,208128,48,4336,54,monthly issuance,946,946,False,54,Male,81474.6,36369.975,-1069.7,5431,54,south Moravia,0,0,1,1,1.0,9897,0.14,0.3599999999999999,-6.450447661067678e-05,False,43,40-49,2.0,3.0
1,7220,10911,131292,36,3647,1,weekly issuance,13104,13412,False,1,Male,31361.3,36635.11566265058,1000.0,-16763,1,Prague,0,0,1,1,1.0,12541,0.167,0.14,0.0111456629428699,False,40,40-49,1.0,2.0
1,6668,8129,74736,36,2076,45,monthly issuance,9735,10043,False,45,Male,33243.7,37912.99850746269,700.0,6362,45,east Bohemia,85,19,7,5,0.535,8390,0.132,0.6100000000000003,0.0005390351271224,False,29,21-29,0.0,3.0
-1,5395,2176,299088,36,8308,67,monthly issuance,2635,2635,False,67,Female,19448.5,51992.85476190475,500.0,6720,67,north Moravia,38,25,8,6,0.631,8110,0.109,0.7800000000000002,-0.0015558111905255,False,28,21-29,4.0,4.0
1,6836,9093,189300,60,3155,47,monthly issuance,10887,11195,False,58,Male,24552.0,32354.031372549023,800.0,4278,58,south Moravia,98,16,7,4,0.636,8757,0.096,0.5700000000000003,0.0023725770400498,False,41,40-49,1.0,3.0
1,6064,5215,14628,12,1219,55,monthly issuance,6301,6301,False,55,Female,34917.4,32788.14215686275,200.0,6788,55,south Moravia,49,70,18,9,0.3389999999999999,8743,0.111,0.5500000000000003,0.0014964149717909,False,45,40-49,0.0,4.0
1,6919,9403,120888,36,3358,1,weekly issuance,11266,11574,False,1,Female,52014.4,40838.755208333336,600.0,5336,1,Prague,0,0,1,1,1.0,12541,0.167,0.14,0.0111456629428699,False,50,50-59,1.0,3.0
1,6841,9104,172080,48,3585,10,monthly issuance,10900,11208,False,10,Female,58209.4,60743.957142857136,200.0,8315,10,central Bohemia,55,29,7,5,0.467,10124,0.141,-0.02,0.0054949828417531,False,37,30-39,1.0,4.0
1,6038,5120,323472,48,6739,1,monthly issuance,6178,6178,False,1,Female,72386.4,45414.07368421052,200.0,6015,1,Prague,0,0,1,1,1.0,12541,0.167,0.14,0.0111456629428699,False,54,50-59,3.0,3.0
1,6729,8519,74688,12,6224,23,monthly issuance,10202,10510,True,23,Female,28933.3,48484.62410714286,1100.0,-27064,23,west Bohemia,21,11,7,9,0.855,8624,0.102,0.8700000000000001,0.0036490923025886,False,50,50-59,3.0,1.0
1,7198,10788,45768,12,3814,67,weekly issuance,12952,13260,False,72,Female,54427.5,32555.81851851852,800.0,6047,72,north Moravia,32,50,11,4,0.626,8994,0.11,0.9900000000000002,-0.0020519896339144,False,17,0-19,1.0,3.0
1,6686,8260,224604,36,6239,31,monthly issuance,9890,10198,True,31,Male,40287.4,57496.989247311845,200.0,-38368,31,west Bohemia,34,12,4,4,0.5920000000000001,8930,0.108,0.6800000000000002,0.002416541617134,False,18,0-19,3.0,0.0
1,5836,4259,79632,24,3318,66,monthly issuance,5133,5133,False,66,Female,99262.5,63494.2,900.0,-28668,66,south Moravia,151,41,5,5,0.483,8512,0.102,0.6100000000000003,-0.0011443829868395,False,35,30-39,1.0,1.0
1,7061,10105,121896,24,5079,55,monthly issuance,12124,12432,False,55,Male,41917.2,54422.59677419356,600.0,2619,55,south Moravia,49,70,18,9,0.3389999999999999,8743,0.111,0.5500000000000003,0.0014964149717909,False,29,21-29,2.0,3.0
1,5595,3050,82896,12,6908,60,monthly issuance,3687,3687,True,49,Male,64300.6,57141.73095238094,900.0,-32945,49,east Bohemia,31,28,6,9,0.608,8208,0.155,0.3699999999999999,0.006117460527185,True,23,21-29,3.0,1.0
1,5723,3674,23628,12,1969,38,monthly issuance,4428,4428,False,38,Male,64096.3,47420.84181818182,1000.0,9896,38,north Bohemia,41,23,6,4,0.598,8965,0.104,1.1500000000000004,0.0019685039370078,False,41,40-49,0.0,4.0
1,6120,5481,209184,48,4358,52,monthly issuance,6616,6616,False,1,Male,44254.7,46230.33970588236,1000.0,-35828,1,Prague,0,0,1,1,1.0,12541,0.167,0.14,0.0111456629428699,False,41,40-49,2.0,0.0
1,6895,9307,41904,12,3492,68,monthly issuance,11153,11461,False,70,Male,39204.7,36080.38671328672,900.0,7501,70,north Moravia,0,2,13,7,0.899,10177,0.081,1.12,0.0008059231850084,False,20,21-29,1.0,4.0
1,5882,4427,87816,12,7318,32,monthly issuance,5337,5337,True,1,Male,15665.6,25533.21428571429,800.0,4420,1,Prague,0,0,1,1,1.0,12541,0.167,0.14,0.0111456629428699,False,33,30-39,3.0,3.0
1,5754,3834,23052,12,1921,54,monthly issuance,4620,4620,True,54,Female,28531.7,23771.966081871346,700.0,6644,54,south Moravia,0,0,1,1,1.0,9897,0.14,0.3599999999999999,-6.450447661067678e-05,False,54,50-59,0.0,3.0
-1,6594,7824,189696,24,7904,60,monthly issuance,9367,9675,False,60,Female,22500.0,14900.0,600.0,5625,60,south Moravia,49,41,5,4,0.519,8441,0.115,1.0300000000000002,0.0033712028777238,False,25,21-29,4.0,3.0
-1,6738,8566,230220,36,6395,74,monthly issuance,10258,10566,False,74,Female,6325.5,27658.48780487805,-2719.7,9114,74,north Moravia,0,0,1,1,1.0,10673,0.1,0.6900000000000004,-0.0013431315033809,False,52,50-59,3.0,4.0
1,6624,7965,71460,12,5955,55,monthly issuance,9536,9844,True,55,Male,53022.0,47991.53023255814,200.0,9617,55,south Moravia,49,70,18,9,0.3389999999999999,8743,0.111,0.5500000000000003,0.0014964149717909,False,49,40-49,3.0,4.0
1,6216,5952,141240,24,5885,50,monthly issuance,7195,7195,False,50,Male,45871.6,57219.5745098039,1000.0,-28136,50,east Bohemia,75,33,5,6,0.52,8187,0.094,0.6200000000000001,0.0001072030718552,False,32,30-39,3.0,1.0
1,6229,6040,11736,24,489,1,monthly issuance,7299,7299,False,1,Male,26984.4,42224.43909774436,1100.0,7904,1,Prague,0,0,1,1,1.0,12541,0.167,0.14,0.0111456629428699,False,56,50-59,0.0,4.0
1,5887,4448,192744,36,5354,60,monthly issuance,5366,5366,True,60,Female,29019.1,37265.655263157896,700.0,1813,60,south Moravia,49,41,5,4,0.519,8441,0.115,1.0300000000000002,0.0033712028777238,False,23,21-29,2.0,3.0
1,6808,8982,227880,36,6330,64,monthly issuance,10755,11063,True,64,Female,53716.6,45134.721686747,1100.0,4132,64,south Moravia,29,41,12,10,0.747,9624,0.145,0.71,-0.001111116748436,False,39,30-39,3.0,3.0
1,6297,6363,17508,12,1459,74,monthly issuance,7683,7683,False,12,Male,48027.0,39290.61805555556,900.0,3201,12,central Bohemia,84,29,7,6,0.58,8754,0.137,0.4799999999999995,0.0005933067581347,False,49,40-49,0.0,3.0
1,5161,1012,98184,24,4091,65,monthly issuance,1216,1216,False,65,Female,68956.1,41660.39285714285,500.0,-7305,65,south Moravia,101,41,5,4,0.437,8403,0.105,-0.0200000000000004,0.0049124343257443,False,49,40-49,2.0,2.0
1,5390,2167,170256,24,7094,16,monthly issuance,2623,2623,False,16,Female,43302.8,40091.18311688311,200.0,6834,16,south Bohemia,74,21,11,8,0.569,8427,0.107,0.4199999999999999,0.0004151983903077,False,29,21-29,3.0,4.0
1,6150,5622,83016,12,6918,70,monthly issuance,6789,6789,False,57,Male,93620.2,67891.93520408162,700.0,9124,57,south Moravia,21,37,23,8,0.48,8720,0.116,0.77,-0.0004816182372772,False,16,0-19,3.0,4.0
1,6223,5991,61056,48,1272,1,monthly issuance,7241,7241,False,57,Female,33525.3,36039.0515625,900.0,5900,57,south Moravia,21,37,23,8,0.48,8720,0.116,0.77,-0.0004816182372772,False,37,30-39,0.0,3.0
1,5032,290,123696,48,2577,56,monthly issuance,352,352,False,56,Male,25187.2,49084.38196721312,300.0,5522,56,south Moravia,11,42,15,8,0.46,8772,0.126,0.29,0.002439709481963,False,54,50-59,1.0,3.0
1,6253,6148,59760,24,2490,74,monthly issuance,7422,7422,True,74,Male,41133.1,40204.46481481482,300.0,7306,74,north Moravia,0,0,1,1,1.0,10673,0.1,0.6900000000000004,-0.0013431315033809,False,36,30-39,1.0,4.0
1,6460,7133,48672,36,1352,1,monthly issuance,8610,8610,True,55,Female,23110.0,23050.189690721647,300.0,3513,55,south Moravia,49,70,18,9,0.3389999999999999,8743,0.111,0.5500000000000003,0.0014964149717909,False,47,40-49,0.0,3.0
1,6645,8041,140400,36,3900,1,monthly issuance,9625,9933,False,74,Male,28271.8,43563.62,400.0,2174,74,north Moravia,0,0,1,1,1.0,10673,0.1,0.6900000000000004,-0.0013431315033809,False,53,50-59,1.0,3.0
-1,5176,1106,192552,24,8023,20,weekly issuance,1327,1327,False,20,Female,22225.5,23979.011764705883,800.0,1481,20,south Bohemia,94,14,4,4,0.584,8547,0.12,0.9900000000000002,-0.000297256744897,False,31,30-39,4.0,3.0
-1,5269,1527,164052,36,4557,31,issuance after transaction,1851,1851,False,31,Female,20811.2,41752.161538461536,-2564.7,1734,31,west Bohemia,34,12,4,4,0.5920000000000001,8930,0.108,0.6800000000000002,0.002416541617134,False,19,0-19,2.0,3.0
1,5351,1978,205200,36,5700,57,weekly issuance,2403,2403,False,1,Female,54586.0,58336.31162790698,900.0,-21594,1,Prague,0,0,1,1,1.0,12541,0.167,0.14,0.0111456629428699,False,32,30-39,3.0,1.0
1,5861,4337,51408,24,2142,29,monthly issuance,5224,5224,False,29,Male,49198.8,52299.2859375,900.0,3784,29,west Bohemia,52,10,6,6,0.556,8843,0.113,0.7800000000000002,0.0015312595703723,False,45,40-49,0.0,3.0
1,5450,2345,199680,60,3328,5,monthly issuance,2834,2834,False,52,Male,19938.6,33658.61756756757,500.0,-16223,52,east Bohemia,59,41,11,10,0.619,8363,0.108,0.9700000000000002,0.0016905015394354,False,46,40-49,1.0,2.0
-1,7142,10451,482940,60,8049,1,monthly issuance,12551,12859,False,1,Female,18439.4,26358.75461538461,900.0,6792,1,Prague,0,0,1,1,1.0,12541,0.167,0.14,0.0111456629428699,False,19,0-19,4.0,4.0
1,6306,6425,36684,12,3057,31,monthly issuance,7753,7753,False,70,Female,35093.0,30229.7976,700.0,1671,70,north Moravia,0,2,13,7,0.899,10177,0.081,1.12,0.0008059231850084,False,16,0-19,1.0,3.0
1,6272,6226,398640,60,6644,74,weekly issuance,7521,7521,False,74,Female,59316.9,63383.57558139537,400.0,-39890,74,north Moravia,0,0,1,1,1.0,10673,0.1,0.6900000000000004,-0.0013431315033809,False,35,30-39,3.0,0.0
1,5044,344,100980,60,1683,54,monthly issuance,421,421,False,54,Male,48637.7,35614.744285714296,600.0,6906,54,south Moravia,0,0,1,1,1.0,9897,0.14,0.3599999999999999,-6.450447661067678e-05,False,29,21-29,0.0,4.0
1,5576,2962,31248,12,2604,1,monthly issuance,3576,3576,False,1,Female,53922.3,64493.09916666667,1000.0,2838,1,Prague,0,0,1,1,1.0,12541,0.167,0.14,0.0111456629428699,False,56,50-59,1.0,3.0
1,7192,10738,115992,36,3222,45,weekly issuance,12893,13201,False,31,Male,9669.5,25666.407086614174,200.0,7065,31,west Bohemia,34,12,4,4,0.5920000000000001,8930,0.108,0.6800000000000002,0.002416541617134,False,58,50-59,1.0,4.0
1,5739,3747,76380,12,6365,1,monthly issuance,4520,4520,False,1,Female,23156.6,26122.848888888893,1100.0,5113,1,Prague,0,0,1,1,1.0,12541,0.167,0.14,0.0111456629428699,False,38,30-39,3.0,3.0
1,6526,7523,288468,36,8013,63,monthly issuance,9008,9316,False,63,Female,48665.3,36999.52352941177,600.0,9768,63,south Moravia,38,36,6,5,0.505,8288,0.11,0.7299999999999995,-0.0011790135586559,False,36,30-39,4.0,4.0
-1,5624,3166,177744,48,3703,71,monthly issuance,3829,3829,False,59,Male,14230.7,26746.5252631579,-2485.5,837,59,south Moravia,41,29,9,6,0.621,8444,0.106,0.2299999999999999,-0.0026637029144583,False,23,21-29,1.0,3.0
-1,6244,6118,270648,36,7518,1,weekly issuance,7390,7390,False,1,Male,50996.5,60819.9763888889,200.0,5099,1,Prague,0,0,1,1,1.0,12541,0.167,0.14,0.0111456629428699,False,57,50-59,4.0,3.0
1,5131,816,48624,24,2026,52,monthly issuance,980,980,False,40,Male,47993.6,63857.23675213676,200.0,5675,40,north Bohemia,9,16,9,8,0.853,9317,0.097,0.5800000000000001,-0.0006010084453394,False,33,30-39,0.0,3.0
1,6960,9640,76416,24,3184,1,monthly issuance,11558,11866,True,1,Male,12262.9,31375.160784313728,8686.4,-8271,1,Prague,0,0,1,1,1.0,12541,0.167,0.14,0.0111456629428699,False,57,50-59,1.0,2.0
-1,6358,6715,137880,60,2298,48,weekly issuance,8105,8105,False,72,Male,19966.8,24523.073033707864,200.0,-13833,72,north Moravia,32,50,11,4,0.626,8994,0.11,0.9900000000000002,-0.0020519896339144,False,32,30-39,0.0,2.0
1,5418,2245,347952,48,7249,29,monthly issuance,2719,2719,False,29,Female,57546.3,54157.19416666668,300.0,2615,29,west Bohemia,52,10,6,6,0.556,8843,0.113,0.7800000000000002,0.0015312595703723,False,30,30-39,3.0,3.0
1,6598,7857,68112,12,5676,75,monthly issuance,9407,9715,False,35,Female,39416.1,47220.13401360544,300.0,-32286,35,north Bohemia,10,18,6,7,0.805,8867,0.13,0.1899999999999999,0.0026586157173756,False,17,0-19,2.0,1.0
1,5464,2419,95808,12,7984,24,monthly issuance,2922,2922,False,43,Male,72500.4,59701.786666666674,900.0,4833,43,east Bohemia,73,21,7,6,0.763,9425,0.125,0.78,-0.0011986110939488,False,54,50-59,4.0,3.0
1,6591,7819,20832,48,434,38,monthly issuance,9362,9670,False,38,Male,17887.1,21368.90993377484,500.0,4842,38,north Bohemia,41,23,6,4,0.598,8965,0.104,1.1500000000000004,0.0019685039370078,False,47,40-49,0.0,3.0
-1,5724,3678,316140,60,5269,1,monthly issuance,4433,4433,False,1,Male,12826.4,18632.933812949643,800.0,557,1,Prague,0,0,1,1,1.0,12541,0.167,0.14,0.0111456629428699,False,27,21-29,2.0,3.0
1,6315,6472,43164,12,3597,61,monthly issuance,7814,7814,False,61,Female,31349.9,68377.06376811594,800.0,-39044,61,south Moravia,139,28,6,6,0.5379999999999999,8814,0.107,0.9800000000000004,-0.0004495449417712,False,19,0-19,1.0,0.0
1,5876,4413,221280,48,4610,74,weekly issuance,5318,5318,True,74,Male,31314.7,37596.93239436621,1100.0,-26842,74,north Moravia,0,0,1,1,1.0,10673,0.1,0.6900000000000004,-0.0013431315033809,False,27,21-29,2.0,1.0
-1,6986,9750,151728,48,3161,74,monthly issuance,11695,12003,False,74,Male,26488.7,30491.098245614037,-669.7,2943,74,north Moravia,0,0,1,1,1.0,10673,0.1,0.6900000000000004,-0.0013431315033809,False,19,0-19,1.0,3.0
1,6294,6353,79920,60,1332,26,monthly issuance,7672,7672,False,26,Male,31271.6,43846.97789473685,700.0,6464,26,west Bohemia,0,0,1,1,1.0,10787,0.131,0.4499999999999997,0.0012907086577216,False,42,40-49,0.0,3.0
1,5132,817,538500,60,8975,5,monthly issuance,981,981,False,5,Male,23271.0,33687.85862068965,200.0,5046,5,central Bohemia,65,30,5,6,0.514,9307,0.118,0.5799999999999996,0.0044344042838018,False,35,30-39,4.0,3.0
1,5877,4414,97224,24,4051,24,monthly issuance,5320,5320,True,17,Female,19479.6,22360.53660714285,1000.0,6300,17,south Bohemia,99,15,6,7,0.614,8114,0.119,0.2400000000000002,0.0024033917528557,False,44,40-49,2.0,3.0
1,6227,6030,28248,24,1177,47,monthly issuance,7286,7286,False,47,Female,33729.1,45582.44893617021,400.0,1775,47,east Bohemia,83,26,6,6,0.728,9538,0.111,0.3,-0.0041148972813384,False,25,21-29,0.0,3.0
-1,7241,11021,168984,24,7041,1,monthly issuance,13240,13548,False,1,Male,24304.3,56053.9975,-517.7,1279,1,Prague,0,0,1,1,1.0,12541,0.167,0.14,0.0111456629428699,False,19,0-19,3.0,3.0
1,6737,8564,76680,24,3195,68,monthly issuance,10255,10563,True,68,Male,27191.2,62933.47482517484,1000.0,-28785,68,north Moravia,15,40,20,6,0.5720000000000001,9893,0.096,0.6299999999999999,0.0011536041389918,False,46,40-49,1.0,1.0
1,7004,9869,331560,60,5526,12,monthly issuance,11836,12144,True,2,Male,47992.1,36941.99831932772,900.0,8704,2,central Bohemia,80,26,8,5,0.467,8507,0.132,0.1800000000000001,0.005794068673777,False,14,0-19,2.0,4.0
-1,6169,5700,103680,60,1728,42,monthly issuance,6895,6895,False,42,Male,30227.6,28250.10917431193,500.0,1511,42,east Bohemia,87,25,7,7,0.591,8388,0.087,0.5299999999999998,0.0001042676759777,False,24,21-29,0.0,3.0
-1,5208,1247,99696,48,2077,25,monthly issuance,1505,1505,False,65,Female,32966.8,46341.29351851852,-974.6,1569,65,south Moravia,101,41,5,4,0.437,8403,0.105,-0.0200000000000004,0.0049124343257443,False,24,21-29,0.0,3.0
1,6694,8316,134784,24,5616,70,monthly issuance,9961,10269,False,70,Female,16218.7,44005.11272727274,900.0,1621,70,north Moravia,0,2,13,7,0.899,10177,0.081,1.12,0.0008059231850084,False,55,50-59,2.0,3.0
1,5599,3064,15420,12,1285,40,monthly issuance,3705,3705,False,1,Female,31867.2,24577.2,1000.0,6215,1,Prague,0,0,1,1,1.0,12541,0.167,0.14,0.0111456629428699,False,30,30-39,0.0,3.0
1,6546,7607,31728,24,1322,1,monthly issuance,9110,9418,True,1,Male,32802.7,31139.747863247867,600.0,6162,1,Prague,0,0,1,1,1.0,12541,0.167,0.14,0.0111456629428699,False,45,40-49,0.0,3.0
1,5414,2228,185952,48,3874,34,monthly issuance,2700,2700,False,34,Male,82385.2,50113.194117647065,700.0,6693,34,north Bohemia,28,11,5,5,0.877,9675,0.1,1.25,-0.0010619949535277,False,50,50-59,1.0,4.0
1,5453,2361,156672,36,4352,28,monthly issuance,2853,2853,False,28,Female,23286.1,22927.50266666667,500.0,4298,28,west Bohemia,66,26,10,8,0.369,8594,0.112,0.3899999999999997,-0.0007581919190526,False,39,30-39,2.0,3.0
1,5740,3752,18564,12,1547,1,monthly issuance,4527,4527,False,1,Female,43265.7,35538.04615384616,200.0,8653,1,Prague,0,0,1,1,1.0,12541,0.167,0.14,0.0111456629428699,False,32,30-39,0.0,4.0
1,5804,4079,158976,48,3312,52,monthly issuance,4916,4916,False,52,Male,18894.0,49916.09102564102,600.0,5679,52,east Bohemia,59,41,11,10,0.619,8363,0.108,0.9700000000000002,0.0016905015394354,False,56,50-59,1.0,3.0
1,6745,8625,47304,24,1971,64,monthly issuance,10328,10636,False,64,Male,62458.3,68740.02335329342,400.0,10386,64,south Moravia,29,41,12,10,0.747,9624,0.145,0.71,-0.001111116748436,False,24,21-29,0.0,4.0
1,6950,9591,104712,24,4363,74,monthly issuance,11496,11804,False,74,Male,25947.2,57357.84345549739,400.0,4913,74,north Moravia,0,0,1,1,1.0,10673,0.1,0.6900000000000004,-0.0013431315033809,False,50,50-59,2.0,3.0
1,6996,9828,126600,24,5275,11,monthly issuance,11787,12095,False,47,Male,48720.6,47118.99318181818,400.0,-32281,47,east Bohemia,83,26,6,6,0.728,9538,0.111,0.3,-0.0041148972813384,False,56,50-59,2.0,1.0
-1,5352,1993,68400,12,5700,68,monthly issuance,2422,2422,False,68,Female,23946.1,31793.73571428571,800.0,4789,68,north Moravia,15,40,20,6,0.5720000000000001,9893,0.096,0.6299999999999999,0.0011536041389918,False,19,0-19,3.0,3.0
1,6151,5628,225420,60,3757,61,monthly issuance,6798,6798,False,61,Female,32403.4,31185.156862745094,200.0,3240,61,south Moravia,139,28,6,6,0.5379999999999999,8814,0.107,0.9800000000000004,-0.0004495449417712,False,47,40-49,1.0,3.0
1,5310,1762,248148,36,6893,28,monthly issuance,2136,2136,False,28,Female,41108.6,36063.78833333333,600.0,6415,28,west Bohemia,66,26,10,8,0.369,8594,0.112,0.3899999999999997,-0.0007581919190526,False,55,50-59,3.0,3.0
-1,5045,347,187224,24,7801,65,monthly issuance,424,424,False,1,Male,50832.1,42084.31136363636,-243.3,2990,1,Prague,0,0,1,1,1.0,12541,0.167,0.14,0.0111456629428699,False,48,40-49,4.0,3.0
1,6929,9472,36396,12,3033,1,weekly issuance,11354,11662,False,76,Male,45480.6,57977.03481012658,800.0,6488,76,north Moravia,31,32,15,7,0.512,8369,0.107,1.1499999999999997,-0.0072937684993993,False,23,21-29,1.0,3.0
1,5151,960,189060,60,3151,4,issuance after transaction,1157,1157,False,4,Female,68945.6,72242.89666666668,200.0,-30473,4,central Bohemia,63,29,8,6,0.674,9753,0.109,0.4100000000000001,0.0043230837997771,False,36,30-39,1.0,1.0
1,5212,1256,71064,36,1974,38,monthly issuance,1516,1516,False,38,Female,31397.0,34577.30232558139,700.0,7003,38,north Bohemia,41,23,6,4,0.598,8965,0.104,1.1500000000000004,0.0019685039370078,False,49,40-49,0.0,4.0
1,5138,854,87216,48,1817,62,monthly issuance,1029,1029,False,1,Female,29638.3,30847.14932432432,700.0,4748,1,Prague,0,0,1,1,1.0,12541,0.167,0.14,0.0111456629428699,False,41,40-49,0.0,3.0
1,5713,3629,158760,60,2646,48,monthly issuance,4377,4377,False,48,Male,19182.3,24908.761445783133,900.0,-7580,48,east Bohemia,50,24,9,9,0.59,9060,0.124,0.6599999999999999,0.0007852574251155,False,17,0-19,1.0,2.0
1,6704,8377,417060,60,6951,29,monthly issuance,10042,10350,True,29,Female,80978.7,58445.02702702703,200.0,5565,29,west Bohemia,52,10,6,6,0.556,8843,0.113,0.7800000000000002,0.0015312595703723,False,34,30-39,3.0,3.0
1,6474,7190,63360,60,1056,49,monthly issuance,8677,8677,True,49,Male,25635.0,29108.363865546213,700.0,5330,49,east Bohemia,31,28,6,9,0.608,8208,0.155,0.3699999999999999,0.006117460527185,False,40,40-49,0.0,3.0
1,6676,8159,29784,24,1241,26,monthly issuance,9768,10076,True,26,Female,37920.3,27626.08333333333,200.0,9480,26,west Bohemia,0,0,1,1,1.0,10787,0.131,0.4499999999999997,0.0012907086577216,False,25,21-29,0.0,4.0
1,6965,9656,139536,24,5814,61,monthly issuance,11578,11886,False,61,Female,36472.9,63889.87393939395,800.0,11512,61,south Moravia,139,28,6,6,0.5379999999999999,8814,0.107,0.9800000000000004,-0.0004495449417712,False,54,50-59,3.0,4.0
1,6725,8489,265320,36,7370,19,monthly issuance,10167,10475,True,51,Female,35289.8,35566.88108108108,700.0,4785,51,east Bohemia,37,28,10,11,0.705,8541,0.131,0.4600000000000004,0.0028126973193272,False,47,40-49,3.0,3.0
1,7166,10630,198240,24,8260,41,monthly issuance,12763,13071,False,41,Male,35344.2,30953.14375,300.0,8529,41,north Bohemia,8,8,6,3,0.856,9832,0.114,1.1600000000000006,-0.0082090181205225,False,39,30-39,4.0,4.0
1,7138,10440,60000,60,1000,72,monthly issuance,12536,12844,False,45,Male,16893.2,24643.283941605838,400.0,4561,45,east Bohemia,85,19,7,5,0.535,8390,0.132,0.6100000000000003,0.0005390351271224,False,49,40-49,0.0,3.0
1,5970,4774,465072,48,9689,66,monthly issuance,5760,5760,True,66,Male,37152.4,27778.74563106796,300.0,2064,66,south Moravia,151,41,5,5,0.483,8512,0.102,0.6100000000000003,-0.0011443829868395,False,47,40-49,4.0,3.0
1,6157,5650,98592,24,4108,10,issuance after transaction,6829,6829,False,10,Female,62671.9,54128.56538461537,900.0,-15882,10,central Bohemia,55,29,7,5,0.467,10124,0.141,-0.02,0.0054949828417531,False,32,30-39,2.0,2.0
1,6153,5632,285600,60,4760,5,weekly issuance,6803,6803,True,5,Female,28194.4,49651.8918367347,1100.0,3524,5,central Bohemia,65,30,5,6,0.514,9307,0.118,0.5799999999999996,0.0044344042838018,False,15,0-19,2.0,3.0
1,5693,3489,44088,24,1837,9,monthly issuance,4217,4217,False,9,Female,44368.6,36548.818750000006,1000.0,6810,9,central Bohemia,61,23,6,6,0.5529999999999999,8899,0.149,0.5800000000000001,-0.0061467348544453,False,44,40-49,0.0,4.0
1,5922,4580,20220,12,1685,9,monthly issuance,5521,5521,False,9,Female,31317.9,41077.63529411765,500.0,6243,9,central Bohemia,61,23,6,6,0.5529999999999999,8899,0.149,0.5800000000000001,-0.0061467348544453,False,22,21-29,0.0,3.0
1,5959,4727,107640,24,4485,2,monthly issuance,5701,5701,False,2,Female,65325.4,50214.50434782608,600.0,-26926,2,central Bohemia,80,26,8,5,0.467,8507,0.132,0.1800000000000001,0.005794068673777,False,36,30-39,2.0,1.0
1,5980,4825,21396,12,1783,15,monthly issuance,5826,5826,True,15,Male,24782.0,30812.94615384616,1000.0,-10116,15,south Bohemia,22,16,8,5,0.519,9045,0.124,0.4700000000000002,0.0005782706306551,False,27,21-29,0.0,2.0
1,6764,8776,33984,48,708,64,monthly issuance,10510,10818,False,64,Male,44465.4,38587.76,600.0,3705,64,south Moravia,29,41,12,10,0.747,9624,0.145,0.71,-0.001111116748436,False,23,21-29,0.0,3.0
1,5237,1375,45336,24,1889,19,monthly issuance,1663,1663,False,19,Male,40939.5,48152.95333333333,800.0,6937,19,south Bohemia,50,11,4,4,0.527,8402,0.12,0.8500000000000001,0.0019444660496227,False,38,30-39,0.0,4.0
1,6726,8492,85860,60,1431,2,monthly issuance,10171,10479,False,2,Female,39366.8,30461.404166666664,1000.0,5266,2,central Bohemia,80,26,8,5,0.467,8507,0.132,0.1800000000000001,0.005794068673777,False,40,40-49,0.0,3.0
1,6933,9493,188688,48,3931,64,monthly issuance,11377,11685,False,64,Female,23579.7,42203.17272727272,400.0,-16555,64,south Moravia,29,41,12,10,0.747,9624,0.145,0.71,-0.001111116748436,False,30,30-39,1.0,2.0
1,5145,915,309552,48,6449,72,monthly issuance,1102,1102,False,72,Male,51799.4,56105.49999999999,700.0,-27491,72,north Moravia,32,50,11,4,0.626,8994,0.11,0.9900000000000002,-0.0020519896339144,False,61,60-69,3.0,1.0
1,7008,9897,36168,12,3014,1,monthly issuance,11873,12181,False,1,Male,29138.1,39063.766666666685,300.0,-9940,1,Prague,0,0,1,1,1.0,12541,0.167,0.14,0.0111456629428699,False,34,30-39,1.0,2.0
1,7227,10942,314520,60,5242,44,weekly issuance,13143,13451,False,44,Female,50517.0,63527.41999999999,500.0,11009,44,east Bohemia,77,26,9,7,0.53,8254,0.097,0.9699999999999998,0.001505596272939,False,40,40-49,2.0,4.0
1,6600,7861,21852,36,607,34,monthly issuance,9413,9721,False,34,Male,42899.4,38509.05,700.0,7154,34,north Bohemia,28,11,5,5,0.877,9675,0.1,1.25,-0.0010619949535277,False,41,40-49,0.0,4.0
1,6712,8405,266220,60,4437,20,monthly issuance,10074,10382,False,20,Female,38159.6,34922.881250000006,900.0,7788,20,south Bohemia,94,14,4,4,0.584,8547,0.12,0.9900000000000002,-0.000297256744897,False,31,30-39,2.0,4.0
1,7057,10093,231696,36,6436,1,weekly issuance,12108,12416,True,1,Male,39874.7,45873.61666666666,800.0,-32949,1,Prague,0,0,1,1,1.0,12541,0.167,0.14,0.0111456629428699,False,22,21-29,3.0,1.0
1,7176,10663,260028,36,7223,11,monthly issuance,12805,13113,False,11,Male,69850.9,50676.8198757764,200.0,-30615,11,central Bohemia,35,36,9,7,0.365,9622,0.154,0.1399999999999999,0.0007139363010166,False,19,0-19,3.0,1.0
1,7304,11349,419880,60,6998,1,weekly issuance,13647,13955,True,1,Female,24704.4,59352.833333333336,200.0,-39068,1,Prague,0,0,1,1,1.0,12541,0.167,0.14,0.0111456629428699,False,50,50-59,3.0,0.0
1,6362,6738,37908,12,3159,62,monthly issuance,8130,8130,False,62,Female,46113.5,42164.02763157895,800.0,-17143,62,south Moravia,22,41,15,5,0.407,8544,0.109,0.5700000000000001,0.0012835648783702,False,19,0-19,1.0,2.0
1,5880,4423,73836,36,2051,39,monthly issuance,5333,5333,False,39,Female,67453.1,55315.16842105263,900.0,9636,39,north Bohemia,17,4,5,4,0.899,10446,0.09,2.0600000000000005,-0.0017014888027023,False,28,21-29,0.0,4.0
1,6535,7546,41952,12,3496,43,monthly issuance,9038,9346,False,43,Male,24687.4,41502.02571428572,500.0,-17776,43,east Bohemia,73,21,7,6,0.763,9425,0.125,0.78,-0.0011986110939488,False,23,21-29,1.0,2.0
1,5449,2343,99336,24,4139,68,monthly issuance,2831,2831,False,68,Female,30838.7,27019.571153846155,300.0,5378,68,north Moravia,15,40,20,6,0.5720000000000001,9893,0.096,0.6299999999999999,0.0011536041389918,False,15,0-19,2.0,3.0
-1,6342,6609,60156,36,1671,16,monthly issuance,7980,7980,False,16,Male,106112.8,72667.63571428572,400.0,11091,16,south Bohemia,74,21,11,8,0.569,8427,0.107,0.4199999999999999,0.0004151983903077,False,19,0-19,0.0,4.0
1,5409,2218,182040,60,3034,19,monthly issuance,2686,2686,True,19,Female,38747.5,67475.90169491526,600.0,-41228,19,south Bohemia,50,11,4,4,0.527,8402,0.12,0.8500000000000001,0.0019444660496227,False,45,40-49,1.0,0.0
1,6955,9627,244368,48,5091,65,issuance after transaction,11543,11851,False,65,Male,86194.1,75924.24097222222,200.0,5387,65,south Moravia,101,41,5,4,0.437,8403,0.105,-0.0200000000000004,0.0049124343257443,False,26,21-29,2.0,3.0
1,6985,9731,113796,36,3161,54,issuance after transaction,11670,11978,True,54,Male,34054.0,36840.57361111111,500.0,-13515,54,south Moravia,0,0,1,1,1.0,9897,0.14,0.3599999999999999,-6.450447661067678e-05,False,24,21-29,1.0,2.0
1,5125,789,73056,48,1522,39,monthly issuance,944,944,True,39,Male,21545.7,23255.14901960784,500.0,4051,39,north Bohemia,17,4,5,4,0.899,10446,0.09,2.0600000000000005,-0.0017014888027023,False,25,21-29,0.0,3.0
-1,5805,4081,137904,24,5746,11,monthly issuance,4918,4918,False,11,Male,35159.7,26886.19166666667,600.0,8789,11,central Bohemia,35,36,9,7,0.365,9622,0.154,0.1399999999999999,0.0007139363010166,False,28,21-29,3.0,4.0
1,6185,5774,31176,24,1299,1,monthly issuance,6987,6987,False,1,Male,50647.1,46304.15217391303,700.0,9867,1,Prague,0,0,1,1,1.0,12541,0.167,0.14,0.0111456629428699,False,28,21-29,0.0,4.0
1,7243,11042,217152,36,6032,72,monthly issuance,13268,13576,False,72,Male,42293.9,49107.06666666667,400.0,-26100,72,north Moravia,32,50,11,4,0.626,8994,0.11,0.9900000000000002,-0.0020519896339144,True,21,21-29,3.0,1.0
1,6403,6924,194880,48,4060,74,monthly issuance,8359,8359,False,74,Male,31007.0,36421.425663716815,300.0,-21098,74,north Moravia,0,0,1,1,1.0,10673,0.1,0.6900000000000004,-0.0013431315033809,False,16,0-19,2.0,1.0
1,6578,7765,27984,12,2332,52,weekly issuance,9298,9606,False,52,Male,18380.5,30639.86315789474,500.0,5914,52,east Bohemia,59,41,11,10,0.619,8363,0.108,0.9700000000000002,0.0016905015394354,False,47,40-49,0.0,3.0
1,5413,2227,92976,24,3874,31,weekly issuance,2698,2698,True,31,Female,21531.8,50436.46605504587,300.0,8883,31,west Bohemia,34,12,4,4,0.5920000000000001,8930,0.108,0.6800000000000002,0.002416541617134,False,25,21-29,1.0,4.0
1,6949,9583,104712,24,4363,31,weekly issuance,11486,11794,True,31,Female,30115.3,52379.12870370369,300.0,9334,31,west Bohemia,34,12,4,4,0.5920000000000001,8930,0.108,0.6800000000000002,0.002416541617134,False,25,21-29,2.0,4.0
1,6545,7606,191880,60,3198,21,monthly issuance,9109,9417,False,21,Male,78521.0,53685.78620689656,400.0,17723,21,south Bohemia,87,16,8,7,0.67,9104,0.123,0.5599999999999998,0.0005321876784038,False,47,40-49,1.0,4.0
1,6178,5742,232560,48,4845,74,issuance after transaction,6946,6946,False,74,Female,41243.5,63188.63333333334,600.0,6873,74,north Moravia,0,0,1,1,1.0,10673,0.1,0.6900000000000004,-0.0013431315033809,False,26,21-29,2.0,4.0
1,5160,1011,204000,60,3400,45,monthly issuance,1215,1215,False,45,Male,45077.7,37809.39846153847,400.0,-14213,45,east Bohemia,85,19,7,5,0.535,8390,0.132,0.6100000000000003,0.0005390351271224,False,52,50-59,1.0,2.0
1,6785,8899,125340,60,2089,1,weekly issuance,10655,10963,False,1,Male,19007.0,51145.51574803149,500.0,4204,1,Prague,0,0,1,1,1.0,12541,0.167,0.14,0.0111456629428699,False,52,50-59,0.0,3.0
1,6540,7562,309600,48,6450,72,weekly issuance,9058,9366,False,72,Male,35488.1,58185.58928571428,400.0,-35743,72,north Moravia,32,50,11,4,0.626,8994,0.11,0.9900000000000002,-0.0020519896339144,False,21,21-29,3.0,0.0
1,6589,7815,189696,24,7904,19,weekly issuance,9355,9663,True,19,Male,88662.1,54137.10561797753,700.0,13320,19,south Bohemia,50,11,4,4,0.527,8402,0.12,0.8500000000000001,0.0019444660496227,False,50,50-59,4.0,4.0
1,5900,4503,135360,48,2820,50,monthly issuance,5433,5433,False,50,Male,54883.5,64881.31428571429,200.0,4572,50,east Bohemia,75,33,5,6,0.52,8187,0.094,0.6200000000000001,0.0001072030718552,True,20,21-29,1.0,3.0
1,5999,4907,98832,48,2059,42,monthly issuance,5928,5928,False,42,Female,27184.4,31814.26836158192,500.0,5512,42,east Bohemia,87,25,7,7,0.591,8388,0.087,0.5299999999999998,0.0001042676759777,False,25,21-29,0.0,3.0
1,6043,5126,20352,48,424,58,monthly issuance,6185,6185,True,58,Female,21281.5,31814.41458333333,400.0,4232,58,south Moravia,98,16,7,4,0.636,8757,0.096,0.5700000000000003,0.0023725770400498,False,48,40-49,0.0,3.0
1,5482,2496,165120,60,2752,51,monthly issuance,3013,3013,True,51,Female,22745.4,24377.371551724136,1100.0,4873,51,east Bohemia,37,28,10,11,0.705,8541,0.131,0.4600000000000004,0.0028126973193272,False,46,40-49,1.0,3.0
1,7263,11138,89880,24,3745,70,weekly issuance,13382,13690,False,70,Male,39079.5,62571.28275862069,800.0,7815,70,north Moravia,0,2,13,7,0.899,10177,0.081,1.12,0.0008059231850084,False,33,30-39,1.0,4.0
-1,6013,4995,128988,36,3583,20,weekly issuance,6034,6034,False,20,Male,9680.2,34740.7024390244,-36.1,509,20,south Bohemia,94,14,4,4,0.584,8547,0.12,0.9900000000000002,-0.000297256744897,False,56,50-59,1.0,3.0
1,5750,3804,63252,12,5271,7,monthly issuance,4584,4584,False,7,Female,49709.2,49291.82256097561,13097.7,-28220,7,central Bohemia,38,28,4,6,0.634,9920,0.13,0.6100000000000003,0.0058801794668778,False,47,40-49,2.0,1.0
-1,6027,5066,61656,24,2569,13,weekly issuance,6115,6115,False,13,Female,59695.5,44763.458333333336,400.0,9949,13,central Bohemia,61,22,2,2,0.413,8598,0.123,0.4899999999999997,0.0051556907327386,False,42,40-49,1.0,4.0
-1,6303,6400,72408,24,3017,31,issuance after transaction,7727,7727,False,31,Female,36363.9,45099.26153846154,700.0,9090,31,west Bohemia,34,12,4,4,0.5920000000000001,8930,0.108,0.6800000000000002,0.002416541617134,False,38,30-39,1.0,4.0
1,7213,10884,113544,36,3154,65,monthly issuance,13072,13380,False,65,Male,13386.8,33990.41971830985,700.0,-14463,65,south Moravia,101,41,5,4,0.437,8403,0.105,-0.0200000000000004,0.0049124343257443,False,53,50-59,1.0,2.0
1,6659,8092,56100,60,935,54,monthly issuance,9687,9995,False,54,Male,15407.2,20158.001470588235,1000.0,5096,54,south Moravia,0,0,1,1,1.0,9897,0.14,0.3599999999999999,-6.450447661067678e-05,False,38,30-39,0.0,3.0
-1,6175,5735,290700,60,4845,52,monthly issuance,6936,6936,False,52,Female,11574.8,59647.42399999999,-2825.2,890,52,east Bohemia,59,41,11,10,0.619,8363,0.108,0.9700000000000002,0.0016905015394354,False,37,30-39,2.0,3.0
1,5610,3112,123216,48,2567,38,monthly issuance,3763,3763,True,38,Female,77580.8,70622.83359375,700.0,5850,38,north Bohemia,41,23,6,4,0.598,8965,0.104,1.1500000000000004,0.0019685039370078,False,19,0-19,1.0,3.0
1,5563,2912,380160,60,6336,74,monthly issuance,3519,3519,False,74,Male,24549.6,64777.07522935778,1100.0,1292,74,north Moravia,0,0,1,1,1.0,10673,0.1,0.6900000000000004,-0.0013431315033809,False,46,40-49,3.0,3.0
1,5989,4852,213300,36,5925,47,monthly issuance,5860,5860,False,47,Male,27341.3,27951.91355932204,400.0,4663,47,east Bohemia,83,26,6,6,0.728,9538,0.111,0.3,-0.0041148972813384,False,32,30-39,3.0,3.0
1,6698,8327,247728,48,5161,1,weekly issuance,9974,10282,False,1,Male,52551.7,60054.734,200.0,9060,1,Prague,0,0,1,1,1.0,12541,0.167,0.14,0.0111456629428699,False,17,0-19,2.0,4.0
1,5312,1772,202788,36,5633,31,weekly issuance,2148,2148,False,31,Female,81623.6,57124.26835443037,1100.0,-37324,31,west Bohemia,34,12,4,4,0.5920000000000001,8930,0.108,0.6800000000000002,0.002416541617134,False,43,40-49,2.0,0.0
1,7189,10728,154656,48,3222,71,monthly issuance,12882,13190,False,71,Male,37180.5,31791.32808988764,1000.0,-15560,71,north Moravia,5,35,15,10,0.6970000000000001,8678,0.102,-0.3599999999999994,-0.0023879375042641,False,39,30-39,1.0,2.0
-1,6816,9017,100224,48,2088,70,monthly issuance,10797,11105,False,70,Female,31387.1,28124.93333333333,700.0,-6247,70,north Moravia,0,2,13,7,0.899,10177,0.081,1.12,0.0008059231850084,False,39,30-39,0.0,2.0
1,6137,5574,44628,12,3719,13,weekly issuance,6731,6731,False,13,Male,80439.7,49477.32123287671,900.0,-38237,13,central Bohemia,61,22,2,2,0.413,8598,0.123,0.4899999999999997,0.0051556907327386,False,52,50-59,1.0,0.0
-1,5128,808,215616,48,4492,69,monthly issuance,968,968,False,69,Male,8640.6,21447.624590163938,-3424.6,864,69,north Moravia,4,13,6,3,0.484,8173,0.124,1.0602370158708665,-0.0051739073122651,False,39,30-39,2.0,3.0
1,5470,2456,200976,48,4187,65,monthly issuance,2966,2966,False,65,Male,47431.4,47938.06571428571,600.0,-17182,65,south Moravia,101,41,5,4,0.437,8403,0.105,-0.0200000000000004,0.0049124343257443,False,41,40-49,2.0,2.0
-1,5593,3037,277884,36,7719,44,monthly issuance,3670,3670,False,44,Female,11614.0,46487.00256410256,1000.0,504,44,east Bohemia,77,26,9,7,0.53,8254,0.097,0.9699999999999998,0.001505596272939,False,16,0-19,4.0,3.0
1,5350,1967,249312,48,5194,26,weekly issuance,2392,2392,False,26,Male,55426.5,35914.855,900.0,9360,26,west Bohemia,0,0,1,1,1.0,10787,0.131,0.4499999999999997,0.0012907086577216,False,41,40-49,2.0,4.0
-1,6063,5213,320976,48,6687,1,monthly issuance,6299,6299,False,1,Male,46462.2,49482.96800000001,1000.0,-43825,1,Prague,0,0,1,1,1.0,12541,0.167,0.14,0.0111456629428699,False,60,60-69,3.0,0.0
-1,6501,7418,30276,12,2523,21,monthly issuance,8888,9196,False,21,Female,24930.3,31318.872826086943,1000.0,-14385,21,south Bohemia,87,16,8,7,0.67,9104,0.123,0.5599999999999998,0.0005321876784038,False,57,50-59,1.0,2.0
1,5452,2352,49440,60,824,70,monthly issuance,2843,2843,False,70,Female,45021.6,47798.86545454544,300.0,7121,70,north Moravia,0,2,13,7,0.899,10177,0.081,1.12,0.0008059231850084,False,30,30-39,0.0,4.0
-1,4961,19,30276,12,2523,21,monthly issuance,25,25,False,21,Female,15854.0,25197.0925,715.0,-15083,21,south Bohemia,87,16,8,7,0.67,9104,0.123,0.5599999999999998,0.0005321876784038,False,57,50-59,1.0,2.0
1,4973,67,165960,24,6915,16,monthly issuance,78,78,False,16,Female,23703.8,52523.2448,700.0,-36296,16,south Bohemia,74,21,11,8,0.569,8427,0.107,0.4199999999999999,0.0004151983903077,False,52,50-59,3.0,0.0
1,6190,5794,123600,60,2060,70,monthly issuance,7010,7010,True,70,Male,15505.6,39514.67755102041,300.0,1550,70,north Moravia,0,2,13,7,0.899,10177,0.081,1.12,0.0008059231850084,False,29,21-29,0.0,3.0
1,6715,8411,220620,60,3677,20,monthly issuance,10081,10389,False,20,Female,26428.9,36907.45625,1100.0,-15878,20,south Bohemia,94,14,4,4,0.584,8547,0.12,0.9900000000000002,-0.000297256744897,False,53,50-59,1.0,2.0
-1,5892,4462,66480,24,2770,73,weekly issuance,5384,5384,False,73,Male,34891.2,34798.28,900.0,6978,73,north Moravia,17,49,14,7,0.564,8746,0.09,0.4100000000000001,0.0004285078587242,False,61,60-69,1.0,4.0
1,6550,7614,320592,48,6679,62,monthly issuance,9119,9427,True,62,Female,69148.6,60781.30681818181,500.0,-38133,62,south Moravia,22,41,15,5,0.407,8544,0.109,0.5700000000000001,0.0012835648783702,True,26,21-29,3.0,0.0
1,5706,3608,161496,36,4486,72,weekly issuance,4352,4352,False,72,Male,29371.5,33219.90000000001,500.0,4225,72,north Moravia,32,50,11,4,0.626,8994,0.11,0.9900000000000002,-0.0020519896339144,False,25,21-29,2.0,3.0
1,5148,940,284280,60,4738,37,monthly issuance,1133,1133,True,37,Female,94617.3,64182.64148936169,300.0,-35733,37,north Bohemia,71,26,8,9,0.623,9065,0.123,0.9299999999999996,0.0001666578951984,False,38,30-39,2.0,0.0
1,6734,8547,173016,36,4806,14,weekly issuance,10235,10543,False,14,Female,88331.6,61799.24361702125,300.0,8030,14,south Bohemia,69,27,11,9,0.748,10045,0.135,0.29,-0.0017390227705052,False,51,50-59,2.0,4.0
1,6109,5422,368880,60,6148,66,monthly issuance,6544,6544,True,66,Male,105727.0,60030.74340659339,1100.0,8955,66,south Moravia,151,41,5,5,0.483,8512,0.102,0.6100000000000003,-0.0011443829868395,False,22,21-29,3.0,4.0
1,6961,9645,176148,36,4893,38,monthly issuance,11565,11873,False,38,Female,53592.6,47154.5,1100.0,-17186,38,north Bohemia,41,23,6,4,0.598,8965,0.104,1.1500000000000004,0.0019685039370078,False,33,30-39,2.0,2.0
1,6810,9006,186384,48,3883,40,weekly issuance,10785,11093,False,40,Male,21033.8,61578.301578947365,700.0,5108,40,north Bohemia,9,16,9,8,0.853,9317,0.097,0.5800000000000001,-0.0006010084453394,False,37,30-39,1.0,3.0
1,5494,2572,360000,48,7500,64,issuance after transaction,3103,3103,False,64,Female,64765.2,51149.65514705882,600.0,-50549,64,south Moravia,29,41,12,10,0.747,9624,0.145,0.71,-0.001111116748436,False,23,21-29,4.0,0.0
1,5311,1766,30060,60,501,28,monthly issuance,2141,2141,False,28,Male,48523.3,37213.407526881725,500.0,7487,28,west Bohemia,66,26,10,8,0.369,8594,0.112,0.3899999999999997,-0.0007581919190526,True,45,40-49,0.0,4.0
1,5445,2322,46320,24,1930,33,monthly issuance,2809,2809,False,33,Male,26652.7,43657.81348314607,900.0,7246,33,north Bohemia,24,17,10,11,0.847,8705,0.116,1.8600000000000003,0.0015623014419519,False,17,0-19,0.0,4.0
1,5301,1698,141948,36,3943,68,monthly issuance,2063,2063,False,68,Female,47239.7,32592.68,800.0,11809,68,north Moravia,15,40,20,6,0.5720000000000001,9893,0.096,0.6299999999999999,0.0011536041389918,False,46,40-49,1.0,4.0
1,7034,10001,19044,36,529,24,monthly issuance,11995,12303,False,24,Female,50167.6,43121.75507246376,600.0,3583,24,west Bohemia,25,21,8,8,0.8,8991,0.128,0.6199999999999999,0.0006117305449295,False,22,21-29,0.0,3.0
1,6751,8680,85716,36,2381,17,monthly issuance,10394,10702,True,17,Male,36516.9,31337.25789473684,800.0,-8412,17,south Bohemia,99,15,6,7,0.614,8114,0.119,0.2400000000000002,0.0024033917528557,False,58,50-59,1.0,2.0
1,6667,8127,155880,24,6495,37,monthly issuance,9732,10040,True,37,Female,44564.6,63263.1471830986,1000.0,8449,37,north Bohemia,71,26,8,9,0.623,9065,0.123,0.9299999999999996,0.0001666578951984,False,28,21-29,3.0,4.0
1,6130,5541,32640,48,680,43,monthly issuance,6691,6691,False,43,Male,18800.0,25906.40934579439,300.0,3761,43,east Bohemia,73,21,7,6,0.763,9425,0.125,0.78,-0.0011986110939488,False,54,50-59,0.0,3.0
1,5429,2268,20196,36,561,1,monthly issuance,2746,2746,False,1,Male,65684.6,52636.598958333336,200.0,7796,1,Prague,0,0,1,1,1.0,12541,0.167,0.14,0.0111456629428699,False,25,21-29,0.0,4.0
1,5725,3679,444864,48,9268,64,monthly issuance,4434,4434,True,64,Male,41743.9,32404.7734375,800.0,7987,64,south Moravia,29,41,12,10,0.747,9624,0.145,0.71,-0.001111116748436,False,32,30-39,4.0,4.0
1,6019,5033,11400,12,950,54,monthly issuance,6077,6077,False,54,Female,27820.2,27533.66363636364,300.0,5435,54,south Moravia,0,0,1,1,1.0,9897,0.14,0.3599999999999999,-6.450447661067678e-05,False,16,0-19,0.0,3.0
1,6421,6985,96768,36,2688,38,monthly issuance,8432,8432,True,38,Female,37396.4,51611.342424242415,900.0,10797,38,north Bohemia,41,23,6,4,0.598,8965,0.104,1.1500000000000004,0.0019685039370078,False,29,21-29,1.0,4.0
1,6992,9790,133968,48,2791,52,monthly issuance,11742,12050,True,52,Male,34729.5,46772.31518987341,200.0,15139,52,east Bohemia,59,41,11,10,0.619,8363,0.108,0.9700000000000002,0.0016905015394354,True,53,50-59,1.0,4.0
1,5136,846,187104,24,7796,72,monthly issuance,1020,1020,False,72,Female,133377.7,66292.372,300.0,17375,72,north Moravia,32,50,11,4,0.626,8994,0.11,0.9900000000000002,-0.0020519896339144,False,19,0-19,4.0,4.0
1,5337,1886,162468,36,4513,32,monthly issuance,2288,2288,True,32,Female,74638.8,51279.553333333344,700.0,-14855,32,north Bohemia,32,19,9,10,0.81,9272,0.118,0.4200000000000004,0.0015705610234346,False,39,30-39,2.0,2.0
1,5495,2580,89340,60,1489,60,monthly issuance,3113,3113,True,60,Female,41522.6,39644.76363636364,500.0,7400,60,south Moravia,49,41,5,4,0.519,8441,0.115,1.0300000000000002,0.0033712028777238,False,25,21-29,0.0,4.0
1,7013,9928,89340,60,1489,60,monthly issuance,11912,12220,True,60,Female,42227.6,40005.48181818182,500.0,7478,60,south Moravia,49,41,5,4,0.519,8441,0.115,1.0300000000000002,0.0033712028777238,False,25,21-29,0.0,4.0
1,6012,4994,258444,36,7179,1,weekly issuance,6033,6033,False,1,Male,53892.1,40688.1375,600.0,7698,1,Prague,0,0,1,1,1.0,12541,0.167,0.14,0.0111456629428699,False,30,30-39,3.0,4.0
1,6471,7184,155640,24,6485,5,monthly issuance,8670,8670,False,5,Female,40494.6,45183.34952380952,500.0,6929,5,central Bohemia,65,30,5,6,0.514,9307,0.118,0.5799999999999996,0.0044344042838018,False,54,50-59,3.0,4.0
1,6296,6358,270384,48,5633,3,monthly issuance,7678,7678,False,3,Male,57835.1,47654.24482758621,700.0,-24603,3,central Bohemia,55,26,5,5,0.417,8980,0.111,0.26,-0.0001462143768609,False,34,30-39,2.0,1.0
1,7305,11359,54024,12,4502,61,monthly issuance,13660,13968,False,61,Male,25697.2,36480.185034013615,1000.0,-24614,61,south Moravia,139,28,6,6,0.5379999999999999,8814,0.107,0.9800000000000004,-0.0004495449417712,True,28,21-29,2.0,1.0
1,6144,5593,44376,12,3698,15,monthly issuance,6753,6753,False,15,Male,68241.5,53505.21538461538,800.0,15406,15,south Bohemia,22,16,8,5,0.519,9045,0.124,0.4700000000000002,0.0005782706306551,False,34,30-39,1.0,4.0
1,6283,6289,85632,48,1784,64,monthly issuance,7594,7594,False,64,Female,99938.7,65066.73529411766,800.0,5878,64,south Moravia,29,41,12,10,0.747,9624,0.145,0.71,-0.001111116748436,False,47,40-49,0.0,3.0
1,7246,11054,148920,60,2482,59,weekly issuance,13282,13590,False,59,Male,15278.6,32435.319354838703,400.0,-8841,59,south Moravia,41,29,9,6,0.621,8444,0.106,0.2299999999999999,-0.0026637029144583,False,19,0-19,1.0,2.0
1,5088,544,91152,24,3798,32,monthly issuance,655,655,False,32,Male,39378.8,44829.54415584415,400.0,-21040,32,north Bohemia,32,19,9,10,0.81,9272,0.118,0.4200000000000004,0.0015705610234346,True,54,50-59,1.0,1.0
1,5988,4851,141648,24,5902,52,monthly issuance,5858,5858,True,52,Male,88710.1,45100.42222222222,200.0,12672,52,east Bohemia,59,41,11,10,0.619,8363,0.108,0.9700000000000002,0.0016905015394354,False,44,40-49,3.0,4.0
-1,5282,1583,388512,48,8094,69,issuance after transaction,1917,1917,False,69,Female,38697.3,21371.320000000003,-2838.8,1842,69,north Moravia,4,13,6,3,0.484,8173,0.124,1.0602370158708665,-0.0051739073122651,False,27,21-29,4.0,3.0
1,5938,4650,402000,60,6700,4,monthly issuance,5606,5606,False,4,Male,17232.1,21568.935185185197,200.0,3696,4,central Bohemia,63,29,8,6,0.674,9753,0.109,0.4100000000000001,0.0043230837997771,False,16,0-19,3.0,3.0
-1,5606,3084,253512,36,7042,59,weekly issuance,3730,3730,False,59,Female,13318.4,37095.84482758621,300.0,1902,59,south Moravia,41,29,9,6,0.621,8444,0.106,0.2299999999999999,-0.0026637029144583,False,51,50-59,3.0,3.0
1,5385,2143,71460,36,1985,1,monthly issuance,2592,2592,True,1,Female,49648.9,49220.9806451613,700.0,8930,1,Prague,0,0,1,1,1.0,12541,0.167,0.14,0.0111456629428699,False,16,0-19,0.0,4.0
-1,6865,9199,29448,12,2454,72,monthly issuance,11019,11327,False,72,Male,43790.6,28977.436363636363,800.0,-5620,72,north Moravia,32,50,11,4,0.626,8994,0.11,0.9900000000000002,-0.0020519896339144,False,49,40-49,1.0,2.0
1,5586,2994,48744,36,1354,77,monthly issuance,3616,3616,False,77,Female,62891.3,42930.20714285715,900.0,12578,77,north Moravia,8,35,15,4,0.535,8909,0.113,1.5499999999999998,0.0008751556767309,False,32,30-39,0.0,4.0
1,6302,6397,181020,60,3017,48,monthly issuance,7723,7723,True,48,Female,45526.0,34005.90645161291,500.0,-17245,48,east Bohemia,50,24,9,9,0.59,9060,0.124,0.6599999999999999,0.0007852574251155,False,30,30-39,1.0,2.0
1,7194,10762,68832,36,1912,1,monthly issuance,12923,13231,False,1,Male,51540.7,37557.05471698113,700.0,7650,1,Prague,0,0,1,1,1.0,12541,0.167,0.14,0.0111456629428699,False,37,30-39,0.0,4.0
1,6461,7136,74124,36,2059,12,weekly issuance,8615,8615,False,12,Female,25658.0,54371.29918032787,400.0,3785,12,central Bohemia,84,29,7,6,0.58,8754,0.137,0.4799999999999995,0.0005933067581347,False,57,50-59,0.0,3.0
1,6732,8533,174048,48,3626,47,monthly issuance,10220,10528,False,47,Female,54140.4,72968.38115942031,600.0,4511,47,east Bohemia,83,26,6,6,0.728,9538,0.111,0.3,-0.0041148972813384,False,45,40-49,1.0,3.0
1,6613,7926,84120,24,3505,69,weekly issuance,9490,9798,False,69,Female,45528.9,56910.6894736842,900.0,15988,69,north Moravia,4,13,6,3,0.484,8173,0.124,1.0602370158708665,-0.0051739073122651,False,47,40-49,1.0,4.0
1,7036,10019,194940,36,5415,8,monthly issuance,12017,12325,False,8,Male,34212.3,56669.78791208792,600.0,2138,8,central Bohemia,95,19,8,8,0.6940000000000001,11277,0.127,0.1899999999999999,-0.0017132913933877,False,32,30-39,2.0,3.0
1,5897,4476,15192,24,633,24,monthly issuance,5399,5399,False,24,Female,17351.9,29941.905325443782,500.0,6397,24,west Bohemia,25,21,8,8,0.8,8991,0.128,0.6199999999999999,0.0006117305449295,False,24,21-29,0.0,3.0
1,6995,9814,96168,12,8014,64,weekly issuance,11771,12079,False,64,Female,3609.3,50492.688590604026,600.0,171,64,south Moravia,29,41,12,10,0.747,9624,0.145,0.71,-0.001111116748436,False,24,21-29,4.0,3.0
-1,5415,2236,139464,36,3874,73,monthly issuance,2708,2708,False,73,Male,41662.8,31532.74838709678,300.0,3204,73,north Moravia,17,49,14,7,0.564,8746,0.09,0.4100000000000001,0.0004285078587242,False,38,30-39,1.0,3.0
1,7136,10436,54396,36,1511,60,monthly issuance,12532,12840,False,60,Male,36208.8,30293.70869565218,800.0,6034,60,south Moravia,49,41,5,4,0.519,8441,0.115,1.0300000000000002,0.0033712028777238,False,57,50-59,0.0,3.0
1,7271,11186,392460,60,6541,12,monthly issuance,13442,13750,True,12,Female,53259.7,57131.740559440565,900.0,-30960,12,central Bohemia,84,29,7,6,0.58,8754,0.137,0.4799999999999995,0.0005933067581347,False,16,0-19,3.0,1.0
1,5375,2106,101520,12,8460,1,monthly issuance,2550,2550,False,1,Female,16720.8,26449.09210526316,400.0,3824,1,Prague,0,0,1,1,1.0,12541,0.167,0.14,0.0111456629428699,False,20,21-29,4.0,3.0
1,5635,3230,77184,36,2144,1,monthly issuance,3907,3907,False,1,Female,22446.0,50722.27012987013,200.0,1181,1,Prague,0,0,1,1,1.0,12541,0.167,0.14,0.0111456629428699,False,42,40-49,0.0,3.0
1,6817,9024,70656,48,1472,1,monthly issuance,10806,11114,False,1,Male,22476.1,32646.85094339623,600.0,5283,1,Prague,0,0,1,1,1.0,12541,0.167,0.14,0.0111456629428699,False,44,40-49,0.0,3.0
1,5923,4585,64656,48,1347,27,monthly issuance,5526,5526,True,27,Male,44749.0,25896.466666666664,200.0,11187,27,west Bohemia,71,19,10,7,0.4379999999999999,8561,0.11,0.64,0.0014562096941959,False,50,50-59,0.0,4.0
1,5329,1862,396120,60,6602,19,weekly issuance,2259,2259,False,19,Female,88610.1,58855.27789473683,500.0,-37988,19,south Bohemia,50,11,4,4,0.527,8402,0.12,0.8500000000000001,0.0019444660496227,False,47,40-49,3.0,0.0
1,6644,8039,93600,24,3900,9,monthly issuance,9622,9930,False,9,Male,26235.8,40078.70727272726,900.0,5081,9,central Bohemia,61,23,6,6,0.5529999999999999,8899,0.149,0.5800000000000001,-0.0061467348544453,False,24,21-29,1.0,3.0
1,6354,6688,22968,36,638,16,monthly issuance,8076,8076,False,16,Female,38831.0,23324.936363636363,1000.0,9707,16,south Bohemia,74,21,11,8,0.569,8427,0.107,0.4199999999999999,0.0004151983903077,False,46,40-49,0.0,4.0
1,5082,501,262980,60,4383,13,monthly issuance,603,603,False,13,Female,76081.3,41729.61607142857,900.0,6340,13,central Bohemia,61,22,2,2,0.413,8598,0.123,0.4899999999999997,0.0051556907327386,False,31,30-39,2.0,3.0
1,6585,7795,372120,60,6202,64,monthly issuance,9333,9641,True,64,Male,46580.5,64044.04593023256,500.0,2117,64,south Moravia,29,41,12,10,0.747,9624,0.145,0.71,-0.001111116748436,False,52,50-59,3.0,3.0
1,6921,9422,86184,12,7182,70,monthly issuance,11288,11596,False,70,Female,43157.5,59935.27142857144,300.0,-39177,70,north Moravia,0,2,13,7,0.899,10177,0.081,1.12,0.0008059231850084,False,56,50-59,3.0,0.0
1,5366,2062,86184,12,7182,70,monthly issuance,2501,2501,False,70,Female,39660.8,60273.67857142856,300.0,-39614,70,north Moravia,0,2,13,7,0.899,10177,0.081,1.12,0.0008059231850084,False,56,50-59,3.0,0.0
1,5886,4447,192744,36,5354,62,monthly issuance,5364,5364,True,62,Male,27799.1,62590.42307692308,200.0,6949,62,south Moravia,22,41,15,5,0.407,8544,0.109,0.5700000000000001,0.0012835648783702,False,33,30-39,2.0,4.0
1,5741,3754,68544,24,2856,37,weekly issuance,4529,4529,True,37,Male,23729.8,44948.62592592592,900.0,-22624,37,north Bohemia,71,26,8,9,0.623,9065,0.123,0.9299999999999996,0.0001666578951984,False,20,21-29,1.0,1.0
1,4996,132,88440,12,7370,40,issuance after transaction,158,158,True,40,Female,79007.6,62778.09032258067,200.0,13151,40,north Bohemia,9,16,9,8,0.853,9317,0.097,0.5800000000000001,-0.0006010084453394,False,51,50-59,3.0,4.0
1,6015,5001,110112,24,4588,53,monthly issuance,6042,6042,False,53,Male,135658.1,76232.70000000001,700.0,14782,53,south Moravia,88,33,8,7,0.509,8240,0.099,1.0300000000000002,0.0004911454809982,False,33,30-39,2.0,4.0
1,6309,6434,110136,24,4589,1,monthly issuance,7765,7765,False,1,Female,40746.5,50815.80476190477,400.0,3689,1,Prague,0,0,1,1,1.0,12541,0.167,0.14,0.0111456629428699,False,39,30-39,2.0,3.0
1,6073,5263,276300,60,4605,64,monthly issuance,6359,6359,False,64,Male,27578.1,25997.563043478265,500.0,4439,64,south Moravia,29,41,12,10,0.747,9624,0.145,0.71,-0.001111116748436,False,20,21-29,2.0,3.0
1,6006,4948,359760,60,5996,43,monthly issuance,5977,5977,False,43,Male,39959.4,32434.69375,900.0,3674,43,east Bohemia,73,21,7,6,0.763,9425,0.125,0.78,-0.0011986110939488,False,17,0-19,3.0,3.0
1,5611,3115,321180,60,5353,14,monthly issuance,3767,3767,True,14,Male,37183.5,40524.46315789474,700.0,-22118,14,south Bohemia,69,27,11,9,0.748,10045,0.135,0.29,-0.0017390227705052,False,60,60-69,2.0,1.0
1,6944,9548,46176,48,962,62,monthly issuance,11446,11754,False,62,Male,38725.1,33613.105882352946,1000.0,8056,62,south Moravia,22,41,15,5,0.407,8544,0.109,0.5700000000000001,0.0012835648783702,False,30,30-39,0.0,4.0
1,7101,10297,421008,48,8771,14,monthly issuance,12354,12662,False,14,Male,31168.0,37436.422,600.0,9058,14,south Bohemia,69,27,11,9,0.748,10045,0.135,0.29,-0.0017390227705052,False,43,40-49,4.0,4.0
1,6599,7859,72120,12,6010,52,monthly issuance,9409,9717,True,52,Female,98631.7,75686.06568627452,1000.0,-32222,52,east Bohemia,59,41,11,10,0.619,8363,0.108,0.9700000000000002,0.0016905015394354,False,44,40-49,3.0,1.0
1,6940,9510,228276,36,6341,1,monthly issuance,11401,11709,True,1,Male,53707.9,41402.135,500.0,8951,1,Prague,0,0,1,1,1.0,12541,0.167,0.14,0.0111456629428699,False,35,30-39,3.0,4.0
1,5209,1250,182640,48,3805,62,monthly issuance,1509,1509,False,62,Female,23898.3,37802.23,600.0,-16213,62,south Moravia,22,41,15,5,0.407,8544,0.109,0.5700000000000001,0.0012835648783702,False,55,50-59,1.0,2.0
1,5388,2153,61560,12,5130,31,weekly issuance,2606,2606,False,31,Male,20051.1,32967.71267605635,200.0,-21478,31,west Bohemia,34,12,4,4,0.5920000000000001,8930,0.108,0.6800000000000002,0.002416541617134,False,54,50-59,2.0,1.0
1,6011,4981,179328,48,3736,54,monthly issuance,6015,6015,False,54,Male,36074.7,44093.97115384616,200.0,6565,54,south Moravia,0,0,1,1,1.0,9897,0.14,0.3599999999999999,-6.450447661067678e-05,False,23,21-29,1.0,3.0
1,5591,3021,155616,48,3242,10,monthly issuance,3649,3649,False,10,Female,24447.1,39426.07,300.0,-15179,10,central Bohemia,55,29,7,5,0.467,10124,0.141,-0.02,0.0054949828417531,False,37,30-39,1.0,2.0
1,7154,10520,417600,60,6960,55,issuance after transaction,12635,12943,False,55,Male,58638.6,43196.74411764707,200.0,4188,55,south Moravia,49,70,18,9,0.3389999999999999,8743,0.111,0.5500000000000003,0.0014964149717909,True,26,21-29,3.0,3.0
1,7130,10411,123408,24,5142,39,issuance after transaction,12502,12810,False,39,Male,8357.1,28359.255384615382,700.0,7511,39,north Bohemia,17,4,5,4,0.899,10446,0.09,2.0600000000000005,-0.0017014888027023,True,32,30-39,2.0,4.0
1,6818,9030,155616,48,3242,72,monthly issuance,10813,11121,True,72,Female,60694.1,44197.50988372093,200.0,5313,72,north Moravia,32,50,11,4,0.626,8994,0.11,0.9900000000000002,-0.0020519896339144,False,26,21-29,1.0,3.0
-1,5625,3189,222180,60,3703,29,monthly issuance,3855,3855,False,29,Male,59578.8,55230.444067796605,800.0,4583,29,west Bohemia,52,10,6,6,0.556,8843,0.113,0.7800000000000002,0.0015312595703723,False,58,50-59,1.0,3.0
1,6805,8972,45024,48,938,70,monthly issuance,10742,11050,False,70,Female,38384.3,41994.907692307694,800.0,8387,70,north Moravia,0,2,13,7,0.899,10177,0.081,1.12,0.0008059231850084,False,40,40-49,0.0,4.0
1,7233,10963,115812,36,3217,16,monthly issuance,13172,13480,False,16,Male,41878.1,56646.51612903225,1100.0,2204,16,south Bohemia,74,21,11,8,0.569,8427,0.107,0.4199999999999999,0.0004151983903077,False,44,40-49,1.0,3.0
1,7308,11362,129408,24,5392,67,monthly issuance,13663,13971,False,67,Female,24199.5,30869.781308411217,1000.0,5510,67,north Moravia,38,25,8,6,0.631,8110,0.109,0.7800000000000002,-0.0015558111905255,False,34,30-39,2.0,3.0
