status,loan_id,account_id,loan_amount,loan_duration,loan_payments,account_district_id,disp_id,client_id,has_disponent,client_district_id,gender,last_balance,mean_balance,min_balance,negative_balance,monthly_diff,code,region,no. of municipalities with inhabitants < 499,no. of municipalities with inhabitants 500-1999,no. of municipalities with inhabitants > 2000,no. of cities ,ratio of urban inhabitants,average salary,ratio enterpreneurs,unemploymant rate growth,crime rate growth,has_card,age_on_loan_request,age_on_loan_request_disc,loan_payments_disc,monthly_diff_disc,a_freq_issuance_after_transaction,a_freq_monthly_issuance,a_freq_weekly_issuance
,5895,4473,93960,60,1566,45,5395,5395,False,45,1.0,49548.5,54520.20224719101,800.0,0.0,8970,45,2.0,85,19,7,5,0.535,8390,0.132,0.6100000000000003,0.0005390351271224,False,35,2.0,0.0,4.0,0.0,1.0,0.0
,7122,10365,260640,36,7240,22,12448,12756,False,22,0.0,11565.4,31518.18205128205,-718.6,1.0,4830,22,7.0,65,16,5,6,0.524,8620,0.1,0.1499999999999999,0.0004794520547945,False,48,3.0,3.0,3.0,0.0,1.0,0.0
,6173,5724,232560,48,4845,14,6922,6922,False,14,0.0,45754.0,40175.6125,200.0,0.0,-24751,14,5.0,69,27,11,9,0.748,10045,0.135,0.29,-0.0017390227705052,False,58,4.0,2.0,1.0,1.0,0.0,0.0
,6142,5591,221880,60,3698,9,6749,6749,True,9,0.0,41785.4,44440.91267605633,1000.0,0.0,-18389,9,1.0,61,23,6,6,0.5529999999999999,8899,0.149,0.5800000000000001,-0.0061467348544453,False,53,4.0,1.0,2.0,0.0,1.0,0.0
,5358,2018,38520,12,3210,42,2451,2451,False,42,1.0,16514.3,20231.313157894736,900.0,0.0,3191,42,2.0,87,25,7,7,0.591,8388,0.087,0.5299999999999998,0.0001042676759777,False,57,4.0,1.0,3.0,0.0,1.0,0.0
,6095,5358,68340,60,1139,4,6469,6469,False,4,1.0,60756.7,41735.4201754386,500.0,0.0,9201,4,1.0,63,29,8,6,0.674,9753,0.109,0.4100000000000001,0.0043230837997771,False,44,3.0,0.0,4.0,0.0,1.0,0.0
,6878,9242,23184,12,1932,57,11073,11381,False,57,0.0,42501.4,36729.80172413793,200.0,0.0,3863,57,6.0,21,37,23,8,0.48,8720,0.116,0.77,-0.0004816182372772,False,18,0.0,0.0,3.0,0.0,1.0,0.0
,6554,7637,390096,48,8127,46,9149,9457,True,46,1.0,44278.0,44346.15625,900.0,0.0,8855,46,2.0,48,20,10,10,0.735,8369,0.117,0.52,-0.0020938877995546,False,18,0.0,4.0,4.0,0.0,1.0,0.0
,6793,8931,186300,60,3105,63,10696,11004,False,63,1.0,26264.0,62765.8655462185,200.0,0.0,7588,63,6.0,38,36,6,5,0.505,8288,0.11,0.7299999999999995,-0.0011790135586559,False,49,3.0,1.0,4.0,0.0,0.0,1.0
,7286,11271,67320,36,1870,5,13544,13852,False,5,1.0,19757.5,26491.78018018018,200.0,0.0,-4523,5,1.0,65,30,5,6,0.514,9307,0.118,0.5799999999999996,0.0044344042838018,False,25,1.0,0.0,3.0,0.0,1.0,0.0
,6076,5269,117420,60,1957,49,6366,6366,False,49,1.0,24539.8,40841.79534883721,500.0,0.0,5806,49,2.0,31,28,6,9,0.608,8208,0.155,0.3699999999999999,0.006117460527185,False,31,2.0,0.0,3.0,0.0,1.0,0.0
,5134,825,53076,12,4423,19,992,992,False,19,1.0,21080.3,33129.40307692308,500.0,0.0,6952,19,5.0,50,11,4,4,0.527,8402,0.12,0.8500000000000001,0.0019444660496227,False,49,3.0,2.0,4.0,0.0,1.0,0.0
,5419,2246,415800,60,6930,1,2720,2720,False,1,0.0,13480.4,44265.27297297297,700.0,0.0,1348,1,0.0,0,0,1,1,1.0,12541,0.167,0.14,0.0111456629428699,False,47,3.0,3.0,3.0,0.0,1.0,0.0
,6255,6158,247920,48,5165,67,7435,7435,False,67,0.0,23990.1,23594.146666666664,200.0,0.0,2665,67,4.0,38,25,8,6,0.631,8110,0.109,0.7800000000000002,-0.0015558111905255,False,40,3.0,2.0,3.0,0.0,1.0,0.0
,5656,3353,146064,24,6086,74,4055,4055,False,74,0.0,45020.6,44355.04090909091,200.0,0.0,7572,74,4.0,0,0,1,1,1.0,10673,0.1,0.6900000000000004,-0.0013431315033809,False,44,3.0,3.0,4.0,0.0,1.0,0.0
,6934,9494,116832,12,9736,21,11378,11686,True,21,0.0,20739.0,23391.68913043478,400.0,0.0,4941,21,5.0,87,16,8,7,0.67,9104,0.123,0.5599999999999998,0.0005321876784038,False,48,3.0,4.0,3.0,0.0,1.0,0.0
,6028,5072,317520,60,5292,6,6122,6122,False,6,0.0,38678.7,56757.3095890411,1100.0,0.0,9362,6,1.0,60,23,6,4,0.515,8546,0.126,1.0699999999999994,0.0061567666713697,False,29,1.0,2.0,4.0,0.0,1.0,0.0
,6490,7262,73260,60,1221,70,8764,8764,False,70,0.0,28038.0,33927.08571428571,900.0,0.0,4989,70,4.0,0,2,13,7,0.899,10177,0.081,1.12,0.0008059231850084,False,57,4.0,0.0,3.0,0.0,1.0,0.0
,6415,6950,475680,48,9910,36,8392,8392,True,36,0.0,46505.3,40812.49166666666,700.0,0.0,11626,36,3.0,29,19,9,9,0.852,9198,0.131,0.9500000000000002,0.0021050389369553,False,31,2.0,4.0,4.0,0.0,1.0,0.0
,7087,10215,44304,24,1846,38,12253,12561,False,38,1.0,46446.1,42830.995238095245,300.0,0.0,6553,38,3.0,41,23,6,4,0.598,8965,0.104,1.1500000000000004,0.0019685039370078,False,31,2.0,0.0,4.0,0.0,1.0,0.0
,5420,2247,72504,24,3021,24,2721,2721,False,24,0.0,17104.4,45374.64242424244,600.0,0.0,4538,24,7.0,25,21,8,8,0.8,8991,0.128,0.6199999999999999,0.0006117305449295,False,47,3.0,1.0,3.0,0.0,1.0,0.0
,5977,4803,59136,48,1232,26,5801,5801,False,26,0.0,22740.4,23023.65909090909,6620.0,0.0,2526,26,7.0,0,0,1,1,1.0,10787,0.131,0.4499999999999997,0.0012907086577216,False,17,0.0,0.0,3.0,0.0,1.0,0.0
,6824,9052,71976,24,2999,43,10841,11149,False,43,1.0,85375.5,39870.4112781955,-8245.1,1.0,4743,43,2.0,73,21,7,6,0.763,9425,0.125,0.78,-0.0011986110939488,False,32,2.0,1.0,3.0,1.0,0.0,0.0
,5207,1244,35904,48,748,68,1501,1501,False,68,1.0,17662.3,22981.05593220339,900.0,0.0,3255,68,4.0,15,40,20,6,0.5720000000000001,9893,0.096,0.6299999999999999,0.0011536041389918,False,51,4.0,0.0,3.0,0.0,1.0,0.0
,7115,10351,88704,48,1848,23,12430,12738,True,23,0.0,13431.1,18675.060305343515,800.0,0.0,4218,23,7.0,21,11,7,9,0.855,8624,0.102,0.8700000000000001,0.0036490923025886,False,36,2.0,0.0,3.0,0.0,1.0,0.0
,7250,11069,119136,48,2482,37,13300,13608,False,37,0.0,45721.0,42572.4100840336,1100.0,0.0,2176,37,3.0,71,26,8,9,0.623,9065,0.123,0.9299999999999996,0.0001666578951984,False,34,2.0,1.0,3.0,0.0,1.0,0.0
,6010,4969,150180,60,2503,60,6001,6001,False,60,1.0,79230.1,50892.0,200.0,0.0,12505,60,6.0,49,41,5,4,0.519,8441,0.115,1.0300000000000002,0.0033712028777238,False,60,5.0,1.0,4.0,0.0,0.0,1.0
,6088,5317,90180,36,2505,28,6422,6422,False,28,1.0,36566.0,31516.346153846152,200.0,0.0,-6213,28,7.0,66,26,10,8,0.369,8594,0.112,0.3899999999999997,-0.0007581919190526,False,36,2.0,1.0,2.0,0.0,1.0,0.0
,5682,3455,67464,12,5622,34,4177,4177,False,34,1.0,59310.8,46016.19824561403,600.0,0.0,-31603,34,3.0,28,11,5,5,0.877,9675,0.1,1.25,-0.0010619949535277,False,61,5.0,2.0,1.0,0.0,1.0,0.0
,7201,10807,67464,12,5622,34,12977,13285,False,34,1.0,64497.2,48557.38070175439,600.0,0.0,-31171,34,3.0,28,11,5,5,0.877,9675,0.1,1.25,-0.0010619949535277,False,61,5.0,2.0,1.0,0.0,1.0,0.0
,6938,9504,341280,60,5688,9,11393,11701,False,9,1.0,68367.1,49678.36623376624,700.0,0.0,-34850,9,1.0,61,23,6,6,0.5529999999999999,8899,0.149,0.5800000000000001,-0.0061467348544453,True,48,3.0,2.0,1.0,0.0,1.0,0.0
,6875,9235,83280,48,1735,37,11063,11371,False,37,0.0,41045.9,39962.46618705036,700.0,0.0,1954,37,3.0,71,26,8,9,0.623,9065,0.123,0.9299999999999996,0.0001666578951984,False,55,4.0,0.0,3.0,0.0,1.0,0.0
,5953,4715,97176,24,4049,8,5684,5684,False,8,0.0,91941.4,66376.84999999999,400.0,0.0,-32056,8,1.0,95,19,8,8,0.6940000000000001,11277,0.127,0.1899999999999999,-0.0017132913933877,False,42,3.0,2.0,1.0,0.0,1.0,0.0
,5942,4681,162624,48,3388,70,5642,5642,False,70,0.0,39415.4,37092.94552238806,16399.9,0.0,-12482,70,4.0,0,2,13,7,0.899,10177,0.081,1.12,0.0008059231850084,False,39,2.0,1.0,2.0,0.0,1.0,0.0
,5382,2134,22932,36,637,52,2581,2581,False,52,0.0,49849.1,42536.88536585366,300.0,0.0,7640,52,2.0,59,41,11,10,0.619,8363,0.108,0.9700000000000002,0.0016905015394354,False,43,3.0,0.0,4.0,0.0,1.0,0.0
,6377,6792,17184,12,1432,1,8200,8200,False,1,0.0,40773.2,29906.531428571423,400.0,0.0,5884,1,0.0,0,0,1,1,1.0,12541,0.167,0.14,0.0111456629428699,False,53,4.0,0.0,3.0,0.0,1.0,0.0
,5931,4618,66696,24,2779,3,5565,5565,False,3,0.0,12551.9,51945.21627906976,1100.0,0.0,1568,3,1.0,55,26,5,5,0.417,8980,0.111,0.26,-0.0001462143768609,False,30,2.0,1.0,3.0,0.0,1.0,0.0
,5992,4863,76080,12,6340,5,5873,5873,False,5,0.0,70923.6,50621.10493827161,300.0,0.0,-26841,5,1.0,65,30,5,6,0.514,9307,0.118,0.5799999999999996,0.0044344042838018,True,18,0.0,3.0,1.0,0.0,1.0,0.0
,5790,4033,84288,48,1756,57,4861,4861,False,57,0.0,37381.6,29824.125,1000.0,0.0,9345,57,6.0,21,37,23,8,0.48,8720,0.116,0.77,-0.0004816182372772,False,19,0.0,0.0,4.0,0.0,1.0,0.0
,6753,8688,67980,12,5665,66,10406,10714,False,66,0.0,55705.9,34806.92142857143,400.0,0.0,13926,66,6.0,151,41,5,5,0.483,8512,0.102,0.6100000000000003,-0.0011443829868395,False,51,4.0,2.0,4.0,0.0,1.0,0.0
,6562,7674,94488,24,3937,1,9197,9505,False,1,1.0,70683.9,60311.76666666666,800.0,0.0,15480,1,0.0,0,0,1,1,1.0,12541,0.167,0.14,0.0111456629428699,False,39,2.0,2.0,4.0,0.0,1.0,0.0
,7046,10049,91632,12,7636,17,12050,12358,True,17,1.0,14930.1,17625.444285714293,300.0,0.0,3036,17,5.0,99,15,6,7,0.614,8114,0.119,0.2400000000000002,0.0024033917528557,False,54,4.0,4.0,3.0,0.0,1.0,0.0
,5868,4361,90156,12,7513,69,5253,5253,True,69,0.0,78119.7,77525.11692307693,700.0,0.0,-42534,69,4.0,4,13,6,3,0.484,8173,0.124,1.0602370158708665,-0.0051739073122651,False,50,4.0,3.0,0.0,0.0,1.0,0.0
,5784,3967,84600,36,2350,54,4786,4786,False,54,1.0,16915.7,41766.693750000006,900.0,0.0,2819,54,6.0,0,0,1,1,1.0,9897,0.14,0.3599999999999999,-6.450447661067678e-05,False,59,4.0,1.0,3.0,0.0,1.0,0.0
,5878,4415,74040,12,6170,73,5322,5322,False,73,0.0,35310.2,44234.82947368421,600.0,0.0,8548,73,4.0,17,49,14,7,0.564,8746,0.09,0.4100000000000001,0.0004285078587242,False,41,3.0,3.0,4.0,0.0,1.0,0.0
,5110,675,102240,60,1704,58,810,810,True,58,0.0,34768.4,29946.995238095245,900.0,0.0,6506,58,6.0,98,16,7,4,0.636,8757,0.096,0.5700000000000003,0.0023725770400498,False,52,4.0,0.0,4.0,0.0,1.0,0.0
,5210,1252,148140,36,4115,13,1511,1511,False,13,0.0,26252.2,40688.34830508475,1000.0,0.0,-24027,13,1.0,61,22,2,2,0.413,8598,0.123,0.4899999999999997,0.0051556907327386,False,35,2.0,2.0,1.0,0.0,0.0,1.0
,7230,10954,18720,60,312,25,13160,13468,True,25,1.0,44322.7,40748.34523809524,300.0,0.0,4923,25,7.0,60,33,5,10,0.617,8554,0.113,0.2099999999999999,0.004461619928569,False,36,2.0,0.0,3.0,0.0,1.0,0.0
,5005,176,27456,12,2288,71,215,215,False,71,1.0,36280.9,48780.096,800.0,0.0,7470,71,4.0,5,35,15,10,0.6970000000000001,8678,0.102,-0.3599999999999994,-0.0023879375042641,False,30,2.0,1.0,4.0,0.0,0.0,1.0
,6871,9225,164256,48,3422,11,11051,11359,True,11,1.0,23421.1,42341.63775510205,600.0,0.0,1463,11,1.0,35,36,9,7,0.365,9622,0.154,0.1399999999999999,0.0007139363010166,False,25,1.0,1.0,3.0,0.0,1.0,0.0
,5363,2051,293880,60,4898,64,2489,2489,False,64,0.0,-204.8,53227.14444444444,-2804.8,1.0,-12,64,6.0,29,41,12,10,0.747,9624,0.145,0.71,-0.001111116748436,False,22,1.0,2.0,3.0,0.0,0.0,1.0
,7253,11079,98304,12,8192,16,13312,13620,False,16,1.0,44345.5,66405.07079646018,300.0,0.0,-50781,16,5.0,74,21,11,8,0.569,8427,0.107,0.4199999999999999,0.0004151983903077,False,27,1.0,4.0,0.0,0.0,1.0,0.0
,6055,5181,399120,60,6652,75,6257,6257,False,75,0.0,18581.6,42435.31166666667,300.0,0.0,1238,75,4.0,67,30,6,5,0.6459999999999999,8819,0.099,0.2800000000000002,0.003202156021792,False,55,4.0,3.0,3.0,0.0,1.0,0.0
,5072,472,196800,24,8200,8,568,568,False,8,0.0,38166.1,58669.5043478261,300.0,0.0,-40234,8,1.0,95,19,8,8,0.6940000000000001,11277,0.127,0.1899999999999999,-0.0017132913933877,False,37,2.0,4.0,0.0,0.0,1.0,0.0
,6913,9377,99936,24,4164,1,11237,11545,False,1,0.0,91178.5,55851.80263157895,400.0,0.0,9476,1,0.0,0,0,1,1,1.0,12541,0.167,0.14,0.0111456629428699,False,31,2.0,2.0,4.0,0.0,1.0,0.0
,6386,6856,124344,36,3454,43,8276,8276,False,43,0.0,66449.9,25654.37837837838,321.0,0.0,11515,43,2.0,73,21,7,6,0.763,9425,0.125,0.78,-0.0011986110939488,False,18,0.0,1.0,4.0,0.0,1.0,0.0
,5634,3229,39024,12,3252,64,3906,3906,False,64,1.0,35436.7,60289.9544117647,300.0,0.0,13000,64,6.0,29,41,12,10,0.747,9624,0.145,0.71,-0.001111116748436,False,60,5.0,1.0,4.0,0.0,1.0,0.0
,5758,3859,307200,60,5120,53,4652,4652,False,53,1.0,10043.6,44484.07500000001,200.0,0.0,772,53,6.0,88,33,8,7,0.509,8240,0.099,1.0300000000000002,0.0004911454809982,False,35,2.0,2.0,3.0,0.0,1.0,0.0
,6819,9031,50112,24,2088,47,10815,11123,False,47,1.0,68616.8,46214.125,900.0,0.0,17154,47,2.0,83,26,6,6,0.728,9538,0.111,0.3,-0.0041148972813384,False,49,3.0,0.0,4.0,0.0,1.0,0.0
,7088,10233,239160,60,3986,27,12278,12586,False,27,1.0,28610.8,37233.14339622641,500.0,0.0,-18203,27,7.0,71,19,10,7,0.4379999999999999,8561,0.11,0.64,0.0014562096941959,False,50,4.0,2.0,2.0,0.0,1.0,0.0
,5039,314,66840,24,2785,15,383,383,True,15,0.0,22674.3,38819.320212765946,700.0,0.0,-26067,15,5.0,22,16,8,5,0.519,9045,0.124,0.4700000000000002,0.0005782706306551,False,58,4.0,1.0,1.0,1.0,0.0,0.0
,5532,2754,335280,48,6985,57,3326,3326,False,57,0.0,29880.9,43629.43608247423,500.0,0.0,-38103,57,6.0,21,37,23,8,0.48,8720,0.116,0.77,-0.0004816182372772,False,44,3.0,3.0,0.0,0.0,0.0,1.0
,6037,5118,53232,48,1109,72,6175,6175,False,72,1.0,35612.5,30896.00266666667,1100.0,0.0,4541,72,4.0,32,50,11,4,0.626,8994,0.11,0.9900000000000002,-0.0020519896339144,False,33,2.0,0.0,3.0,0.0,1.0,0.0
,6322,6510,76992,24,3208,74,7862,7862,False,74,1.0,52478.9,61992.3,900.0,0.0,10495,74,4.0,0,0,1,1,1.0,10673,0.1,0.6900000000000004,-0.0013431315033809,False,32,2.0,1.0,4.0,0.0,1.0,0.0
,6887,9263,39576,12,3298,68,11097,11405,True,68,0.0,29753.3,30719.746666666662,700.0,0.0,-14111,68,4.0,15,40,20,6,0.5720000000000001,9893,0.096,0.6299999999999999,0.0011536041389918,False,33,2.0,1.0,2.0,0.0,1.0,0.0
,6660,8094,220428,36,6123,67,9689,9997,False,67,1.0,48503.1,60165.795,600.0,0.0,-33148,67,4.0,38,25,8,6,0.631,8110,0.109,0.7800000000000002,-0.0015558111905255,False,35,2.0,3.0,1.0,0.0,1.0,0.0
,5451,2350,159744,48,3328,18,2841,2841,False,18,0.0,53598.4,56388.8107142857,600.0,0.0,6001,18,5.0,60,13,3,4,0.653,8968,0.131,0.52,0.0024045601776545,False,24,1.0,1.0,3.0,0.0,1.0,0.0
,6014,4999,165168,36,4588,1,6039,6039,True,1,0.0,25659.5,35478.66185567011,300.0,0.0,-16745,1,0.0,0,0,1,1,1.0,12541,0.167,0.14,0.0111456629428699,False,39,2.0,2.0,2.0,0.0,1.0,0.0
,5556,2872,268320,60,4472,1,3471,3471,False,1,0.0,12652.9,24411.29423076923,200.0,0.0,5905,1,0.0,0,0,1,1,1.0,12541,0.167,0.14,0.0111456629428699,False,45,3.0,2.0,3.0,0.0,1.0,0.0
,6346,6649,100260,60,1671,1,8030,8030,False,1,1.0,77813.6,40047.08387096776,1000.0,0.0,3383,1,0.0,0,0,1,1,1.0,12541,0.167,0.14,0.0111456629428699,False,30,2.0,0.0,3.0,0.0,1.0,0.0
,5850,4293,164196,36,4561,64,5171,5171,False,64,0.0,82971.3,49558.68571428572,500.0,0.0,6085,64,6.0,29,41,12,10,0.747,9624,0.145,0.71,-0.001111116748436,False,41,3.0,2.0,3.0,1.0,0.0,0.0
,5940,4660,106944,24,4456,63,5618,5618,False,63,0.0,54045.6,57324.07222222223,800.0,0.0,-20159,63,6.0,38,36,6,5,0.505,8288,0.11,0.7299999999999995,-0.0011790135586559,False,44,3.0,2.0,2.0,0.0,1.0,0.0
,7119,10361,86880,12,7240,21,12442,12750,False,21,0.0,34575.3,56531.81724137931,500.0,0.0,-38748,21,5.0,87,16,8,7,0.67,9104,0.123,0.5599999999999998,0.0005321876784038,True,57,4.0,3.0,0.0,0.0,1.0,0.0
,5253,1447,100080,48,2085,65,1755,1755,False,65,0.0,29942.7,22604.34,300.0,0.0,-1895,65,6.0,101,41,5,4,0.437,8403,0.105,-0.0200000000000004,0.0049124343257443,False,32,2.0,0.0,3.0,0.0,1.0,0.0
,6851,9138,272220,60,4537,26,10942,11250,False,26,0.0,1580.3,36907.373015873,-625.1,1.0,6790,26,7.0,0,0,1,1,1.0,10787,0.131,0.4499999999999997,0.0012907086577216,False,51,4.0,2.0,4.0,0.0,1.0,0.0
,6695,8320,309660,60,5161,51,9965,10273,True,51,0.0,44736.8,40151.71176470589,1100.0,0.0,-15811,51,2.0,37,28,10,11,0.705,8541,0.131,0.4600000000000004,0.0028126973193272,False,39,2.0,2.0,2.0,0.0,1.0,0.0
,6908,9353,188616,24,7859,59,11208,11516,True,59,1.0,57226.7,45805.50000000001,900.0,0.0,4628,59,6.0,41,29,9,6,0.621,8444,0.106,0.2299999999999999,-0.0026637029144583,False,59,4.0,4.0,3.0,0.0,1.0,0.0
,7255,11096,213300,60,3555,28,13332,13640,False,28,0.0,37716.7,37524.88636363636,800.0,0.0,7396,28,7.0,66,26,10,8,0.369,8594,0.112,0.3899999999999997,-0.0007581919190526,False,42,3.0,1.0,4.0,0.0,1.0,0.0
,5674,3418,207264,48,4318,42,4132,4132,True,42,1.0,46281.9,61345.1,400.0,0.0,5131,42,2.0,87,25,7,7,0.591,8388,0.087,0.5299999999999998,0.0001042676759777,False,35,2.0,2.0,3.0,1.0,0.0,0.0
,6278,6265,87360,24,3640,5,7567,7567,False,5,1.0,58492.3,69963.484057971,200.0,0.0,12767,5,1.0,65,30,5,6,0.514,9307,0.118,0.5799999999999996,0.0044344042838018,False,60,5.0,1.0,4.0,0.0,1.0,0.0
,5486,2516,466608,48,9721,6,3038,3038,False,6,0.0,60775.8,36161.02156862744,300.0,0.0,3198,6,1.0,60,23,6,4,0.515,8546,0.126,1.0699999999999994,0.0061567666713697,False,51,4.0,4.0,3.0,0.0,1.0,0.0
,5174,1093,385104,48,8023,54,1311,1311,False,54,0.0,51738.6,47433.42058823528,1000.0,0.0,-41494,54,6.0,0,0,1,1,1.0,9897,0.14,0.3599999999999999,-6.450447661067678e-05,False,40,3.0,4.0,0.0,0.0,1.0,0.0
,6621,7957,42900,12,3575,51,9525,9833,True,51,1.0,97149.3,50590.532,500.0,0.0,14413,51,2.0,37,28,10,11,0.705,8541,0.131,0.4600000000000004,0.0028126973193272,False,33,2.0,1.0,4.0,0.0,1.0,0.0
,6313,6461,150912,36,4192,50,7796,7796,True,50,0.0,43737.3,52250.26119402984,700.0,0.0,3976,50,2.0,75,33,5,6,0.52,8187,0.094,0.6200000000000001,0.0001072030718552,False,22,1.0,2.0,3.0,0.0,1.0,0.0
,6435,7045,288720,48,6015,51,8502,8502,False,51,1.0,102188.4,54677.28095238096,400.0,0.0,-22068,51,2.0,37,28,10,11,0.705,8541,0.131,0.4600000000000004,0.0028126973193272,False,54,4.0,3.0,2.0,0.0,1.0,0.0
,6970,9677,31620,60,527,8,11603,11911,False,8,1.0,25880.0,27522.883783783785,500.0,0.0,7707,8,1.0,95,19,8,8,0.6940000000000001,11277,0.127,0.1899999999999999,-0.0017132913933877,False,58,4.0,0.0,4.0,0.0,1.0,0.0
,6310,6440,34572,12,2881,1,7772,7772,False,1,0.0,83661.6,60619.16,1100.0,0.0,10457,1,0.0,0,0,1,1,1.0,12541,0.167,0.14,0.0111456629428699,False,20,1.0,1.0,4.0,0.0,1.0,0.0
,5932,4626,33348,12,2779,9,5574,5574,False,9,0.0,17171.7,45807.11428571429,700.0,0.0,1320,9,1.0,61,23,6,6,0.5529999999999999,8899,0.149,0.5800000000000001,-0.0061467348544453,False,27,1.0,1.0,3.0,0.0,1.0,0.0
,6877,9241,285240,60,4754,74,11071,11379,True,74,1.0,59862.7,49699.66481481483,1100.0,0.0,-23441,74,4.0,0,0,1,1,1.0,10673,0.1,0.6900000000000004,-0.0013431315033809,False,45,3.0,2.0,1.0,0.0,1.0,0.0
,6763,8772,88272,48,1839,1,10505,10813,False,1,0.0,7083.3,17535.779220779223,800.0,0.0,-6671,1,0.0,0,0,1,1,1.0,12541,0.167,0.14,0.0111456629428699,False,18,0.0,0.0,2.0,0.0,1.0,0.0
,7085,10202,305424,48,6363,70,12239,12547,False,70,0.0,9680.4,46147.521686746986,300.0,0.0,5427,70,4.0,0,2,13,7,0.899,10177,0.081,1.12,0.0008059231850084,False,34,2.0,3.0,3.0,0.0,1.0,0.0
,7049,10063,233424,36,6484,4,12068,12376,False,4,1.0,47248.7,54476.857142857145,200.0,0.0,-31977,4,1.0,63,29,8,6,0.674,9753,0.109,0.4100000000000001,0.0043230837997771,False,38,2.0,3.0,1.0,0.0,0.0,1.0
,6959,9633,59448,24,2477,70,11549,11857,False,70,1.0,54909.1,45016.69083333333,-5525.0,1.0,3050,70,4.0,0,2,13,7,0.899,10177,0.081,1.12,0.0008059231850084,False,45,3.0,1.0,3.0,0.0,1.0,0.0
,5214,1270,74772,36,2077,55,1533,1533,False,55,1.0,33277.4,24872.139436619716,500.0,0.0,-8788,55,6.0,49,70,18,9,0.3389999999999999,8743,0.111,0.5500000000000003,0.0014964149717909,False,37,2.0,0.0,2.0,1.0,0.0,0.0
,6350,6678,294384,48,6133,54,8064,8064,False,54,0.0,111013.5,61692.07751937985,1100.0,0.0,2479,54,6.0,0,0,1,1,1.0,9897,0.14,0.3599999999999999,-6.450447661067678e-05,False,31,2.0,3.0,3.0,0.0,1.0,0.0
,5063,442,357840,48,7455,54,533,533,False,54,0.0,10100.0,5350.0,600.0,0.0,3366,54,6.0,0,0,1,1,1.0,9897,0.14,0.3599999999999999,-6.450447661067678e-05,False,56,4.0,3.0,3.0,0.0,1.0,0.0
,5041,319,369000,60,6150,47,389,389,False,47,0.0,59544.8,48648.401169590645,700.0,0.0,6000,47,2.0,83,26,6,6,0.728,9538,0.111,0.3,-0.0041148972813384,False,23,1.0,3.0,3.0,0.0,0.0,1.0
,5086,525,210384,48,4383,70,631,631,False,70,0.0,46478.3,45912.4,300.0,0.0,5325,70,4.0,0,2,13,7,0.899,10177,0.081,1.12,0.0008059231850084,False,41,3.0,2.0,3.0,0.0,1.0,0.0
,6942,9513,18324,12,1527,59,11405,11713,True,59,0.0,31236.8,31402.28372093022,700.0,0.0,8183,59,6.0,41,29,9,6,0.621,8444,0.106,0.2299999999999999,-0.0026637029144583,False,46,3.0,0.0,4.0,0.0,1.0,0.0
,5270,1528,191088,48,3981,50,1852,1852,False,50,1.0,38391.7,32688.03333333334,500.0,0.0,2742,50,2.0,75,33,5,6,0.52,8187,0.094,0.6200000000000001,0.0001072030718552,False,35,2.0,2.0,3.0,0.0,1.0,0.0
,6705,8381,333648,48,6951,14,10047,10355,False,14,0.0,99815.6,61748.70206185566,500.0,0.0,14660,14,5.0,69,27,11,9,0.748,10045,0.135,0.29,-0.0017390227705052,False,21,1.0,3.0,4.0,0.0,1.0,0.0
,7051,10068,77808,12,6484,1,12074,12382,True,1,1.0,57698.3,68874.72173913043,1000.0,0.0,14424,1,0.0,0,0,1,1,1.0,12541,0.167,0.14,0.0111456629428699,False,42,3.0,3.0,4.0,0.0,1.0,0.0
,6758,8742,33144,12,2762,70,10469,10777,True,70,0.0,31693.2,32407.646875,900.0,0.0,6386,70,4.0,0,2,13,7,0.899,10177,0.081,1.12,0.0008059231850084,False,18,0.0,1.0,4.0,0.0,1.0,0.0
,6249,6138,67608,24,2817,54,7411,7411,True,54,0.0,17205.7,30181.317391304336,200.0,0.0,-13633,54,6.0,0,0,1,1,1.0,9897,0.14,0.3599999999999999,-6.450447661067678e-05,False,35,2.0,1.0,2.0,0.0,1.0,0.0
,5808,4099,41856,48,872,54,4937,4937,False,54,0.0,37069.1,38559.26407766991,800.0,0.0,5238,54,6.0,0,0,1,1,1.0,9897,0.14,0.3599999999999999,-6.450447661067678e-05,False,37,2.0,0.0,3.0,0.0,1.0,0.0
,5377,2116,92400,12,7700,70,2560,2560,False,70,0.0,46489.0,42291.18557692308,1000.0,0.0,6556,70,4.0,0,2,13,7,0.899,10177,0.081,1.12,0.0008059231850084,True,23,1.0,4.0,4.0,0.0,1.0,0.0
,5446,2334,48312,24,2013,50,2822,2822,False,50,1.0,41196.7,31897.4329787234,600.0,0.0,-2452,50,2.0,75,33,5,6,0.52,8187,0.094,0.6200000000000001,0.0001072030718552,False,39,2.0,0.0,3.0,0.0,1.0,0.0
,5856,4320,51360,12,4280,61,5203,5203,False,61,0.0,64529.7,53636.37471264367,-2542.1,1.0,4963,61,6.0,139,28,6,6,0.5379999999999999,8814,0.107,0.9800000000000004,-0.0004495449417712,False,52,4.0,2.0,3.0,0.0,1.0,0.0
,4986,97,102876,12,8573,74,116,116,True,74,1.0,40516.3,33057.374576271184,900.0,0.0,5099,74,4.0,0,0,1,1,1.0,10673,0.1,0.6900000000000004,-0.0013431315033809,False,56,4.0,4.0,3.0,0.0,1.0,0.0
,7001,9859,300600,60,5010,27,11825,12133,False,27,0.0,73926.0,53217.7294736842,400.0,0.0,-22925,27,7.0,71,19,10,7,0.4379999999999999,8561,0.11,0.64,0.0014562096941959,True,33,2.0,2.0,1.0,0.0,1.0,0.0
,6677,8169,97980,60,1633,29,9782,10090,False,29,0.0,16038.7,24067.298540145985,700.0,0.0,5124,29,7.0,52,10,6,6,0.556,8843,0.113,0.7800000000000002,0.0015312595703723,False,17,0.0,0.0,3.0,0.0,1.0,0.0
,6665,8114,99300,60,1655,59,9715,10023,False,59,0.0,35199.4,39110.670833333344,600.0,0.0,6742,59,6.0,41,29,9,6,0.621,8444,0.106,0.2299999999999999,-0.0026637029144583,False,24,1.0,0.0,4.0,0.0,1.0,0.0
,5817,4127,100800,24,4200,50,4968,4968,False,50,1.0,-1571.5,26649.7703125,-1571.5,1.0,2804,50,2.0,75,33,5,6,0.52,8187,0.094,0.6200000000000001,0.0001072030718552,False,59,4.0,2.0,3.0,0.0,1.0,0.0
,6984,9730,116040,60,1934,54,11668,11976,True,54,0.0,32564.7,29865.18974358974,900.0,0.0,6581,54,6.0,0,0,1,1,1.0,9897,0.14,0.3599999999999999,-6.450447661067678e-05,False,58,4.0,0.0,4.0,0.0,1.0,0.0
,6541,7565,153504,48,3198,59,9062,9370,False,59,1.0,27633.1,33651.10360360361,300.0,0.0,-14008,59,6.0,41,29,9,6,0.621,8444,0.106,0.2299999999999999,-0.0026637029144583,False,22,1.0,1.0,2.0,0.0,1.0,0.0
,5117,718,76944,12,6412,1,861,861,False,1,0.0,59256.4,40141.79545454546,500.0,0.0,11384,1,0.0,0,0,1,1,1.0,12541,0.167,0.14,0.0111456629428699,False,41,3.0,3.0,4.0,0.0,1.0,0.0
,6097,5362,202848,48,4226,76,6473,6473,True,76,0.0,33802.0,37200.39594594594,800.0,0.0,-15734,76,4.0,31,32,15,7,0.512,8369,0.107,1.1499999999999997,-0.0072937684993993,False,57,4.0,2.0,2.0,0.0,0.0,1.0
,5389,2165,78600,24,3275,51,2621,2621,False,51,1.0,67058.7,42902.40714285714,800.0,0.0,-8202,51,2.0,37,28,10,11,0.705,8541,0.131,0.4600000000000004,0.0028126973193272,False,41,3.0,1.0,2.0,0.0,1.0,0.0
,7219,10905,57120,48,1190,32,13097,13405,False,32,1.0,42762.2,41985.62040816326,1000.0,0.0,7318,32,3.0,32,19,9,10,0.81,9272,0.118,0.4200000000000004,0.0015705610234346,False,39,2.0,0.0,4.0,0.0,1.0,0.0
,6338,6592,390660,60,6511,1,7959,7959,False,1,0.0,60956.6,63544.64567901234,300.0,0.0,13363,1,0.0,0,0,1,1,1.0,12541,0.167,0.14,0.0111456629428699,False,19,0.0,3.0,4.0,0.0,1.0,0.0
,6922,9424,83628,36,2323,54,11290,11598,False,54,0.0,31228.0,29077.814705882352,500.0,0.0,-10903,54,6.0,0,0,1,1,1.0,9897,0.14,0.3599999999999999,-6.450447661067678e-05,False,20,1.0,1.0,2.0,0.0,1.0,0.0
,5367,2064,83628,36,2323,54,2503,2503,False,54,0.0,31814.7,29052.60882352941,500.0,0.0,-10830,54,6.0,0,0,1,1,1.0,9897,0.14,0.3599999999999999,-6.450447661067678e-05,False,20,1.0,1.0,2.0,0.0,1.0,0.0
,5638,3249,68124,12,5677,74,3929,3929,False,74,1.0,16430.9,28809.0,1100.0,0.0,5964,74,4.0,0,0,1,1,1.0,10673,0.1,0.6900000000000004,-0.0013431315033809,False,40,3.0,2.0,3.0,0.0,1.0,0.0
,5830,4190,405780,60,6763,62,5050,5050,False,62,1.0,41532.1,34044.42954545454,700.0,0.0,6082,62,6.0,22,41,15,5,0.407,8544,0.109,0.5700000000000001,0.0012835648783702,False,47,3.0,3.0,3.0,0.0,1.0,0.0
,5338,1888,57360,12,4780,6,2291,2291,False,6,1.0,15016.3,36887.15599999999,-5851.2,1.0,-25871,6,1.0,60,23,6,4,0.515,8546,0.126,1.0699999999999994,0.0061567666713697,False,40,3.0,2.0,1.0,0.0,1.0,0.0
,6007,4949,289920,48,6040,33,5978,5978,False,33,0.0,54561.4,58959.27777777777,400.0,0.0,-34406,33,3.0,24,17,10,11,0.847,8705,0.116,1.8600000000000003,0.0015623014419519,False,54,4.0,3.0,1.0,0.0,1.0,0.0
,6612,7907,97392,12,8116,70,9467,9775,True,70,1.0,20146.2,36685.09135802469,200.0,0.0,6416,70,4.0,0,2,13,7,0.899,10177,0.081,1.12,0.0008059231850084,False,37,2.0,4.0,4.0,0.0,1.0,0.0
,5718,3637,14028,12,1169,53,4386,4386,False,53,0.0,51799.6,51802.019230769234,400.0,0.0,6239,53,6.0,88,33,8,7,0.509,8240,0.099,1.0300000000000002,0.0004911454809982,False,52,4.0,0.0,3.0,0.0,1.0,0.0
,6104,5395,158184,36,4394,47,6511,6511,False,47,1.0,28833.7,47679.97368421052,400.0,0.0,1695,47,2.0,83,26,6,6,0.728,9538,0.111,0.3,-0.0041148972813384,False,44,3.0,2.0,3.0,0.0,1.0,0.0
,5229,1329,23520,12,1960,53,1608,1608,True,53,1.0,19101.8,25967.495238095235,500.0,0.0,-5241,53,6.0,88,33,8,7,0.509,8240,0.099,1.0300000000000002,0.0004911454809982,False,56,4.0,0.0,3.0,0.0,1.0,0.0
,6625,7966,473280,60,7888,54,9538,9846,False,54,0.0,25908.9,52777.34186046511,500.0,0.0,2877,54,6.0,0,0,1,1,1.0,9897,0.14,0.3599999999999999,-6.450447661067678e-05,False,30,2.0,4.0,3.0,0.0,1.0,0.0
,5206,1242,128544,24,5356,74,1499,1499,False,74,0.0,31182.1,40526.455,200.0,0.0,7630,74,4.0,0,0,1,1,1.0,10673,0.1,0.6900000000000004,-0.0013431315033809,False,46,3.0,2.0,4.0,1.0,0.0,0.0
,5963,4746,204780,60,3413,54,5727,5727,False,54,1.0,89411.0,48890.17826086956,200.0,0.0,12772,54,6.0,0,0,1,1,1.0,9897,0.14,0.3599999999999999,-6.450447661067678e-05,False,45,3.0,1.0,4.0,0.0,1.0,0.0
,4990,110,162576,36,4516,36,132,132,False,36,1.0,55539.8,46148.29761904761,900.0,0.0,5983,36,3.0,29,19,9,9,0.852,9198,0.131,0.9500000000000002,0.0021050389369553,False,45,3.0,2.0,3.0,0.0,1.0,0.0
,6641,8026,128268,36,3563,36,9606,9914,False,36,1.0,48338.4,47029.53888888889,700.0,0.0,8053,36,3.0,29,19,9,9,0.852,9198,0.131,0.9500000000000002,0.0021050389369553,False,55,4.0,1.0,4.0,0.0,1.0,0.0
,5369,2080,214596,36,5961,74,2522,2522,True,74,1.0,86514.1,62852.91764705883,400.0,0.0,-36941,74,4.0,0,0,1,1,1.0,10673,0.1,0.6900000000000004,-0.0013431315033809,False,60,5.0,3.0,0.0,0.0,1.0,0.0
,6196,5837,177804,36,4939,5,7065,7065,False,5,0.0,46296.7,54375.02307692309,800.0,0.0,3306,5,1.0,65,30,5,6,0.514,9307,0.118,0.5799999999999996,0.0044344042838018,False,26,1.0,2.0,3.0,0.0,1.0,0.0
,5236,1374,389136,48,8107,53,1662,1662,False,53,1.0,88469.8,59749.88387096773,700.0,0.0,-46133,53,6.0,88,33,8,7,0.509,8240,0.099,1.0300000000000002,0.0004911454809982,False,30,2.0,4.0,0.0,0.0,1.0,0.0
,5719,3664,271584,48,5658,1,4417,4417,False,1,1.0,92401.4,62387.09000000002,800.0,0.0,5435,1,0.0,0,0,1,1,1.0,12541,0.167,0.14,0.0111456629428699,False,21,1.0,2.0,3.0,0.0,1.0,0.0
,5643,3273,94512,12,7876,74,3962,3962,False,74,1.0,23811.1,48061.85671641792,600.0,0.0,-52181,74,4.0,0,0,1,1,1.0,10673,0.1,0.6900000000000004,-0.0013431315033809,False,45,3.0,4.0,0.0,0.0,1.0,0.0
,7050,10065,311232,48,6484,76,12070,12378,False,76,0.0,52289.2,72885.75808823529,1100.0,0.0,2904,76,4.0,31,32,15,7,0.512,8369,0.107,1.1499999999999997,-0.0072937684993993,False,51,4.0,3.0,3.0,0.0,1.0,0.0
,6355,6699,127200,48,2650,35,8089,8089,False,35,1.0,39078.4,28863.030526315782,400.0,0.0,-5110,35,3.0,10,18,6,7,0.805,8867,0.13,0.1899999999999999,0.0026586157173756,False,32,2.0,1.0,3.0,0.0,1.0,0.0
,6688,8268,8616,24,359,59,9901,10209,False,59,1.0,29184.0,24946.635443037976,400.0,0.0,7022,59,6.0,41,29,9,6,0.621,8444,0.106,0.2299999999999999,-0.0026637029144583,False,22,1.0,0.0,4.0,0.0,1.0,0.0
,6239,6083,360864,48,7518,6,7348,7348,False,6,0.0,27383.2,52871.42441860466,500.0,0.0,2106,6,1.0,60,23,6,4,0.515,8546,0.126,1.0699999999999994,0.0061567666713697,False,20,1.0,3.0,3.0,0.0,0.0,1.0
,5531,2753,66432,24,2768,26,3324,3324,True,26,0.0,17745.1,33039.89252336449,700.0,0.0,-17402,26,7.0,0,0,1,1,1.0,10787,0.131,0.4499999999999997,0.0012907086577216,False,26,1.0,1.0,2.0,0.0,1.0,0.0
,6113,5445,78696,36,2186,72,6571,6571,False,72,0.0,36307.5,40292.34146341463,1000.0,0.0,-6407,72,4.0,32,50,11,4,0.626,8994,0.11,0.9900000000000002,-0.0020519896339144,False,27,1.0,0.0,2.0,0.0,1.0,0.0
,7181,10679,197808,24,8242,1,12826,13134,False,1,0.0,43883.1,64942.89333333332,900.0,0.0,-35729,1,0.0,0,0,1,1,1.0,12541,0.167,0.14,0.0111456629428699,False,35,2.0,4.0,1.0,0.0,1.0,0.0
,6118,5477,349392,48,7279,57,6610,6610,False,57,1.0,64050.3,59951.07517241378,900.0,0.0,7523,57,6.0,21,37,23,8,0.48,8720,0.116,0.77,-0.0004816182372772,True,43,3.0,3.0,4.0,0.0,1.0,0.0
,7264,11141,44940,12,3745,1,13386,13694,False,1,0.0,76986.0,52484.82250000001,200.0,0.0,9623,1,0.0,0,0,1,1,1.0,12541,0.167,0.14,0.0111456629428699,False,22,1.0,1.0,4.0,0.0,0.0,1.0
,5343,1906,44952,24,1873,1,2316,2316,False,1,1.0,51718.3,51453.80112359551,1000.0,0.0,8523,1,0.0,0,0,1,1,1.0,12541,0.167,0.14,0.0111456629428699,False,28,1.0,0.0,4.0,0.0,1.0,0.0
,5051,378,230400,60,3840,68,458,458,False,68,1.0,49277.3,79500.53809523808,20574.0,0.0,11715,68,4.0,15,40,20,6,0.5720000000000001,9893,0.096,0.6299999999999999,0.0011536041389918,False,36,2.0,1.0,4.0,0.0,1.0,0.0
,5779,3942,107352,36,2982,27,4754,4754,False,27,0.0,61126.0,57995.119047619046,600.0,0.0,8617,27,7.0,71,19,10,7,0.4379999999999999,8561,0.11,0.64,0.0014562096941959,False,58,4.0,1.0,4.0,0.0,0.0,1.0
,6605,7890,79344,48,1653,23,9447,9755,False,23,0.0,30004.1,23918.494285714285,300.0,0.0,4977,23,7.0,21,11,7,9,0.855,8624,0.102,0.8700000000000001,0.0036490923025886,False,46,3.0,0.0,3.0,0.0,1.0,0.0
,6655,8085,260400,60,4340,73,9679,9987,False,73,0.0,21054.8,37448.40472440944,600.0,0.0,9381,73,4.0,17,49,14,7,0.564,8746,0.09,0.4100000000000001,0.0004285078587242,False,47,3.0,2.0,4.0,0.0,1.0,0.0
,6534,7542,590820,60,9847,54,9032,9340,False,54,1.0,30859.3,27937.978378378368,300.0,0.0,6807,54,6.0,0,0,1,1,1.0,9897,0.14,0.3599999999999999,-6.450447661067678e-05,False,30,2.0,4.0,4.0,0.0,1.0,0.0
,5681,3448,68664,24,2861,58,4169,4169,True,58,0.0,36642.4,36855.82328767124,700.0,0.0,2155,58,6.0,98,16,7,4,0.636,8757,0.096,0.5700000000000003,0.0023725770400498,False,18,0.0,1.0,3.0,0.0,0.0,1.0
,6607,7894,153144,36,4254,27,9452,9760,False,27,1.0,57715.7,58553.67719298246,300.0,0.0,10128,27,7.0,71,19,10,7,0.4379999999999999,8561,0.11,0.64,0.0014562096941959,True,29,1.0,2.0,4.0,0.0,1.0,0.0
,6242,6097,26208,36,728,29,7366,7366,False,29,0.0,37647.8,27419.849999999995,1000.0,0.0,9411,29,7.0,52,10,6,6,0.556,8843,0.113,0.7800000000000002,0.0015312595703723,False,25,1.0,0.0,4.0,0.0,1.0,0.0
,7242,11027,48096,24,2004,32,13248,13556,False,32,1.0,32352.9,33044.0156626506,800.0,0.0,-8137,32,3.0,32,19,9,10,0.81,9272,0.118,0.4200000000000004,0.0015705610234346,False,39,2.0,0.0,2.0,0.0,0.0,1.0
,7277,11231,89280,12,7440,1,13495,13803,False,1,1.0,62119.7,60522.04038461539,900.0,0.0,-35745,1,0.0,0,0,1,1,1.0,12541,0.167,0.14,0.0111456629428699,False,50,4.0,3.0,1.0,0.0,1.0,0.0
,6675,8158,238716,36,6631,48,9767,10075,False,48,1.0,83069.1,65133.53584905661,1000.0,0.0,-27211,48,2.0,50,24,9,9,0.59,9060,0.124,0.6599999999999999,0.0007852574251155,False,33,2.0,3.0,1.0,0.0,0.0,1.0
,5398,2187,53472,12,4456,9,2647,2647,True,9,1.0,64314.3,64144.50223880597,300.0,0.0,3061,9,1.0,61,23,6,6,0.5529999999999999,8899,0.149,0.5800000000000001,-0.0061467348544453,False,58,4.0,2.0,3.0,0.0,0.0,1.0
,5956,4725,168264,36,4674,73,5699,5699,False,73,1.0,27575.2,40044.576,700.0,0.0,-18258,73,4.0,17,49,14,7,0.564,8746,0.09,0.4100000000000001,0.0004285078587242,False,47,3.0,2.0,2.0,0.0,1.0,0.0
,5731,3711,460980,60,7683,3,4474,4474,False,3,0.0,19163.5,45410.15,400.0,0.0,3193,3,1.0,55,26,5,5,0.417,8980,0.111,0.26,-0.0001462143768609,False,33,2.0,4.0,3.0,0.0,1.0,0.0
,6956,9631,59448,24,2477,11,11547,11855,False,11,1.0,33869.8,29114.62258064515,200.0,0.0,-13742,11,1.0,35,36,9,7,0.365,9622,0.154,0.1399999999999999,0.0007139363010166,False,40,3.0,1.0,2.0,0.0,1.0,0.0
,6437,7052,63972,36,1777,55,8510,8510,False,55,1.0,39052.7,21532.34545454545,300.0,0.0,-896,55,6.0,49,70,18,9,0.3389999999999999,8743,0.111,0.5500000000000003,0.0014964149717909,False,50,4.0,0.0,3.0,1.0,0.0,0.0
,5447,2335,541200,60,9020,70,2823,2823,False,70,0.0,6360.9,12006.396551724136,-17030.4,1.0,4267,70,4.0,0,2,13,7,0.899,10177,0.081,1.12,0.0008059231850084,False,51,4.0,4.0,3.0,0.0,1.0,0.0
,5973,4784,219456,48,4572,46,5774,5774,True,46,0.0,77123.8,44366.05454545454,400.0,0.0,-10164,46,2.0,48,20,10,10,0.735,8369,0.117,0.52,-0.0020938877995546,False,38,2.0,2.0,2.0,0.0,1.0,0.0
,6075,5267,129312,24,5388,4,6363,6363,False,4,0.0,71516.6,45330.91973684211,-8657.3,1.0,3109,4,1.0,63,29,8,6,0.674,9753,0.109,0.4100000000000001,0.0043230837997771,False,24,1.0,2.0,3.0,0.0,1.0,0.0
,5281,1580,194256,24,8094,69,1913,1913,False,69,1.0,67742.6,51370.480597014925,400.0,0.0,2945,69,4.0,4,13,6,3,0.484,8173,0.124,1.0602370158708665,-0.0051739073122651,False,30,2.0,4.0,3.0,0.0,1.0,0.0
,5103,666,12540,12,1045,27,798,798,True,27,0.0,54562.2,41922.04671052632,200.0,0.0,8107,27,7.0,71,19,10,7,0.4379999999999999,8561,0.11,0.64,0.0014562096941959,True,58,4.0,0.0,4.0,0.0,1.0,0.0
,6468,7176,203940,60,3399,1,8661,8661,False,1,0.0,51081.3,42000.788888888885,400.0,0.0,7820,1,0.0,0,0,1,1,1.0,12541,0.167,0.14,0.0111456629428699,False,44,3.0,1.0,4.0,0.0,1.0,0.0
,7209,10857,385560,60,6426,50,13038,13346,False,50,1.0,10414.7,29028.266101694917,700.0,0.0,743,50,2.0,75,33,5,6,0.52,8187,0.094,0.6200000000000001,0.0001072030718552,False,42,3.0,3.0,3.0,0.0,1.0,0.0
,5584,2986,24792,24,1033,63,3606,3606,False,63,1.0,72489.8,47061.85999999999,500.0,0.0,7142,63,6.0,38,36,6,5,0.505,8288,0.11,0.7299999999999995,-0.0011790135586559,False,40,3.0,0.0,4.0,0.0,1.0,0.0
,4988,103,265320,36,7370,44,124,124,False,44,1.0,19992.8,46266.57469879518,379.0,0.0,951,44,2.0,77,26,9,7,0.53,8254,0.097,0.9699999999999998,0.001505596272939,False,30,2.0,3.0,3.0,0.0,1.0,0.0
,6502,7424,30276,12,2523,68,8894,9202,False,68,1.0,27846.6,61588.33719512193,900.0,0.0,8366,68,4.0,15,40,20,6,0.5720000000000001,9893,0.096,0.6299999999999999,0.0011536041389918,False,36,2.0,1.0,4.0,0.0,1.0,0.0
,5651,3329,19248,12,1604,3,4024,4024,True,3,1.0,56435.5,36065.975,200.0,0.0,9048,3,1.0,55,26,5,5,0.417,8980,0.111,0.26,-0.0001462143768609,False,33,2.0,0.0,4.0,0.0,1.0,0.0
,4962,25,30276,12,2523,68,31,31,False,68,1.0,31621.9,62991.26463414636,900.0,0.0,8588,68,4.0,15,40,20,6,0.5720000000000001,9893,0.096,0.6299999999999999,0.0011536041389918,False,36,2.0,1.0,4.0,0.0,1.0,0.0
,5862,4342,100128,24,4172,74,5232,5232,False,74,0.0,55023.7,56496.391366906486,700.0,0.0,7965,74,4.0,0,0,1,1,1.0,10673,0.1,0.6900000000000004,-0.0013431315033809,False,50,4.0,2.0,4.0,0.0,1.0,0.0
,7199,10789,45768,12,3814,75,12953,13261,True,75,1.0,76389.2,59138.44178082193,900.0,0.0,16487,75,4.0,67,30,6,5,0.6459999999999999,8819,0.099,0.2800000000000002,0.003202156021792,False,53,4.0,1.0,4.0,0.0,1.0,0.0
,6727,8505,42840,12,3570,70,10184,10492,False,70,1.0,57767.4,35642.19777777778,1100.0,0.0,6418,70,4.0,0,2,13,7,0.899,10177,0.081,1.12,0.0008059231850084,False,60,5.0,1.0,4.0,0.0,1.0,0.0
,7279,11244,155760,24,6490,33,13512,13820,False,33,0.0,55447.1,51964.019277108426,200.0,0.0,12775,33,3.0,24,17,10,11,0.847,8705,0.116,1.8600000000000003,0.0015623014419519,False,49,3.0,3.0,4.0,0.0,1.0,0.0
,6544,7594,130464,48,2718,16,9095,9403,False,16,1.0,32928.2,53546.70890052357,1000.0,0.0,6037,16,5.0,74,21,11,8,0.569,8427,0.107,0.4199999999999999,0.0004151983903077,False,24,1.0,1.0,3.0,0.0,1.0,0.0
,5933,4631,87528,24,3647,77,5579,5579,True,77,1.0,74816.0,42728.93157894737,800.0,0.0,-17470,77,4.0,8,35,15,4,0.535,8909,0.113,1.5499999999999998,0.0008751556767309,False,47,3.0,1.0,2.0,1.0,0.0,0.0
,6574,7745,77544,36,2154,2,9274,9582,False,2,0.0,20750.2,37934.865625000006,700.0,0.0,7848,2,1.0,80,26,8,5,0.467,8507,0.132,0.1800000000000001,0.005794068673777,False,56,4.0,0.0,4.0,0.0,1.0,0.0
,6399,6902,49320,36,1370,60,8333,8333,False,60,1.0,26686.8,35987.26296296296,900.0,0.0,5166,60,6.0,49,41,5,4,0.519,8441,0.115,1.0300000000000002,0.0033712028777238,False,32,2.0,0.0,3.0,0.0,1.0,0.0
,7187,10711,24180,60,403,36,12864,13172,False,36,1.0,89121.5,78724.20970149255,1100.0,0.0,7590,36,3.0,29,19,9,9,0.852,9198,0.131,0.9500000000000002,0.0021050389369553,False,59,4.0,0.0,4.0,0.0,1.0,0.0
,6353,6686,116496,24,4854,61,8074,8074,False,61,1.0,24270.5,41285.01833333333,600.0,0.0,-29333,61,6.0,139,28,6,6,0.5379999999999999,8814,0.107,0.9800000000000004,-0.0004495449417712,False,39,2.0,2.0,1.0,0.0,1.0,0.0
,5043,339,468060,60,7801,46,414,414,True,46,0.0,102734.6,59623.21607142856,400.0,0.0,-42400,46,2.0,48,20,10,10,0.735,8369,0.117,0.52,-0.0020938877995546,False,50,4.0,4.0,0.0,0.0,0.0,1.0
,5469,2445,293160,60,4886,52,2952,2952,False,52,0.0,14840.8,49740.62371134021,800.0,0.0,873,52,2.0,59,41,11,10,0.619,8363,0.108,0.9700000000000002,0.0016905015394354,False,20,1.0,2.0,3.0,0.0,1.0,0.0
,5976,4794,465504,48,9698,72,5788,5788,False,72,1.0,17274.4,26347.12441860465,1100.0,0.0,6324,72,4.0,32,50,11,4,0.626,8994,0.11,0.9900000000000002,-0.0020519896339144,False,36,2.0,4.0,4.0,0.0,1.0,0.0
,6059,5196,79824,12,6652,13,6275,6275,False,13,1.0,38069.7,49309.00967741935,300.0,0.0,10297,13,1.0,61,22,2,2,0.413,8598,0.123,0.4899999999999997,0.0051556907327386,False,41,3.0,3.0,4.0,0.0,0.0,1.0
,5799,4052,106128,36,2948,36,4882,4882,False,36,1.0,51095.2,36071.94230769231,900.0,0.0,-16061,36,3.0,29,19,9,9,0.852,9198,0.131,0.9500000000000002,0.0021050389369553,False,19,0.0,1.0,2.0,0.0,0.0,1.0
,6147,5602,177504,48,3698,19,6764,6764,False,19,1.0,19981.3,44723.35581395349,14855.3,0.0,1175,19,5.0,50,11,4,4,0.527,8402,0.12,0.8500000000000001,0.0019444660496227,False,54,4.0,1.0,3.0,1.0,0.0,0.0
,6254,6157,247920,48,5165,34,7434,7434,False,34,0.0,20059.8,54799.85662650601,1000.0,0.0,8234,34,3.0,28,11,5,5,0.877,9675,0.1,1.25,-0.0010619949535277,True,56,4.0,2.0,4.0,0.0,1.0,0.0
,7100,10280,348120,60,5802,69,12335,12643,False,69,0.0,53621.6,58819.48769230769,600.0,0.0,-34706,69,4.0,4,13,6,3,0.484,8173,0.124,1.0602370158708665,-0.0051739073122651,False,35,2.0,3.0,1.0,0.0,1.0,0.0
,7147,10478,267600,48,5575,70,12582,12890,False,70,0.0,11562.7,62460.22678571428,200.0,0.0,502,70,4.0,0,2,13,7,0.899,10177,0.081,1.12,0.0008059231850084,False,40,3.0,2.0,3.0,0.0,0.0,1.0
,5909,4550,61320,60,1022,56,5487,5487,False,56,0.0,21118.6,23137.19054054054,700.0,0.0,3920,56,6.0,11,42,15,8,0.46,8772,0.126,0.29,0.002439709481963,False,50,4.0,0.0,3.0,0.0,1.0,0.0
,7037,10022,218064,48,4543,1,12020,12328,False,1,0.0,42694.0,54315.558974358966,400.0,0.0,-17500,1,0.0,0,0,1,1,1.0,12541,0.167,0.14,0.0111456629428699,False,54,4.0,2.0,2.0,0.0,1.0,0.0
,5782,3953,63576,12,5298,1,4768,4768,False,1,0.0,43635.1,59128.5875,500.0,0.0,-23281,1,0.0,0,0,1,1,1.0,12541,0.167,0.14,0.0111456629428699,False,38,2.0,2.0,1.0,0.0,1.0,0.0
,6237,6075,407952,48,8499,19,7339,7339,False,19,0.0,10778.5,14785.585897435894,-1449.6,1.0,672,19,5.0,50,11,4,4,0.527,8402,0.12,0.8500000000000001,0.0019444660496227,False,24,1.0,4.0,3.0,0.0,1.0,0.0
,6552,7632,170448,48,3551,68,9142,9450,True,68,0.0,41656.1,39297.335294117656,1000.0,0.0,8621,68,4.0,15,40,20,6,0.5720000000000001,9893,0.096,0.6299999999999999,0.0011536041389918,False,54,4.0,1.0,4.0,0.0,1.0,0.0
,7067,10134,136368,24,5682,22,12160,12468,False,22,1.0,51899.0,60593.8406779661,600.0,0.0,13182,22,7.0,65,16,5,6,0.524,8620,0.1,0.1499999999999999,0.0004794520547945,False,29,1.0,2.0,4.0,0.0,1.0,0.0
,5320,1819,143676,36,3991,55,2205,2205,False,55,1.0,16473.5,28370.441666666666,700.0,0.0,6059,55,6.0,49,70,18,9,0.3389999999999999,8743,0.111,0.5500000000000003,0.0014964149717909,False,45,3.0,2.0,3.0,0.0,0.0,1.0
,5930,4616,66696,24,2779,1,5563,5563,False,1,1.0,67420.5,58360.68125000001,1000.0,0.0,19920,1,0.0,0,0,1,1,1.0,12541,0.167,0.14,0.0111456629428699,False,22,1.0,1.0,4.0,0.0,1.0,0.0
,6486,7240,152160,60,2536,17,8737,8737,True,17,0.0,19986.6,28077.73140495868,500.0,0.0,-8750,17,5.0,99,15,6,7,0.614,8114,0.119,0.2400000000000002,0.0024033917528557,False,50,4.0,1.0,2.0,0.0,1.0,0.0
,5245,1407,125472,24,5228,19,1705,1705,True,19,0.0,42152.2,71376.04415584417,800.0,0.0,16120,19,5.0,50,11,4,4,0.527,8402,0.12,0.8500000000000001,0.0019444660496227,False,52,4.0,2.0,4.0,1.0,0.0,0.0
,6643,8038,35856,24,1494,47,9621,9929,False,47,0.0,77333.8,55660.65578947369,600.0,0.0,8230,47,2.0,83,26,6,6,0.728,9538,0.111,0.3,-0.0041148972813384,False,31,2.0,0.0,4.0,0.0,1.0,0.0
,5260,1480,123300,36,3425,41,1793,1793,False,41,0.0,49599.2,55026.62,800.0,0.0,2610,41,3.0,8,8,6,3,0.856,9832,0.114,1.1600000000000006,-0.0082090181205225,True,53,4.0,1.0,3.0,0.0,0.0,1.0
,5569,2936,504000,60,8400,3,3546,3546,False,3,1.0,25977.1,20942.59435483871,200.0,0.0,4655,3,1.0,55,26,5,5,0.417,8980,0.111,0.26,-0.0001462143768609,False,27,1.0,4.0,3.0,0.0,1.0,0.0
,7110,10345,31260,12,2605,36,12421,12729,True,36,1.0,13932.4,25084.42366412213,1000.0,0.0,5843,36,3.0,29,19,9,9,0.852,9198,0.131,0.9500000000000002,0.0021050389369553,False,30,2.0,1.0,3.0,0.0,1.0,0.0
,7139,10445,23412,12,1951,72,12542,12850,True,72,1.0,52566.3,54304.50852713178,800.0,0.0,5215,72,4.0,32,50,11,4,0.626,8994,0.11,0.9900000000000002,-0.0020519896339144,True,42,3.0,0.0,3.0,0.0,1.0,0.0
,6791,8926,566640,60,9444,1,10689,10997,True,1,0.0,29900.3,36640.32207792207,200.0,0.0,6955,1,0.0,0,0,1,1,1.0,12541,0.167,0.14,0.0111456629428699,False,26,1.0,4.0,4.0,0.0,1.0,0.0
,5360,2035,176328,36,4898,53,2470,2470,True,53,1.0,36423.3,47164.91871345029,400.0,0.0,-21789,53,6.0,88,33,8,7,0.509,8240,0.099,1.0300000000000002,0.0004911454809982,False,55,4.0,2.0,2.0,0.0,1.0,0.0
,5287,1638,64224,24,2676,6,1985,1985,True,6,1.0,23652.7,45735.83829787234,900.0,0.0,4474,6,1.0,60,23,6,4,0.515,8546,0.126,1.0699999999999994,0.0061567666713697,False,60,5.0,1.0,3.0,0.0,0.0,1.0
,6553,7636,42384,12,3532,40,9148,9456,False,40,0.0,23454.4,48865.98409090909,700.0,0.0,4230,40,3.0,9,16,9,8,0.853,9317,0.097,0.5800000000000001,-0.0006010084453394,False,56,4.0,1.0,3.0,0.0,1.0,0.0
,7072,10148,22104,12,1842,34,12177,12485,False,34,0.0,39312.2,44135.94383561645,700.0,0.0,7323,34,3.0,28,11,5,5,0.877,9675,0.1,1.25,-0.0010619949535277,False,33,2.0,0.0,4.0,0.0,1.0,0.0
,6044,5133,57060,12,4755,68,6196,6196,False,68,1.0,84842.4,46000.645348837206,900.0,0.0,7765,68,4.0,15,40,20,6,0.5720000000000001,9893,0.096,0.6299999999999999,0.0011536041389918,False,55,4.0,2.0,4.0,0.0,0.0,1.0
,5332,1869,37944,36,1054,1,2267,2267,False,1,0.0,72915.1,61295.9691588785,500.0,0.0,3645,1,0.0,0,0,1,1,1.0,12541,0.167,0.14,0.0111456629428699,True,32,2.0,0.0,3.0,0.0,1.0,0.0
,6866,9201,122472,24,5103,69,11021,11329,False,69,0.0,27867.4,48395.94017857144,1000.0,0.0,-33349,69,4.0,4,13,6,3,0.484,8173,0.124,1.0602370158708665,-0.0051739073122651,False,37,2.0,2.0,1.0,0.0,1.0,0.0
,6633,7997,160656,24,6694,10,9572,9880,False,10,0.0,137843.0,52422.49109589042,400.0,0.0,4347,10,1.0,55,29,7,5,0.467,10124,0.141,-0.02,0.0054949828417531,False,27,1.0,3.0,3.0,0.0,1.0,0.0
,6926,9455,374760,60,6246,73,11329,11637,True,73,1.0,45924.3,56102.47410714287,1000.0,0.0,-30508,73,4.0,17,49,14,7,0.564,8746,0.09,0.4100000000000001,0.0004285078587242,False,47,3.0,3.0,1.0,0.0,1.0,0.0
,6442,7082,194160,48,4045,57,8548,8548,False,57,0.0,29713.9,28548.365413533837,900.0,0.0,6945,57,6.0,21,37,23,8,0.48,8720,0.116,0.77,-0.0004816182372772,False,53,4.0,2.0,4.0,0.0,1.0,0.0
,5889,4456,321240,60,5354,14,5376,5376,False,14,1.0,37078.3,76826.46397058823,700.0,0.0,2181,14,5.0,69,27,11,9,0.748,10045,0.135,0.29,-0.0017390227705052,False,28,1.0,2.0,3.0,0.0,1.0,0.0
,5765,3875,153936,24,6414,44,4672,4672,False,44,1.0,100675.4,58031.62727272727,1100.0,0.0,-18123,44,2.0,77,26,9,7,0.53,8254,0.097,0.9699999999999998,0.001505596272939,False,48,3.0,3.0,2.0,0.0,1.0,0.0
,5124,785,156096,36,4336,21,939,939,False,21,1.0,28471.9,51641.833333333336,700.0,0.0,-17976,21,5.0,87,16,8,7,0.67,9104,0.123,0.5599999999999998,0.0005321876784038,False,46,3.0,2.0,2.0,0.0,0.0,1.0
,5491,2545,428784,48,8933,1,3072,3072,True,1,1.0,8707.1,22133.73545454546,1100.0,0.0,3529,1,0.0,0,0,1,1,1.0,12541,0.167,0.14,0.0111456629428699,False,62,5.0,4.0,3.0,0.0,1.0,0.0
,6730,8523,93036,12,7753,54,10209,10517,False,54,0.0,57467.8,53890.64326923077,400.0,0.0,-47340,54,6.0,0,0,1,1,1.0,9897,0.14,0.3599999999999999,-6.450447661067678e-05,False,17,0.0,4.0,0.0,0.0,1.0,0.0
,7151,10493,133800,24,5575,12,12600,12908,False,12,1.0,36126.5,45733.43548387097,300.0,0.0,8646,12,1.0,84,29,7,6,0.58,8754,0.137,0.4799999999999995,0.0005933067581347,False,57,4.0,2.0,4.0,0.0,1.0,0.0
,5140,873,178500,60,2975,73,1051,1051,False,73,0.0,19397.6,21491.790625,1000.0,0.0,4342,73,4.0,17,49,14,7,0.564,8746,0.09,0.4100000000000001,0.0004285078587242,False,26,1.0,1.0,3.0,0.0,1.0,0.0
,7171,10650,196224,48,4088,76,12787,13095,False,76,1.0,80679.6,72465.66956521742,300.0,0.0,-35636,76,4.0,31,32,15,7,0.512,8369,0.107,1.1499999999999997,-0.0072937684993993,False,48,3.0,2.0,1.0,0.0,1.0,0.0
,6568,7713,220440,60,3674,50,9238,9546,False,50,0.0,31401.9,38280.102666666666,600.0,0.0,3900,50,2.0,75,33,5,6,0.52,8187,0.094,0.6200000000000001,0.0001072030718552,False,42,3.0,1.0,3.0,0.0,0.0,1.0
,6861,9179,215040,60,3584,28,10996,11304,False,28,0.0,38003.2,37189.77195121952,1000.0,0.0,-20232,28,7.0,66,26,10,8,0.369,8594,0.112,0.3899999999999997,-0.0007581919190526,False,37,2.0,1.0,2.0,0.0,1.0,0.0
,6855,9153,52236,36,1451,9,10958,11266,True,9,1.0,37433.1,33782.06138613862,600.0,0.0,5856,9,1.0,61,23,6,6,0.5529999999999999,8899,0.149,0.5800000000000001,-0.0061467348544453,False,59,4.0,0.0,3.0,0.0,1.0,0.0
,7129,10404,194280,60,3238,1,12494,12802,False,1,1.0,30638.8,48180.37787610619,300.0,0.0,5293,1,0.0,0,0,1,1,1.0,12541,0.167,0.14,0.0111456629428699,False,29,1.0,1.0,3.0,0.0,1.0,0.0
,5384,2142,23328,12,1944,42,2590,2590,True,42,0.0,27807.9,40311.63703703704,1000.0,0.0,6763,42,2.0,87,25,7,7,0.591,8388,0.087,0.5299999999999998,0.0001042676759777,False,33,2.0,0.0,4.0,0.0,1.0,0.0
,6859,9167,272220,60,4537,56,10978,11286,False,56,0.0,37464.6,39041.91875,500.0,0.0,5855,56,6.0,11,42,15,8,0.46,8772,0.126,0.29,0.002439709481963,False,57,4.0,2.0,3.0,0.0,1.0,0.0
,5772,3906,334620,60,5577,52,4710,4710,True,52,0.0,49944.1,64863.95428571428,1100.0,0.0,-29312,52,2.0,59,41,11,10,0.619,8363,0.108,0.9700000000000002,0.0016905015394354,False,37,2.0,2.0,1.0,0.0,1.0,0.0
,5665,3390,40632,12,3386,12,4099,4099,False,12,0.0,50935.1,48478.59067796608,1100.0,0.0,-15925,12,1.0,84,29,7,6,0.58,8754,0.137,0.4799999999999995,0.0005933067581347,False,53,4.0,1.0,2.0,0.0,0.0,1.0
,6495,7274,49044,12,4087,11,8777,8777,False,11,0.0,25180.7,49296.52272727271,400.0,0.0,5731,11,1.0,35,36,9,7,0.365,9622,0.154,0.1399999999999999,0.0007139363010166,False,45,3.0,2.0,3.0,0.0,1.0,0.0
,5061,440,84288,48,1756,29,530,530,False,29,0.0,39526.2,25727.382352941186,500.0,0.0,6518,29,7.0,52,10,6,6,0.556,8843,0.113,0.7800000000000002,0.0015312595703723,False,40,3.0,0.0,4.0,0.0,1.0,0.0
,6948,9560,157068,36,4363,1,11460,11768,False,1,0.0,38635.4,38742.92380952381,400.0,0.0,4829,1,0.0,0,0,1,1,1.0,12541,0.167,0.14,0.0111456629428699,False,27,1.0,2.0,3.0,0.0,1.0,0.0
,5773,3907,133848,24,5577,37,4712,4712,False,37,0.0,20985.9,42220.02946428572,600.0,0.0,434,37,3.0,71,26,8,9,0.623,9065,0.123,0.9299999999999996,0.0001666578951984,False,38,2.0,2.0,3.0,0.0,1.0,0.0
,6052,5164,22356,36,621,5,6235,6235,False,5,1.0,17213.5,25150.975925925926,6392.0,0.0,4276,5,1.0,65,30,5,6,0.514,9307,0.118,0.5799999999999996,0.0044344042838018,False,58,4.0,0.0,3.0,0.0,1.0,0.0
,6682,8225,36204,12,3017,50,9851,10159,False,50,1.0,2830.7,31916.898260869573,-214.8,1.0,-19623,50,2.0,75,33,5,6,0.52,8187,0.094,0.6200000000000001,0.0001072030718552,False,60,5.0,1.0,2.0,0.0,1.0,0.0
,6083,5305,240528,48,5011,47,6408,6408,False,47,1.0,10421.7,41135.01098901099,600.0,0.0,-30309,47,2.0,83,26,6,6,0.728,9538,0.111,0.3,-0.0041148972813384,False,42,3.0,2.0,1.0,0.0,1.0,0.0
,6962,9646,279072,48,5814,1,11566,11874,True,1,1.0,21498.3,43095.51162790696,300.0,0.0,1023,1,0.0,0,0,1,1,1.0,12541,0.167,0.14,0.0111456629428699,False,29,1.0,3.0,3.0,0.0,0.0,1.0
,5158,1004,188532,36,5237,70,1208,1208,False,70,0.0,22144.8,64193.40472972973,200.0,0.0,1054,70,4.0,0,2,13,7,0.899,10177,0.081,1.12,0.0008059231850084,False,23,1.0,2.0,3.0,0.0,1.0,0.0
,6464,7156,49488,24,2062,71,8636,8636,False,71,0.0,59456.1,50541.553125,300.0,0.0,-14504,71,4.0,5,35,15,10,0.6970000000000001,8678,0.102,-0.3599999999999994,-0.0023879375042641,True,56,4.0,0.0,2.0,0.0,1.0,0.0
,5172,1083,50976,36,1416,45,1300,1300,False,45,1.0,21313.1,28050.29918699187,400.0,0.0,6581,45,2.0,85,19,7,5,0.535,8390,0.132,0.6100000000000003,0.0005390351271224,False,18,0.0,0.0,4.0,0.0,1.0,0.0
,5582,2982,41256,12,3438,19,3601,3601,True,19,1.0,79902.5,63500.406976744176,900.0,0.0,-42450,19,5.0,50,11,4,4,0.527,8402,0.12,0.8500000000000001,0.0019444660496227,True,60,5.0,1.0,0.0,0.0,1.0,0.0
,6136,5572,140880,60,2348,15,6729,6729,False,15,1.0,13759.2,45160.51162790698,800.0,0.0,6557,15,5.0,22,16,8,5,0.519,9045,0.124,0.4700000000000002,0.0005782706306551,False,40,3.0,1.0,4.0,0.0,1.0,0.0
,6235,6062,321360,60,5356,24,7325,7325,False,24,1.0,51923.7,52905.40714285715,700.0,0.0,-29099,24,7.0,25,21,8,8,0.8,8991,0.128,0.6199999999999999,0.0006117305449295,False,23,1.0,2.0,1.0,0.0,1.0,0.0
,6508,7437,110736,48,2307,19,8909,9217,False,19,0.0,34595.1,30696.238181818197,13026.6,0.0,-7469,19,5.0,50,11,4,4,0.527,8402,0.12,0.8500000000000001,0.0019444660496227,False,58,4.0,1.0,2.0,0.0,0.0,1.0
,4968,38,110736,48,2307,19,46,46,False,19,0.0,37416.7,31383.449090909085,13841.0,0.0,-7155,19,5.0,50,11,4,4,0.527,8402,0.12,0.8500000000000001,0.0019444660496227,False,58,4.0,1.0,2.0,0.0,0.0,1.0
,6632,7990,144960,48,3020,9,9564,9872,False,9,0.0,29245.0,64162.669178082186,700.0,0.0,7546,9,1.0,61,23,6,6,0.5529999999999999,8899,0.149,0.5800000000000001,-0.0061467348544453,False,31,2.0,1.0,4.0,0.0,1.0,0.0
,7195,10774,339168,48,7066,46,12938,13246,False,46,0.0,28677.8,28634.139215686275,1000.0,0.0,5104,46,2.0,48,20,10,10,0.735,8369,0.117,0.52,-0.0020938877995546,False,56,4.0,3.0,3.0,0.0,1.0,0.0
,5525,2720,93888,36,2608,2,3284,3284,True,2,1.0,75158.7,69554.29230769232,200.0,0.0,15771,2,1.0,80,26,8,5,0.467,8507,0.132,0.1800000000000001,0.005794068673777,False,62,5.0,1.0,4.0,0.0,0.0,1.0
,6320,6495,104964,12,8747,6,7843,7843,False,6,1.0,32793.3,41026.3314516129,500.0,0.0,8528,6,1.0,60,23,6,4,0.515,8546,0.126,1.0699999999999994,0.0061567666713697,False,32,2.0,4.0,4.0,0.0,1.0,0.0
,6766,8784,74352,24,3098,1,10520,10828,False,1,0.0,52767.8,45497.74206349206,1100.0,0.0,-31799,1,0.0,0,0,1,1,1.0,12541,0.167,0.14,0.0111456629428699,False,40,3.0,1.0,1.0,0.0,1.0,0.0
,6872,9227,191580,60,3193,51,11054,11362,False,51,0.0,17266.7,18241.44,900.0,0.0,3860,51,2.0,37,28,10,11,0.705,8541,0.131,0.4600000000000004,0.0028126973193272,False,32,2.0,1.0,3.0,0.0,1.0,0.0
,5906,4533,81144,36,2254,68,5468,5468,False,68,0.0,90314.9,67815.17450980392,200.0,0.0,10804,68,4.0,15,40,20,6,0.5720000000000001,9893,0.096,0.6299999999999999,0.0011536041389918,False,54,4.0,1.0,4.0,0.0,1.0,0.0
,7172,10652,45720,12,3810,1,12790,13098,False,1,0.0,29123.4,41690.6,700.0,0.0,-25715,1,0.0,0,0,1,1,1.0,12541,0.167,0.14,0.0111456629428699,False,19,0.0,1.0,1.0,0.0,1.0,0.0
,6571,7733,140064,24,5836,19,9261,9569,False,19,0.0,73904.0,66051.94507042253,200.0,0.0,-42350,19,5.0,50,11,4,4,0.527,8402,0.12,0.8500000000000001,0.0019444660496227,False,48,3.0,3.0,0.0,0.0,0.0,1.0
,5616,3143,130896,24,5454,38,3800,3800,True,38,0.0,43648.0,31685.09911504425,300.0,0.0,5593,38,3.0,41,23,6,4,0.598,8965,0.104,1.1500000000000004,0.0019685039370078,False,44,3.0,2.0,3.0,0.0,1.0,0.0
,6312,6453,10944,36,304,34,7787,7787,False,34,1.0,29034.9,22935.07212121212,300.0,0.0,3569,34,3.0,28,11,5,5,0.877,9675,0.1,1.25,-0.0010619949535277,False,47,3.0,0.0,3.0,0.0,1.0,0.0
,6470,7181,49872,12,4156,77,8667,8667,False,77,0.0,76514.2,50265.36186046512,600.0,0.0,8787,77,4.0,8,35,15,4,0.535,8909,0.113,1.5499999999999998,0.0008751556767309,False,31,2.0,2.0,4.0,1.0,0.0,0.0
,5147,938,22260,60,371,70,1130,1130,False,70,0.0,31277.6,23066.61333333333,700.0,0.0,6255,70,4.0,0,2,13,7,0.899,10177,0.081,1.12,0.0008059231850084,False,57,4.0,0.0,3.0,0.0,1.0,0.0
,5501,2622,136344,24,5681,1,3163,3163,True,1,0.0,39847.5,31673.896923076925,300.0,0.0,7618,1,0.0,0,0,1,1,1.0,12541,0.167,0.14,0.0111456629428699,False,34,2.0,2.0,4.0,0.0,1.0,0.0
,6436,7049,495180,60,8253,69,8506,8506,False,69,0.0,34235.5,44813.422580645165,600.0,0.0,-42144,69,4.0,4,13,6,3,0.484,8173,0.124,1.0602370158708665,-0.0051739073122651,False,18,0.0,4.0,0.0,0.0,1.0,0.0
,5699,3562,174960,24,7290,50,4299,4299,False,50,0.0,71242.6,58926.4111888112,1000.0,0.0,3097,50,2.0,75,33,5,6,0.52,8187,0.094,0.6200000000000001,0.0001072030718552,False,21,1.0,3.0,3.0,0.0,1.0,0.0
,5313,1776,43200,24,1800,36,2153,2153,False,36,0.0,37619.2,36159.70555555556,400.0,0.0,6616,36,3.0,29,19,9,9,0.852,9198,0.131,0.9500000000000002,0.0021050389369553,False,49,3.0,0.0,4.0,0.0,1.0,0.0
,6234,6061,5148,12,429,1,7324,7324,False,1,0.0,49297.2,43197.28125,1000.0,0.0,8999,1,0.0,0,0,1,1,1.0,12541,0.167,0.14,0.0111456629428699,False,35,2.0,0.0,4.0,0.0,1.0,0.0
,6569,7721,45456,12,3788,13,9247,9555,False,13,0.0,57100.5,39247.3875,1000.0,0.0,-18572,13,1.0,61,22,2,2,0.413,8598,0.123,0.4899999999999997,0.0051556907327386,False,51,4.0,1.0,2.0,0.0,1.0,0.0
,7202,10812,140688,48,2931,16,12982,13290,True,16,1.0,38199.7,54575.39882352942,300.0,0.0,1899,16,5.0,74,21,11,8,0.569,8427,0.107,0.4199999999999999,0.0004151983903077,False,57,4.0,1.0,3.0,0.0,1.0,0.0
,5683,3460,140688,48,2931,16,4182,4182,True,16,1.0,26863.5,57514.34705882353,300.0,0.0,2066,16,5.0,74,21,11,8,0.569,8427,0.107,0.4199999999999999,0.0004151983903077,False,57,4.0,1.0,3.0,0.0,1.0,0.0
,5034,303,112752,36,3132,71,370,370,False,71,0.0,48916.6,44659.649612403104,900.0,0.0,5335,71,4.0,5,35,15,10,0.6970000000000001,8678,0.102,-0.3599999999999994,-0.0023879375042641,False,42,3.0,1.0,3.0,0.0,1.0,0.0
,5435,2279,314688,48,6556,2,2759,2759,False,2,1.0,43140.7,53094.364485981314,600.0,0.0,-40173,2,1.0,80,26,8,5,0.467,8507,0.132,0.1800000000000001,0.005794068673777,True,24,1.0,3.0,0.0,0.0,0.0,1.0
,5815,4116,151200,36,4200,6,4956,4956,False,6,1.0,59126.9,66345.6825,1000.0,0.0,11002,6,1.0,60,23,6,4,0.515,8546,0.126,1.0699999999999994,0.0061567666713697,False,52,4.0,2.0,4.0,0.0,1.0,0.0
,5589,3005,390000,48,8125,42,3629,3629,False,42,1.0,23199.6,48798.69772727273,600.0,0.0,3937,42,2.0,87,25,7,7,0.591,8388,0.087,0.5299999999999998,0.0001042676759777,False,50,4.0,4.0,3.0,1.0,0.0,0.0
,6746,8639,185640,60,3094,46,10346,10654,False,46,0.0,21519.2,29159.44181818182,400.0,0.0,-15481,46,2.0,48,20,10,10,0.735,8369,0.117,0.52,-0.0020938877995546,False,36,2.0,1.0,2.0,0.0,1.0,0.0
,6790,8919,76104,24,3171,62,10679,10987,True,62,0.0,27476.0,20237.19259259259,1000.0,0.0,3944,62,6.0,22,41,15,5,0.407,8544,0.109,0.5700000000000001,0.0012835648783702,False,37,2.0,1.0,3.0,0.0,1.0,0.0
,6857,9159,69600,48,1450,64,10966,11274,True,64,1.0,71208.5,40349.88486238533,700.0,0.0,10362,64,6.0,29,41,12,10,0.747,9624,0.145,0.71,-0.001111116748436,False,29,1.0,0.0,4.0,0.0,1.0,0.0
,6450,7099,234336,48,4882,1,8568,8568,False,1,0.0,66284.9,42818.50295857989,1000.0,0.0,-19238,1,0.0,0,0,1,1,1.0,12541,0.167,0.14,0.0111456629428699,False,27,1.0,2.0,2.0,0.0,1.0,0.0
,7221,10915,152460,60,2541,25,13109,13417,False,25,0.0,9641.6,20874.116101694926,600.0,0.0,-6972,25,7.0,60,33,5,10,0.617,8554,0.113,0.2099999999999999,0.004461619928569,False,47,3.0,1.0,2.0,0.0,0.0,1.0
,5527,2728,156420,60,2607,52,3294,3294,False,52,1.0,22039.7,49909.155555555575,400.0,0.0,8382,52,2.0,59,41,11,10,0.619,8363,0.108,0.9700000000000002,0.0016905015394354,False,41,3.0,1.0,4.0,0.0,0.0,1.0
,5620,3161,30012,12,2501,48,3822,3822,False,48,1.0,94720.3,46609.34854368932,700.0,0.0,4305,48,2.0,50,24,9,9,0.59,9060,0.124,0.6599999999999999,0.0007852574251155,False,45,3.0,1.0,3.0,0.0,1.0,0.0
,6215,5944,78720,48,1640,27,7186,7186,False,27,0.0,66220.2,45921.198591549306,1000.0,0.0,7976,27,7.0,71,19,10,7,0.4379999999999999,8561,0.11,0.64,0.0014562096941959,False,54,4.0,0.0,4.0,0.0,1.0,0.0
,7167,10644,269964,36,7499,16,12781,13089,False,16,0.0,66463.8,61366.869333333336,400.0,0.0,-35834,16,5.0,74,21,11,8,0.569,8427,0.107,0.4199999999999999,0.0004151983903077,True,19,0.0,3.0,1.0,0.0,1.0,0.0
,5823,4144,212976,36,5916,1,4993,4993,True,1,0.0,53222.2,49635.71543624161,1100.0,0.0,9580,1,0.0,0,0,1,1,1.0,12541,0.167,0.14,0.0111456629428699,False,25,1.0,3.0,4.0,0.0,1.0,0.0
,6207,5912,184620,60,3077,45,7150,7150,False,45,0.0,39023.4,34785.53451327434,1100.0,0.0,-10971,45,2.0,85,19,7,5,0.535,8390,0.132,0.6100000000000003,0.0005390351271224,False,35,2.0,1.0,2.0,0.0,1.0,0.0
,6932,9491,225504,48,4698,7,11375,11683,False,7,1.0,98236.7,57411.60828729282,800.0,0.0,-37146,7,1.0,38,28,4,6,0.634,9920,0.13,0.6100000000000003,0.0058801794668778,True,18,0.0,2.0,0.0,0.0,0.0,1.0
,5669,3403,71820,36,1995,63,4114,4114,False,63,1.0,42629.7,54293.5924050633,700.0,0.0,3279,63,6.0,38,36,6,5,0.505,8288,0.11,0.7299999999999995,-0.0011790135586559,False,34,2.0,0.0,3.0,0.0,1.0,0.0
,5154,993,108720,60,1812,6,1197,1197,False,6,0.0,41338.5,50883.196875,1000.0,0.0,2066,6,1.0,60,23,6,4,0.515,8546,0.126,1.0699999999999994,0.0061567666713697,False,32,2.0,0.0,3.0,0.0,1.0,0.0
,7168,10645,208332,36,5787,2,12782,13090,False,2,0.0,27297.3,64087.07016129033,500.0,0.0,-46364,2,1.0,80,26,8,5,0.467,8507,0.132,0.1800000000000001,0.005794068673777,False,18,0.0,3.0,0.0,0.0,1.0,0.0
,5585,2988,88608,12,7384,66,3608,3608,True,66,1.0,28833.5,51249.12985074627,900.0,0.0,1373,66,6.0,151,41,5,5,0.483,8512,0.102,0.6100000000000003,-0.0011443829868395,False,51,4.0,3.0,3.0,1.0,0.0,0.0
,7200,10799,31140,60,519,76,12968,13276,False,76,1.0,36627.3,28375.804,800.0,0.0,3329,76,4.0,31,32,15,7,0.512,8369,0.107,1.1499999999999997,-0.0072937684993993,False,21,1.0,0.0,3.0,0.0,1.0,0.0
,6539,7559,12792,12,1066,56,9054,9362,False,56,0.0,38120.5,28534.93717948718,900.0,0.0,5366,56,6.0,11,42,15,8,0.46,8772,0.126,0.29,0.002439709481963,False,25,1.0,0.0,3.0,0.0,1.0,0.0
,5774,3916,96984,36,2694,8,4722,4722,False,8,1.0,13446.7,21298.779999999995,800.0,0.0,-7961,8,1.0,95,19,8,8,0.6940000000000001,11277,0.127,0.1899999999999999,-0.0017132913933877,False,26,1.0,1.0,2.0,0.0,1.0,0.0
,6357,6706,64860,60,1081,38,8096,8096,False,38,0.0,54222.1,44890.03333333333,200.0,0.0,5409,38,3.0,41,23,6,4,0.598,8965,0.104,1.1500000000000004,0.0019685039370078,False,19,0.0,0.0,3.0,0.0,1.0,0.0
,5042,330,331584,48,6908,42,403,403,True,42,0.0,55494.8,42007.366336633655,400.0,0.0,2774,42,2.0,87,25,7,7,0.591,8388,0.087,0.5299999999999998,0.0001042676759777,False,25,1.0,3.0,3.0,0.0,1.0,0.0
,5015,226,109344,12,9112,70,272,272,False,70,0.0,66657.0,48376.25806451612,1000.0,0.0,10748,70,4.0,0,2,13,7,0.899,10177,0.081,1.12,0.0008059231850084,True,54,4.0,4.0,4.0,0.0,1.0,0.0
,5354,2000,290820,60,4847,5,2430,2430,False,5,1.0,53388.9,44617.080952380944,900.0,0.0,6701,5,1.0,65,30,5,6,0.514,9307,0.118,0.5799999999999996,0.0044344042838018,False,61,5.0,2.0,4.0,0.0,1.0,0.0
,6054,5180,58764,12,4897,54,6255,6255,True,54,0.0,55172.0,32543.264705882357,700.0,0.0,3245,54,6.0,0,0,1,1,1.0,9897,0.14,0.3599999999999999,-6.450447661067678e-05,False,53,4.0,2.0,3.0,0.0,1.0,0.0
,7295,11328,280440,60,4674,54,13616,13924,False,54,0.0,31303.2,38619.10283018868,1000.0,0.0,1490,54,6.0,0,0,1,1,1.0,9897,0.14,0.3599999999999999,-6.450447661067678e-05,False,46,3.0,2.0,3.0,0.0,1.0,0.0
,5365,2055,271260,60,4521,37,2494,2494,False,37,1.0,11584.9,14873.37808219178,700.0,0.0,5334,37,3.0,71,26,8,9,0.623,9065,0.123,0.9299999999999996,0.0001666578951984,False,28,1.0,2.0,3.0,0.0,1.0,0.0
,6755,8713,170700,60,2845,53,10438,10746,False,53,1.0,27372.9,28620.3978021978,400.0,0.0,-16943,53,6.0,88,33,8,7,0.509,8240,0.099,1.0300000000000002,0.0004911454809982,False,27,1.0,1.0,2.0,0.0,1.0,0.0
,5991,4858,335184,48,6983,67,5866,5866,False,67,0.0,16401.1,38710.01136363636,-6652.7,1.0,-43861,67,4.0,38,25,8,6,0.631,8110,0.109,0.7800000000000002,-0.0015558111905255,False,20,1.0,3.0,0.0,0.0,1.0,0.0
,7035,10005,210744,36,5854,64,12000,12308,False,64,1.0,31772.1,51175.19230769232,200.0,0.0,-30968,64,6.0,29,41,12,10,0.747,9624,0.145,0.71,-0.001111116748436,False,20,1.0,3.0,1.0,0.0,1.0,0.0
,5893,4467,86184,36,2394,17,5389,5389,False,17,1.0,28804.1,28459.645238095247,300.0,0.0,-10781,17,5.0,99,15,6,7,0.614,8114,0.119,0.2400000000000002,0.0024033917528557,False,30,2.0,1.0,2.0,0.0,0.0,1.0
,7164,10613,249792,48,5204,55,12743,13051,False,55,1.0,70038.5,58128.03111111111,700.0,0.0,-27343,55,6.0,49,70,18,9,0.3389999999999999,8743,0.111,0.5500000000000003,0.0014964149717909,False,34,2.0,2.0,1.0,0.0,1.0,0.0
,5304,1718,172272,24,7178,71,2083,2083,False,71,1.0,72563.9,61146.52363636364,300.0,0.0,-33439,71,4.0,5,35,15,10,0.6970000000000001,8678,0.102,-0.3599999999999994,-0.0023879375042641,False,55,4.0,3.0,1.0,0.0,1.0,0.0
,5561,2910,437460,60,7291,68,3517,3517,False,68,0.0,34015.2,48935.435849056616,900.0,0.0,-37504,68,4.0,15,40,20,6,0.5720000000000001,9893,0.096,0.6299999999999999,0.0011536041389918,False,45,3.0,3.0,0.0,0.0,1.0,0.0
,5520,2699,231168,48,4816,73,3257,3257,False,73,0.0,45405.1,54598.838888888895,300.0,0.0,-42692,73,4.0,17,49,14,7,0.564,8746,0.09,0.4100000000000001,0.0004285078587242,True,20,1.0,2.0,0.0,0.0,1.0,0.0
,5241,1389,125472,24,5228,34,1681,1681,False,34,1.0,17273.4,48989.18247422681,800.0,0.0,6723,34,3.0,28,11,5,5,0.877,9675,0.1,1.25,-0.0010619949535277,False,58,4.0,2.0,4.0,0.0,1.0,0.0
,7096,10257,37812,12,3151,27,12308,12616,False,27,0.0,67407.8,54062.079230769225,900.0,0.0,16154,27,7.0,71,19,10,7,0.4379999999999999,8561,0.11,0.64,0.0014562096941959,False,34,2.0,1.0,4.0,0.0,1.0,0.0
,6078,5283,170832,48,3559,15,6383,6383,False,15,1.0,52125.4,65037.92923076924,700.0,0.0,-35249,15,5.0,22,16,8,5,0.519,9045,0.124,0.4700000000000002,0.0005782706306551,False,29,1.0,1.0,1.0,0.0,1.0,0.0
,5046,349,42816,12,3568,72,426,426,True,72,1.0,18696.6,17076.756470588236,1100.0,0.0,4353,72,4.0,32,50,11,4,0.626,8994,0.11,0.9900000000000002,-0.0020519896339144,False,61,5.0,1.0,3.0,0.0,1.0,0.0
,5334,1876,209040,24,8710,1,2277,2277,False,1,1.0,57504.2,44982.42272727273,900.0,0.0,6572,1,0.0,0,0,1,1,1.0,12541,0.167,0.14,0.0111456629428699,False,19,0.0,4.0,4.0,0.0,1.0,0.0
,6969,9673,88200,36,2450,76,11598,11906,True,76,1.0,56477.5,37386.856043956046,1100.0,0.0,-9786,76,4.0,31,32,15,7,0.512,8369,0.107,1.1499999999999997,-0.0072937684993993,False,54,4.0,1.0,2.0,0.0,1.0,0.0
,6821,9037,321936,48,6707,1,10822,11130,True,1,0.0,62516.8,32014.60280898876,400.0,0.0,8547,1,0.0,0,0,1,1,1.0,12541,0.167,0.14,0.0111456629428699,False,37,2.0,3.0,4.0,0.0,1.0,0.0
,5760,3862,74916,36,2081,1,4656,4656,False,1,1.0,43455.2,56133.6526627219,600.0,0.0,10731,1,0.0,0,0,1,1,1.0,12541,0.167,0.14,0.0111456629428699,False,56,4.0,0.0,4.0,0.0,1.0,0.0
,5614,3137,253560,60,4226,39,3793,3793,False,39,0.0,36718.7,39822.71111111111,900.0,0.0,-24266,39,3.0,17,4,5,4,0.899,10446,0.09,2.0600000000000005,-0.0017014888027023,False,47,3.0,2.0,1.0,0.0,1.0,0.0
,7091,10243,113436,36,3151,44,12291,12599,False,44,1.0,110482.6,68510.41730769232,200.0,0.0,8498,44,2.0,77,26,9,7,0.53,8254,0.097,0.9699999999999998,0.001505596272939,False,43,3.0,1.0,4.0,0.0,1.0,0.0
,5698,3556,174840,60,2914,58,4291,4291,False,58,0.0,27706.0,34822.46896551725,1100.0,0.0,-13079,58,6.0,98,16,7,4,0.636,8757,0.096,0.5700000000000003,0.0023725770400498,False,47,3.0,1.0,2.0,0.0,1.0,0.0
,5169,1068,253200,60,4220,52,1282,1282,False,52,1.0,48603.2,34086.20895522388,1000.0,0.0,8911,52,2.0,59,41,11,10,0.619,8363,0.108,0.9700000000000002,0.0016905015394354,False,62,5.0,2.0,4.0,0.0,1.0,0.0
,7294,11327,39168,24,1632,7,13615,13923,False,7,0.0,62119.2,55438.85185185187,300.0,0.0,7661,7,1.0,38,28,4,6,0.634,9920,0.13,0.6100000000000003,0.0058801794668778,False,20,1.0,0.0,4.0,0.0,1.0,0.0
,5318,1808,385584,48,8033,28,2190,2190,True,28,1.0,18109.0,69656.36923076924,400.0,0.0,1065,28,7.0,66,26,10,8,0.369,8594,0.112,0.3899999999999997,-0.0007581919190526,False,24,1.0,4.0,3.0,0.0,1.0,0.0
,5368,2073,44640,24,1860,59,2514,2514,False,59,1.0,39246.8,41154.27910447762,600.0,0.0,2803,59,6.0,41,29,9,6,0.621,8444,0.106,0.2299999999999999,-0.0026637029144583,False,42,3.0,0.0,3.0,0.0,1.0,0.0
,6923,9433,44640,24,1860,59,11301,11609,False,59,1.0,38043.6,41961.44925373135,600.0,0.0,2717,59,6.0,41,29,9,6,0.621,8444,0.106,0.2299999999999999,-0.0026637029144583,False,42,3.0,0.0,3.0,0.0,1.0,0.0
,5463,2413,17952,12,1496,33,2915,2915,False,33,0.0,31076.0,28597.88620689655,500.0,0.0,6349,33,3.0,24,17,10,11,0.847,8705,0.116,1.8600000000000003,0.0015623014419519,False,45,3.0,0.0,4.0,0.0,1.0,0.0
,5265,1498,165780,60,2763,62,1816,1816,False,62,1.0,43363.9,45342.20442477876,413.3,0.0,2168,62,6.0,22,41,15,5,0.407,8544,0.109,0.5700000000000001,0.0012835648783702,False,47,3.0,1.0,3.0,0.0,0.0,1.0
,6321,6505,38496,12,3208,7,7855,7855,False,7,0.0,92223.4,42732.3361111111,800.0,0.0,7094,7,1.0,38,28,4,6,0.634,9920,0.13,0.6100000000000003,0.0058801794668778,True,35,2.0,1.0,4.0,0.0,1.0,0.0
,5226,1318,185544,36,5154,56,1594,1594,False,56,1.0,13694.4,27729.91714285715,200.0,0.0,3807,56,6.0,11,42,15,8,0.46,8772,0.126,0.29,0.002439709481963,False,59,4.0,2.0,3.0,0.0,1.0,0.0
,6868,9208,82128,24,3422,29,11029,11337,False,29,1.0,37167.7,33221.211570247935,871.3,0.0,-20154,29,7.0,52,10,6,6,0.556,8843,0.113,0.7800000000000002,0.0015312595703723,False,30,2.0,1.0,2.0,0.0,1.0,0.0
,4967,37,318480,60,5308,20,45,45,False,20,1.0,16367.8,39953.97068965517,-1011.2,1.0,5453,20,5.0,94,14,4,4,0.584,8547,0.12,0.9900000000000002,-0.000297256744897,False,46,3.0,2.0,3.0,0.0,1.0,0.0
,5293,1656,189792,48,3954,47,2008,2008,False,47,1.0,37600.4,34760.228906250006,500.0,0.0,-14401,47,2.0,83,26,6,6,0.728,9538,0.111,0.3,-0.0041148972813384,False,58,4.0,2.0,2.0,0.0,1.0,0.0
,5865,4354,327660,60,5461,38,5245,5245,False,38,0.0,59536.5,49281.73888888889,1000.0,0.0,12563,38,3.0,41,23,6,4,0.598,8965,0.104,1.1500000000000004,0.0019685039370078,False,57,4.0,2.0,4.0,0.0,1.0,0.0
,5841,4268,41988,12,3499,77,5143,5143,True,77,1.0,57965.7,37122.396124031,200.0,0.0,7506,77,4.0,8,35,15,4,0.535,8909,0.113,1.5499999999999998,0.0008751556767309,False,26,1.0,1.0,4.0,0.0,1.0,0.0
,5526,2725,69624,36,1934,52,3291,3291,False,52,1.0,49870.2,49145.707586206896,1100.0,0.0,5539,52,2.0,59,41,11,10,0.619,8363,0.108,0.9700000000000002,0.0016905015394354,True,52,4.0,0.0,3.0,0.0,1.0,0.0
,6852,9140,16032,48,334,32,10944,11252,False,32,0.0,30634.0,23124.206611570247,500.0,0.0,8272,32,3.0,32,19,9,10,0.81,9272,0.118,0.4200000000000004,0.0015705610234346,False,33,2.0,0.0,4.0,0.0,1.0,0.0
,6469,7180,99744,24,4156,7,8666,8666,False,7,0.0,71878.9,40126.96862745097,700.0,0.0,-15103,7,1.0,38,28,4,6,0.634,9920,0.13,0.6100000000000003,0.0058801794668778,False,27,1.0,2.0,2.0,0.0,0.0,1.0
,6168,5698,99216,36,2756,1,6892,6892,True,1,0.0,30810.9,57018.617441860486,300.0,0.0,8126,1,0.0,0,0,1,1,1.0,12541,0.167,0.14,0.0111456629428699,False,48,3.0,1.0,4.0,0.0,1.0,0.0
,7292,11317,317460,60,5291,50,13604,13912,False,50,1.0,76508.5,64978.0724137931,700.0,0.0,9962,50,2.0,75,33,5,6,0.52,8187,0.094,0.6200000000000001,0.0001072030718552,False,23,1.0,2.0,4.0,0.0,1.0,0.0
,5036,309,91248,48,1901,14,376,376,False,14,0.0,14866.7,30173.12424242425,900.0,0.0,782,14,5.0,69,27,11,9,0.748,10045,0.135,0.29,-0.0017390227705052,False,26,1.0,0.0,3.0,0.0,1.0,0.0
,5644,3293,276084,36,7669,1,3984,3984,False,1,0.0,57631.4,58466.19366197185,1100.0,0.0,-42429,1,0.0,0,0,1,1,1.0,12541,0.167,0.14,0.0111456629428699,True,35,2.0,4.0,0.0,0.0,1.0,0.0
,6856,9156,163332,36,4537,18,10963,11271,False,18,1.0,17621.0,29463.690909090907,600.0,0.0,1174,18,5.0,60,13,3,4,0.653,8968,0.131,0.52,0.0024045601776545,False,61,5.0,2.0,3.0,0.0,1.0,0.0
,5428,2262,230220,36,6395,13,2739,2739,False,13,1.0,94156.9,64923.162745098045,200.0,0.0,2157,13,1.0,61,22,2,2,0.413,8598,0.123,0.4899999999999997,0.0051556907327386,True,49,3.0,3.0,3.0,0.0,1.0,0.0
,5027,276,160920,36,4470,38,333,333,False,38,1.0,48339.6,51649.398305084746,700.0,0.0,-21990,38,3.0,41,23,6,4,0.598,8965,0.104,1.1500000000000004,0.0019685039370078,True,27,1.0,2.0,2.0,0.0,1.0,0.0
,4989,105,352704,48,7348,21,127,127,False,21,0.0,30175.3,30797.4875,800.0,0.0,1775,21,5.0,87,16,8,7,0.67,9104,0.123,0.5599999999999998,0.0005321876784038,True,48,3.0,3.0,3.0,0.0,1.0,0.0
,5221,1284,52512,12,4376,55,1554,1554,False,55,1.0,41050.0,59684.29885057472,1000.0,0.0,2413,55,6.0,49,70,18,9,0.3389999999999999,8743,0.111,0.5500000000000003,0.0014964149717909,False,54,4.0,2.0,3.0,0.0,1.0,0.0
,6402,6922,139488,24,5812,3,8356,8356,False,3,1.0,47956.3,46755.30576923078,1100.0,0.0,-33263,3,1.0,55,26,5,5,0.417,8980,0.111,0.26,-0.0001462143768609,False,29,1.0,3.0,1.0,0.0,0.0,1.0
,5346,1928,55632,24,2318,70,2342,2342,False,70,1.0,38463.8,29645.320175438595,500.0,0.0,-13067,70,4.0,0,2,13,7,0.899,10177,0.081,1.12,0.0008059231850084,False,50,4.0,1.0,2.0,0.0,1.0,0.0
,6748,8645,240900,60,4015,60,10354,10662,False,60,0.0,19813.8,26268.19,700.0,0.0,7542,60,6.0,49,41,5,4,0.519,8441,0.115,1.0300000000000002,0.0033712028777238,False,49,3.0,2.0,4.0,0.0,1.0,0.0
